vessel_id,mmsi,vessel_name,latitude,longitude,start_distance_from_port_km,end_distance_from_port_km,start_distance_from_shore_km,end_distance_from_shore_km,start,end,event_type,label
865331d91-1c0d-82d9-6175-9f0786eef67a,354446000,PETROBRAS-47,-22.345,-40.1949,0.0,0.0,90.0,91.0,2012-10-31T23:42:34.000Z,2026-02-16T05:04:32.000Z,loitering,1
f10f3628a-a32f-a990-2f47-615761302052,311048800,CIDADE DE ILHABELA,-25.6361,-43.2021,7.847938,0.0,275.0,280.0,2014-09-23T03:39:27.000Z,2026-09-07T23:17:36.000Z,loitering,1
e0df12806-69b2-e230-4777-6a450d6a7afa,309275000,ESPIRITO SANTO,-21.2084,-39.7438,1.036627,1.036627,97.0,97.0,2015-07-02T09:29:37.000Z,2024-06-04T16:59:55.000Z,loitering,1
afaf1afb6-64b2-fa7e-c4e7-93155c249c46,311076500,CIDADE D MANGARATIBA,-25.203,-42.8786,0.0,0.0,238.0,238.0,2015-10-02T00:26:27.000Z,2025-10-24T00:55:27.000Z,loitering,1
461eed817-7b26-855d-a2ea-39d8a3d2e4bc,308626000,CIDADE DE ANCHIETA,-21.3392,-40.0588,0.0,0.0,81.0,81.0,2015-10-02T00:39:47.000Z,2026-08-22T03:47:19.000Z,loitering,1
9fe2e19cd-d074-c73e-d9fd-1318e1ba0b83,636014487,PAZFLOR,-7.5928,12.1103,1.5656690000000002,1.5656690000000002,89.0,89.0,2015-11-05T07:30:41.000Z,2026-09-07T23:53:34.000Z,loitering,1
46ecf8c13-39c7-1c21-1232-fbdf59ee4fc7,538003076,PETROBRAS-XVIII,-22.4283,-40.0287,0.0,0.0,110.0,110.0,2016-02-23T03:06:32.000Z,2024-09-03T11:18:32.000Z,loitering,1
48b7a9ff0-0b1a-8ceb-e9ee-b4f02aee525b,636012580,FPSO RAROA,-39.9719,173.2993,110.846477,110.846477,67.0,67.0,2016-03-29T20:28:29.000Z,2026-09-07T23:59:04.000Z,loitering,1
900a81231-1752-29d7-6ab8-7927113d607e,354894000,PETROBRAS 48,-22.6629,-40.2395,0.0,0.0,107.0,107.0,2016-05-23T21:33:33.000Z,2024-10-17T22:30:12.000Z,loitering,1
967798af2-2768-4221-1639-b5173c6f8034,309864000,FPSO FRADE,-21.8836,-39.8584,0.0,1.111949,116.0,116.0,2016-11-11T12:18:28.000Z,2026-05-11T23:58:03.000Z,loitering,1
6d2fecc04-41ac-1267-c944-9a6c4ec40519,538001311,ARMADA OLOMBENDO,-6.0332,11.3736,22.194028999999997,14.112597,91.0,97.0,2016-12-11T10:57:01.000Z,2026-09-07T23:59:13.000Z,loitering,1
db4188eeb-b70f-3d91-57b3-2d1908fb7998,533130355,MALIKAI,6.3483,115.105,32.519023000000004,32.519023000000004,54.0,54.0,2017-04-11T14:14:59.000Z,2026-09-07T23:06:46.000Z,loitering,1
29bfa635e-e3a6-d2c4-1c8d-580d13ac52fd,232763000,SCOTT PLATFORM,58.2874,0.1986,0.0,0.0,141.0,141.0,2017-08-07T20:21:48.000Z,2024-01-18T23:58:12.000Z,loitering,1
1d92d421a-abd2-5b5f-9471-97157dfce006,232011190,FPF1,56.8161,2.1263,9.037796,15.071042,248.0,247.0,2017-09-12T12:47:06.000Z,2026-07-09T13:38:39.000Z,loitering,1
d77fbdca5-54d8-e3d3-daa8-7034815fe11a,257459000,ASKEPOTT,60.5317,2.4398,6.747187,1.6421430000000001,103.0,147.0,2017-12-16T09:48:50.000Z,2026-09-07T23:59:25.000Z,loitering,1
d5af4a1c8-82b0-0ff1-7506-33c1620a3a16,636008364,PETROBRAS XX,-22.3589,-40.0888,0.0,0.0,101.0,101.0,2018-01-07T11:59:49.000Z,2024-08-30T12:04:53.000Z,loitering,1
17aeb83bf-f41e-09a6-93ac-e84c0897a7eb,356055000,FPSO KWAME NKRUMAH,4.5977,-2.8899,0.0,0.0,48.0,48.0,2018-03-26T05:27:24.000Z,2026-09-07T23:00:13.000Z,loitering,1
eec06f8d7-7d86-8c27-24ca-10b57803f26a,311000289,FPSO MV 29,-22.9623,-40.7362,2.448203,3.2667550000000003,105.0,104.0,2018-05-09T19:56:42.000Z,2026-09-07T23:22:26.000Z,loitering,1
a9602434b-b8bb-782e-dc32-42a977b1f35b,257161000,ALVHEIM FPSO,59.5668,1.9964,0.0,0.0,164.0,164.0,2018-06-24T01:25:15.000Z,2025-11-28T06:38:31.000Z,loitering,1
640960a1d-d3c2-d192-1872-306a0aa0cebe,533130543,FSO MEKAR BERGADING,7.0983,103.4758,174.523875,172.398078,150.0,151.0,2018-07-01T00:17:20.000Z,2026-09-07T23:34:35.000Z,loitering,1
d44f40d7f-fd30-d9fa-daf0-3698da871792,351281000,PETROBRAS 26,-22.4659,-40.0242,0.0,1.5140429999999998,112.0,112.0,2018-08-06T13:46:53.000Z,2024-11-04T20:59:43.000Z,loitering,1
f39eee4cf-f660-c2b0-1dfb-f15ffb0c47d5,355866000,CIDADE DE SAQUAREMA,-25.4901,-42.7805,0.0,0.0,272.0,272.0,2018-09-26T09:58:48.000Z,2026-09-07T23:02:54.000Z,loitering,1
32495a049-95e6-83d9-3afc-72d2c1f52141,538001903,PLATAFORMA VIII,-22.6728,-40.5464,0.0,0.0,87.0,87.0,2018-11-27T16:31:28.000Z,2026-09-07T23:48:18.000Z,loitering,1
f9107080e-e2db-ec1f-5be8-fd4f0d0be5d4,257452000,ASKELADDEN,61.0894,2.139,9.685289000000001,3.487225,138.0,127.0,2019-01-09T00:12:15.000Z,2026-09-07T23:59:08.000Z,loitering,1
181460aa4-4037-8613-549e-24d8f6da6f5d,354819000,PETROBRAS-09,-22.5734,-40.5271,0.0,0.0,79.0,79.0,2019-01-28T02:49:40.000Z,2026-07-24T12:59:14.000Z,loitering,1
6f0aa6fd6-6e50-bdca-5d5a-1219dba6b071,273353030,PRIRAZLOMNAYA,69.266,57.2859,59.218074,59.218074,50.0,50.0,2019-03-03T13:18:37.000Z,2024-09-07T22:30:30.000Z,loitering,1
b3db9e8bf-fa90-8b56-53c8-f8fcec8b2112,311000254,PROF.JOHN EVANS A M,4.5885,-3.1372,0.0,0.0,55.0,55.0,2019-04-24T11:59:17.000Z,2024-12-29T07:32:54.000Z,loitering,1
144c2f487-76a0-69a7-7481-6b62900a066a,311000320,FPSO MV27,-25.5172,-43.4657,2.995463,2.995463,250.0,250.0,2019-04-25T04:01:06.000Z,2026-09-07T23:05:23.000Z,loitering,1
69f40684c-c77c-fe76-2016-7a4093238d0b,232006164,CULZEAN PLATFORM,57.1902,1.9081,0.0,0.0,224.0,224.0,2019-05-18T17:00:44.000Z,2026-09-07T23:03:04.000Z,loitering,1
55213b885-54a6-179c-1c43-055a6e7b2683,525001102,AIS CIPALA,-4.6672,106.6309,64.212625,64.212625,80.0,80.0,2019-05-29T08:51:14.000Z,2024-06-25T23:42:07.000Z,loitering,1
4dc61d2b8-814e-9597-a7ad-f8e37bf6fb4d,311000132,PETROJARL 1,-24.125,-41.8875,62.444086000000006,62.444086000000006,125.0,125.0,2019-08-28T10:04:25.000Z,2025-01-19T11:45:19.000Z,loitering,1
1135a7b3d-d23a-4774-df1b-771965bc67fb,311000248,LIZA DESTINY,8.0194,-57.1322,167.18265599999998,185.574188,154.0,175.0,2019-08-31T06:55:02.000Z,2024-07-28T23:26:09.000Z,loitering,1
6a6997cf9-97a4-9ee2-0da8-ebba7e449047,503000059,ICHTHYS VENTURER,-13.9653,123.3148,10.065572,10.065572,170.0,170.0,2019-10-30T06:16:08.000Z,2026-09-07T23:59:03.000Z,loitering,1
bc772011f-f20f-b63c-a971-6b1924c5aa2a,538003496,PETROBRAS 57,-21.2391,-40.0475,0.0,0.0,74.0,74.0,2019-11-28T22:20:00.000Z,2024-07-24T16:12:50.000Z,loitering,1
2b40dd2be-e34a-549f-e6a3-7fe171528d5a,657161000,EGINA FPSO,3.0503,6.6973,16.663672,16.663672,142.0,142.0,2019-12-24T23:59:55.000Z,2026-07-18T23:59:35.000Z,loitering,1
dd31fb8e6-648b-e74b-2c5a-fc951d9a205b,354903000,PETROBRAS-43,-22.5501,-40.2594,0.0,0.0,97.0,97.0,2020-01-26T00:03:41.000Z,2026-09-07T23:49:59.000Z,loitering,1
d2ce168ae-ec7f-a803-280c-855797f52935,538005509,PETROBRAS 67,-25.3287,-42.6923,1.005045,1.005045,255.0,255.0,2020-01-31T16:31:28.000Z,2025-03-29T09:59:29.000Z,loitering,1
4eadc3923-389f-e58b-7793-0f116744641b,232011493,MARINER B,59.6083,1.0763,2.791996,2.791996,131.0,131.0,2020-03-01T17:32:44.000Z,2025-07-13T09:59:02.000Z,loitering,1
12136bf85-569b-d2cb-2f0a-a9bb1159a676,308419000,FPSO SERPENTINA,3.8022,8.0771,0.0,0.0,56.0,56.0,2020-03-06T08:58:59.000Z,2026-04-20T02:58:22.000Z,loitering,1
074384c93-37f8-521e-4499-820ef5fa7f8c,259058000,ASGARD B,65.1101,6.7898,6.4546790000000005,6.4546790000000005,159.0,159.0,2020-07-03T12:57:40.000Z,2026-09-07T22:42:23.000Z,loitering,1
936156e7c-cda7-0469-8059-212ce95b6b80,538008638,ABIGAIL JOSEPH,3.9333,5.892,45.976086,44.238633,43.0,44.0,2020-07-23T15:48:34.000Z,2026-09-07T22:30:24.000Z,loitering,1
ff691d3ab-bc69-b5e6-1cce-e29711884b4b,657210000,AGBAMI FPSO,3.4627,5.5606,2.223899,2.223899,105.0,105.0,2020-07-25T07:26:42.000Z,2026-09-07T23:59:27.000Z,loitering,1
6579d0d3a-a8df-0632-82e5-b6b30645e5ef,367550980,BIG FOOT,26.9317,-90.5183,0.0,0.0,235.0,235.0,2020-08-27T23:51:49.000Z,2024-10-09T04:57:34.000Z,loitering,1
092b33ef5-58eb-29c7-7233-d1179d137b56,367341450,ENCHILADA/SHELL RIG,27.8759,-91.9846,1.111949,1.4841099999999998,165.0,165.0,2020-08-29T18:00:06.000Z,2026-02-04T18:58:59.000Z,loitering,1
c0be20d83-3fbe-43be-7bf1-324f601ed485,366048300,HOLSTEIN,27.3208,-90.5354,0.987919,0.987919,192.0,192.0,2020-08-31T22:06:14.000Z,2025-01-23T09:59:26.000Z,loitering,1
e237721a9-90ad-10a1-ded7-dacf614827f1,311000019,FPSO C.D ITAGUAI,-25.1399,-42.9442,0.0,0.0,231.0,231.0,2020-09-15T08:01:10.000Z,2025-03-06T09:57:59.000Z,loitering,1
48a250ddf-fa6d-945d-6e94-8a4a5a0fd890,309776000,N'GOMA FPSO,-6.1395,11.0306,0.0,0.0,134.0,134.0,2020-10-08T07:56:46.000Z,2026-09-07T23:33:39.000Z,loitering,1
56b8391ba-aa0b-0e94-f987-b1acc66cab8a,367178330,AUGER TLP,27.5457,-92.4434,0.0,0.0,220.0,220.0,2020-12-07T04:17:31.000Z,2026-09-07T23:57:51.000Z,loitering,1
2fff5e07f-f2e0-0abe-6d8c-0ee42f96d3ca,259067000,KRISTIN,64.9933,6.55,11.148394,11.148394,156.0,156.0,2020-12-16T12:42:14.000Z,2026-09-07T21:58:30.000Z,loitering,1
7012d9e55-5470-f177-f479-3d7608fac4e3,470903000,TOTAL ABU AL BUKHOOS,25.4949,53.146,1.0037129999999999,1.0037129999999999,45.0,45.0,2020-12-20T06:51:07.000Z,2025-05-03T13:40:12.000Z,loitering,1
1a9f3bc09-97b1-9ddf-169c-0d8b0a87cdcb,352857000,CIDADE DE MARICA,-25.4478,-42.753,0.0,0.0,268.0,268.0,2020-12-28T05:49:39.000Z,2026-04-25T10:01:59.000Z,loitering,1
84f737cba-aef2-632a-4661-069fae8aa02b,306239000,BLEO HOLM,58.1004,-1.4418,27.292146,27.292146,55.0,55.0,2021-01-26T02:07:02.000Z,2025-07-13T10:57:18.000Z,loitering,1
0fe0302a0-0cb9-2d7c-519d-93b0a7ae2fa5,636018032,PETROBRAS 74,-24.6487,-42.5144,0.0,0.0,186.0,186.0,2021-01-28T20:17:01.000Z,2024-08-27T16:59:17.000Z,loitering,1
488a93530-0b3e-64a9-ce36-a458c2d29f6f,636018174,PETROBRAS 77,-24.6354,-42.4117,2.307125,2.307125,185.0,185.0,2021-01-28T22:19:35.000Z,2026-06-26T23:59:57.000Z,loitering,1
dc7b2ddf6-676e-bd84-e621-3a01633e4260,657126200,BONGA FPSO,4.5575,4.6163,0.0,0.0,100.0,100.0,2021-02-03T11:43:46.000Z,2026-09-07T23:47:59.000Z,loitering,1
91bdf4410-04b1-3214-1ebc-9959b08ade0c,356058000,NINGALOO VISION,-21.4019,114.0864,1.035287,0.0,39.0,38.0,2021-02-21T01:59:23.000Z,2024-02-22T12:59:26.000Z,loitering,1
57daa6645-52e3-46d9-aaee-a49584c4cf13,636017687,PETROBRAS 70,-24.9511,-42.4679,2.441785,2.441785,219.0,219.0,2021-02-24T16:11:58.000Z,2025-03-26T08:44:25.000Z,loitering,1
ffb2ef842-28a7-792d-e740-6548f08cdaa9,352916000,TAMARA TOKONI,5.3879,4.5914,25.848139,25.848139,65.0,65.0,2021-03-17T10:37:28.000Z,2025-06-14T22:02:58.000Z,loitering,1
3e1c55fd0-0597-4e9f-4c50-60c895c7c685,710120300,PEREGRINO C,-23.3977,-41.4085,17.7085,17.7085,74.0,74.0,2021-04-24T19:49:17.000Z,2026-09-07T23:58:31.000Z,loitering,1
26e732aa4-4eb7-3d8c-2b03-4d8b37090ad8,309817000,GIMBOA,-7.5411,12.1141,0.0,7.407426,81.0,92.0,2021-04-28T11:03:43.000Z,2024-12-31T19:00:41.000Z,loitering,1
25f994d08-827e-fa6f-ce93-55553d713a0b,311001017,FPSO BRAVO,-23.134,-41.0736,1.510627,1.111949,84.0,83.0,2021-04-29T20:15:11.000Z,2026-09-07T23:31:00.000Z,loitering,1
839b74c46-6c88-4db0-c103-0e94f2e893e1,259644000,JORUNN KNUTSEN/ASG C,65.1306,6.8647,10.1765,10.484268,159.0,158.0,2021-05-16T11:02:10.000Z,2025-08-14T20:59:34.000Z,loitering,1
d44d7275e-e7f2-4338-44fc-36256765641e,574128296,DK1/18,8.0967,110.5567,303.480656,303.480656,317.0,317.0,2021-06-05T09:12:22.000Z,2024-05-13T06:59:41.000Z,loitering,1
82f54790a-a7e3-8132-0fe3-4110a21d92b2,574128294,DKI/16,8.0758,110.4677,313.064,313.064,314.0,314.0,2021-06-21T22:55:58.000Z,2025-03-09T23:59:46.000Z,loitering,1
d46cb9bad-d940-93bc-51ac-048c403f1948,657830000,USAN FPSO,3.5734,7.3933,1.5710039999999998,1.5710039999999998,93.0,93.0,2021-06-23T16:34:42.000Z,2024-11-16T09:05:04.000Z,loitering,1
1cccffb94-431e-2153-c6bb-c86072ddd11c,636015383,NOBLE BOB DOUGLAS,8.1746,-56.9453,195.075188,209.683578,185.0,199.0,2021-06-27T08:59:44.000Z,2024-01-12T17:59:35.000Z,loitering,1
da49e3973-3bdf-2596-4313-e9051c96e572,636018033,PETROBRAS 75,-24.7881,-42.5093,2.018968,2.018968,201.0,201.0,2021-07-03T10:05:33.000Z,2024-11-07T18:00:13.000Z,loitering,1
0ce876397-7a57-51db-2cd7-d6923d395a96,311000768,FPSO CARIOCA MV30,-25.2098,-42.5703,6.035961,5.151025,243.0,247.0,2021-07-06T01:48:19.000Z,2026-09-07T23:59:08.000Z,loitering,1
b595376a3-33c6-d9ac-4c18-d1e8ceaa1adc,311050100,FPSO CDSAOPAULO MV23,-25.7983,-43.2627,0.0,0.0,287.0,287.0,2021-07-16T19:52:28.000Z,2024-02-23T04:51:10.000Z,loitering,1
389b9d945-54aa-4595-8623-12a63977b3a5,413378520,HY1-1,28.965,125.0867,247.05390599999998,247.05390599999998,258.0,258.0,2021-07-18T19:14:07.000Z,2026-09-07T23:42:28.000Z,loitering,1
78fcdb9d4-4998-33d7-ad56-81a193013d7c,574128291,DKI/12,7.4853,109.6214,414.630344,414.630344,340.0,340.0,2021-07-28T01:50:39.000Z,2025-09-09T23:59:03.000Z,loitering,1
2ccc9fd30-0f00-f92a-2f6d-6889a396bacb,636017704,PETROBRAS 68,-25.0219,-42.6673,2.301557,2.301557,222.0,222.0,2021-08-28T05:26:57.000Z,2026-09-07T20:59:03.000Z,loitering,1
052da88d0-0151-2e29-0345-db666a0604f7,369494392,MAD DOG,27.1885,-90.2689,0.0,0.0,207.0,207.0,2021-09-01T18:00:15.000Z,2026-09-07T23:57:00.000Z,loitering,1
35d708601-1754-33dc-7315-b2241852fc2d,366047800,THUNDERHORSE PDQ,28.19,-88.4954,0.0,0.0,109.0,109.0,2021-09-04T16:21:50.000Z,2026-09-02T23:59:13.000Z,loitering,1
c52789e90-0c8e-b7f8-8a86-8f16ed9fbb92,370823000,PIONEIRO DE LIBRA,-24.5583,-42.1468,6.0567470000000005,11.226314,174.0,170.0,2021-09-25T23:48:09.000Z,2026-09-07T23:17:00.000Z,loitering,1
5cf65300e-e801-4917-d5c1-ffcac2227332,368166560,ARGOS PLATFORM,27.1635,-90.371,11.755672,10.138546,211.0,209.0,2021-10-10T18:55:05.000Z,2024-08-03T22:59:36.000Z,loitering,1
40ed84802-2dad-f19c-de9c-b86f70d3cfec,257828000,INSPIRER,57.8147,4.5346,1.111949,1.111949,105.0,105.0,2021-10-28T21:37:11.000Z,2026-09-07T23:58:00.000Z,loitering,1
b2b9773c5-5d2b-1483-594e-8a4501cc458f,362276000,CASSIA C,9.92,-60.5296,38.32632,38.32632,57.0,57.0,2021-11-02T18:18:26.000Z,2024-06-26T22:56:17.000Z,loitering,1
50f7fa640-0042-4753-6387-bad02d5bdeea,309669000,NKOSSA II,-5.2475,11.5789,0.0,0.0,53.0,53.0,2021-11-10T04:00:50.000Z,2026-05-10T16:24:21.000Z,loitering,1
f1c3209d6-6085-b18f-17e8-4f8d88e2154e,210288000,HAVEN,55.7203,4.841,2.911029,3.841455,205.0,203.0,2021-11-10T05:56:41.000Z,2024-06-30T14:54:40.000Z,loitering,1
d84ecc00a-ae6c-fff1-d455-f9727439fa6d,413284360,BZ34-1CEPA,38.1408,119.5274,0.0,0.0,51.0,51.0,2021-11-22T14:50:23.000Z,2026-06-21T02:58:14.000Z,loitering,1
1a0ffa1bd-d115-249e-3836-99643538ecea,413288720,SZ36-1CEP,39.9552,120.8067,1.400979,1.400979,41.0,41.0,2021-11-24T18:57:45.000Z,2024-11-22T10:51:35.000Z,loitering,1
2cca383d1-1c55-42ab-60c3-618ddecd43ec,224000000,ISLA DE ALBORAN,35.9374,-3.0354,72.957477,72.957477,55.0,55.0,2021-11-24T21:34:10.000Z,2024-02-15T07:06:10.000Z,loitering,1
137d5d475-52be-caf8-23d6-c33cc2d6c5be,311000563,WESTERN ISLES,61.2115,0.7761,28.584514,26.733639,92.0,95.0,2021-11-25T18:24:40.000Z,2024-07-17T04:50:04.000Z,loitering,1
6865cbe46-6258-8f7e-2a59-ba087480d912,413300030,HAI YANG SHI YOU117,38.3926,120.0809,2.388625,2.388625,55.0,55.0,2021-11-27T04:48:49.000Z,2026-09-07T23:08:26.000Z,loitering,1
96a165a2f-f155-23e0-3ba0-c195d6cbe866,412301830,LD10-1CEP PLATFORM,39.7989,120.6122,0.0,0.0,47.0,47.0,2021-11-28T14:21:41.000Z,2026-09-07T23:44:46.000Z,loitering,1
dc68d74a0-0321-b580-2b6d-5a94ffc6cec4,412464880,XJ30-2DPP,21.2706,114.9753,100.707258,100.707258,112.0,112.0,2021-11-28T19:34:29.000Z,2024-07-04T07:10:15.000Z,loitering,1
74351b845-54a6-0ffd-24b0-943da1393e2c,413277550,BZ34-9CEPA PLATFORM,37.9986,119.6479,13.078195,13.078195,56.0,56.0,2021-11-28T20:30:32.000Z,2024-07-22T02:59:53.000Z,loitering,1
dbee5ea4e-ed9d-919d-8eae-ca9df974e032,245849000,PLATFORM J6A,53.823,2.9436,82.172688,82.172688,143.0,143.0,2021-11-28T22:10:35.000Z,2024-09-23T13:42:18.000Z,loitering,1
30cc1e2f9-9c83-f2d4-9c12-940cc3416222,413274550,PL19-3WHPC,38.3691,120.116,2.067867,2.067867,51.0,51.0,2021-11-29T06:45:10.000Z,2024-08-24T12:08:09.000Z,loitering,1
00625aaa7-7c5d-6838-f0ff-1849e4ddf098,413301170,LV DA 27-2,39.2497,120.4187,61.625008,61.625008,58.0,58.0,2021-11-29T07:54:09.000Z,2024-02-02T02:17:53.000Z,loitering,1
c608ad761-13d3-5016-926b-e7b9cb3f0857,219438000,SIRI PLATFORM,56.4822,4.9104,59.987559000000005,59.987559000000005,197.0,197.0,2021-11-29T14:14:16.000Z,2026-01-01T05:38:12.000Z,loitering,1
c3b929b70-0a2e-4931-5b96-fcd4c36532c5,219440000,SOUTH ARNE,56.0784,4.2284,0.0,0.0,241.0,241.0,2021-11-29T14:16:32.000Z,2026-05-04T19:22:57.000Z,loitering,1
2a3a2fc11-1bbf-6237-ae50-8b56a7e3be9a,563086300,BW PIONEER,26.6963,-90.5086,25.59408,25.59408,261.0,261.0,2021-11-29T15:04:02.000Z,2025-04-14T14:31:51.000Z,loitering,1
ad90a2455-5b14-7c46-fd1d-02372e3eb176,261526000,LOTOS PETROBALTIC,55.4004,18.7211,69.22082,69.22082,67.0,67.0,2021-11-29T15:12:38.000Z,2025-04-14T15:12:27.000Z,loitering,1
a46f61c7a-a25f-112f-c81d-cce789945038,566806000,PTSC BIEN DONG 01,8.0499,108.9079,316.23375,316.23375,249.0,249.0,2021-11-29T15:19:00.000Z,2026-05-04T12:53:10.000Z,loitering,1
7723aa557-7669-4d4b-a699-bd7b1c50f52d,538003426,FSO ASIA,26.5879,52.0339,0.994341,0.994341,86.0,86.0,2021-11-29T20:28:03.000Z,2024-04-25T11:59:15.000Z,loitering,1
e5a67f262-2037-0140-343f-fe08478d40e4,413274560,PL25-6WHPF,38.3177,120.141,6.671696,6.671696,47.0,47.0,2021-11-30T04:19:13.000Z,2024-08-23T23:59:41.000Z,loitering,1
8e04ab8a0-0f20-358f-03cd-dd9f87a294e7,503000101,PRELUDE,-13.7843,123.3207,7.783645000000001,7.783645000000001,171.0,171.0,2021-12-05T08:33:38.000Z,2026-09-07T23:59:04.000Z,loitering,1
afcde9c60-0485-f534-ed56-b87d818b5aa2,413277560,BZ35-2CEPAPLATFORM,38.072,119.7745,0.0,0.0,57.0,57.0,2021-12-09T03:09:57.000Z,2025-05-06T11:27:41.000Z,loitering,1
b80c5d3f2-26c3-01ac-0239-e9100eb7593a,413277570,BZ35-2WHPBPLATFORM,38.0715,119.8244,0.0,0.0,55.0,55.0,2021-12-11T16:55:12.000Z,2024-12-17T01:50:09.000Z,loitering,1
f104a2b50-0762-3fe8-711e-7b9d7444bdfb,413274460,PL19-3WHPE,38.4038,120.1026,1.412771,1.412771,55.0,55.0,2021-12-19T09:08:27.000Z,2024-10-18T23:02:16.000Z,loitering,1
aba9cfb1c-c5a9-7ade-f76d-17d36dd0db55,413282830,BZ13-1WHPB,38.5505,119.0653,0.869616,0.869616,42.0,42.0,2021-12-24T11:29:43.000Z,2024-06-22T08:09:08.000Z,loitering,1
f853f74cc-c940-678c-4bd7-1b79c9eac532,413283930,BZ282SCEP,38.213,119.5542,0.0,0.0,56.0,56.0,2021-12-30T12:39:19.000Z,2024-10-30T01:00:57.000Z,loitering,1
c65c32c29-9745-6e6a-98f7-0d6d3dd07908,413277540,BZ29-4WHPCTLATFORM,38.1332,119.7263,7.534083,7.534083,64.0,64.0,2021-12-30T13:16:02.000Z,2026-09-07T23:59:57.000Z,loitering,1
579b91eea-aef5-decc-b763-a4d6c6cce4c8,311000797,LIZA UNITY,8.0098,-56.9143,191.86193799999998,191.86193799999998,181.0,181.0,2022-01-06T08:22:33.000Z,2026-09-07T23:51:36.000Z,loitering,1
3298a00b2-2aaa-5c2f-a28f-e84f6ffb8c2e,338193276,OLYMPUS TLP,28.1598,-89.2391,0.0,0.0,87.0,87.0,2022-01-15T21:40:14.000Z,2025-08-10T23:57:47.000Z,loitering,1
144e35ec2-2f21-3dcb-4df6-f29f1d5a5125,563122454,TEPM YADANA,15.122,94.7821,231.016391,231.016391,69.0,69.0,2022-01-16T02:23:45.000Z,2025-08-09T23:59:02.000Z,loitering,1
1dc1679d5-5f45-7ee0-b0ad-a140718ff631,422036200,BEHSHAD,15.8633,41.175,143.366578,143.44223399999998,47.0,46.0,2022-01-18T08:59:51.000Z,2024-01-04T11:57:25.000Z,loitering,1
26d423c24-43e0-f33a-aeb1-7c181a3dab50,538005508,PETROBRAS 66,-25.6018,-42.8205,0.0,0.0,283.0,283.0,2022-01-30T07:22:27.000Z,2026-09-07T23:18:24.000Z,loitering,1
ba7ee06a4-4f14-59ad-4b14-353a1b63b781,308384000,FSO CIDADE DE MACAE,-22.1564,-40.1473,0.0,0.0,89.0,88.0,2022-02-17T20:33:39.000Z,2026-07-09T17:57:58.000Z,loitering,1
3b1a61e3b-bf03-9a94-5e2d-de4125e020f7,311075500,FPSO PEREGRINO,-23.3181,-41.258,0.0,0.0,82.0,82.0,2022-02-18T01:55:12.000Z,2025-06-27T05:56:17.000Z,loitering,1
898ed510d-de3a-a7b9-38e8-a8a3799b4cf2,657384000,FPSO AKPO,3.1391,6.8221,0.0,0.0,133.0,133.0,2022-02-18T14:05:13.000Z,2024-05-31T14:58:16.000Z,loitering,1
4498271d1-1240-8d0c-88dd-b26d334fff9a,413290970,SZ36-1CEPK,39.9279,120.7958,2.5580249999999998,1.7053500000000001,42.0,43.0,2022-02-26T21:39:35.000Z,2024-07-07T11:00:03.000Z,loitering,1
e4cff9443-3ae1-c479-805c-3c8644f4ccda,412300960,SZ36-1A,39.9271,120.7972,1.7053500000000001,1.7053500000000001,43.0,43.0,2022-03-10T08:55:38.000Z,2024-12-06T07:05:31.000Z,loitering,1
381af4fce-efbf-78c0-759a-cc61590ce615,308297000,CAPIXABA,-21.2451,-39.9499,0.0,2.3521840000000003,82.0,84.0,2022-03-11T21:38:46.000Z,2024-04-01T14:11:51.000Z,loitering,1
e19945eb3-3c9f-f08f-8d10-a8597d382b86,413277580,KL10-4WHPA PLATFORM,37.7029,119.5867,0.0,0.0,42.0,42.0,2022-03-15T03:08:57.000Z,2024-11-19T01:39:19.000Z,loitering,1
f4403f04f-fb1a-3705-b6eb-15c146a26e17,261000160,PETROBALTIC,55.4004,18.7234,69.22082,69.22082,67.0,67.0,2022-03-17T15:56:28.000Z,2025-04-17T13:31:00.000Z,loitering,1
7057d5cf3-37bc-0c5e-fa22-d07f7b69212f,538004962,EARNEST DEES,28.4992,49.3417,3.476071,3.476071,76.0,76.0,2022-03-21T12:59:02.000Z,2024-03-31T12:59:10.000Z,loitering,1
1df730762-2f27-20a4-222d-a0bad57db185,412301820,LD5-2DPP,39.9427,120.7836,3.587145,3.587145,41.0,41.0,2022-03-21T14:14:07.000Z,2024-09-04T02:22:03.000Z,loitering,1
9569a65f2-20cb-bf1f-2098-ce84a61e44d9,311000245,FPSO GUANABARA MV31,-24.5822,-42.2557,5.650917000000001,5.650917000000001,176.0,176.0,2022-03-25T07:41:41.000Z,2026-09-07T23:16:27.000Z,loitering,1
03386ca3f-fde2-7b48-5acb-5d1b3f6b2c28,413296320,LD6-2CEPA,39.8837,120.9735,10.906357,10.906357,41.0,41.0,2022-03-25T10:32:32.000Z,2026-09-07T23:47:57.000Z,loitering,1
fc4660176-64c4-8e7e-a9f8-22e1cc5e1d27,603500187,KIZOMBA FPSO B,-6.3533,11.1517,1.5677249999999998,1.5677249999999998,126.0,126.0,2022-03-26T09:01:23.000Z,2026-09-07T23:37:13.000Z,loitering,1
989e5b729-9aa4-0450-023a-7148b5f1018a,642122000,FARWAH,33.8494,12.032,0.0,0.0,86.0,86.0,2022-04-03T22:18:05.000Z,2025-02-10T23:02:30.000Z,loitering,1
19e8c4076-6589-aa57-e5d9-9c294822e679,413277650,LD16-3WHPB,39.5217,120.5146,30.681893,30.681893,61.0,61.0,2022-04-07T11:36:51.000Z,2024-11-28T01:24:16.000Z,loitering,1
8443c1e07-793d-cf02-b789-2c3d4f601da0,574000123,DK-I/19,7.7865,110.4502,332.901844,332.901844,341.0,341.0,2022-04-09T13:57:11.000Z,2026-09-07T23:26:42.000Z,loitering,1
f229087d8-8780-4511-b379-06d1056efdc0,412303350,SZ36-1CEPO,39.966,120.8277,0.8521770000000001,0.8521770000000001,42.0,42.0,2022-04-12T21:04:49.000Z,2024-06-17T03:59:59.000Z,loitering,1
c4ea73056-6481-4e99-6dbe-fe382cd7d977,413274440,PL193CEPB PLATFORM,38.3913,120.1141,0.0,0.0,53.0,53.0,2022-04-18T06:50:43.000Z,2024-11-14T00:45:14.000Z,loitering,1
bb45f31d8-8051-1dec-1938-524f0062d24a,414505000,PL19-3WHPG,38.3693,120.0813,0.871789,0.871789,54.0,54.0,2022-05-12T02:33:07.000Z,2024-11-06T00:51:06.000Z,loitering,1
48455a068-867a-9960-0f4f-a75337d01a0d,257095000,LINUS,56.3863,3.2731,3.335848,1.2316559999999999,275.0,277.0,2022-05-15T00:47:29.000Z,2024-05-11T09:58:18.000Z,loitering,1
5ac0daca4-4e35-98df-4b4f-2959917d4b64,367101870,MARS TLP,28.169,-89.2223,0.0,0.0,86.0,86.0,2022-05-16T16:40:12.000Z,2026-04-24T06:58:54.000Z,loitering,1
9738dd77a-a97d-7387-4576-2b38a08c334d,533150076,FSO GOLDEN STAR,8.3785,108.6891,272.590719,272.590719,217.0,217.0,2022-05-20T10:37:14.000Z,2025-02-18T00:59:02.000Z,loitering,1
89b19d1a5-591b-1783-03c7-75fa1912305a,574161151,DAI HUNG 01,8.4887,108.6774,262.720594,262.720594,214.0,214.0,2022-05-20T11:30:41.000Z,2024-06-09T03:15:02.000Z,loitering,1
cfdbdc423-3a78-1a10-2c4c-e2b20f3abce8,413269890,LD4-2WHPC,39.8889,120.7204,8.815607,8.815607,42.0,42.0,2022-05-23T08:26:49.000Z,2024-01-15T04:07:10.000Z,loitering,1
53ea7c4be-eb9d-2696-2ad6-a70032dfaf5b,457383000,GOLDEN PALM,17.2148,39.7899,182.051547,180.958359,82.0,81.0,2022-05-25T09:57:13.000Z,2024-04-04T06:55:22.000Z,loitering,1
dc6f15f85-52db-0944-7cb2-b9f0109d5163,538005678,ENSCO-DS10,4.5159,4.599,7.862179,4.000447,104.0,104.0,2022-05-27T23:59:33.000Z,2024-04-24T15:59:24.000Z,loitering,1
d1d3d7344-4cef-c7df-62a8-4f82ddd6ab8a,538003607,SEAFOX BURJ,26.6309,51.9373,2.9829209999999997,0.0,80.0,84.0,2022-06-06T07:59:33.000Z,2024-08-25T19:07:20.000Z,loitering,1
9e23edae3-3ad4-7116-9e46-14c947f2a717,356616000,ORIENTAL PHOENIX,29.3001,48.9907,23.852896,9.786157,75.0,44.0,2022-06-11T03:55:00.000Z,2024-01-30T23:59:41.000Z,loitering,1
f6e7fc1e6-67c7-5a98-41ee-00c5a2c6dcb1,311000270,KAOMBO NORTE,-7.2349,11.286,34.571137,33.866309,154.0,154.0,2022-06-12T16:20:22.000Z,2026-07-22T20:59:58.000Z,loitering,1
b38256bd5-5b3b-b841-8b87-46b3272104c6,636016146,ENSCO 110,26.6734,52.0045,5.984783999999999,6.745246,89.0,90.0,2022-06-21T12:59:19.000Z,2024-08-28T12:14:09.000Z,loitering,1
74f1a24df-f4a2-0468-74d8-9c46d7687dfc,413274480,PL25-6WHPL PLATFORM,38.3435,120.1371,4.447797,4.447797,48.0,48.0,2022-07-04T02:08:36.000Z,2026-09-07T23:27:11.000Z,loitering,1
b846bec96-6ebf-a303-6eed-ca243059f287,232102000,CLYDE ALPHA PLATFORM,56.4518,2.287,30.419668,30.419668,264.0,264.0,2022-07-05T15:24:19.000Z,2026-05-04T20:59:45.000Z,loitering,1
85c8cb487-7cd3-1040-de8f-a4713c7f712b,538004773,BOB PALMER,28.1668,49.9822,0.98024,0.98024,52.0,52.0,2022-07-06T04:58:51.000Z,2024-02-13T06:58:52.000Z,loitering,1
874dc56c4-4802-5888-f11e-e27238376443,257093000,NJORD BRAVO,64.2593,7.2659,4.457625,2.413657,72.0,74.0,2022-07-15T23:58:52.000Z,2026-09-07T23:59:28.000Z,loitering,1
864407591-1d60-39e1-4e81-30ea44a135e1,234567899,SUPREME,24.8132,53.6564,1.501911,0.0,46.0,58.0,2022-07-26T03:23:46.000Z,2024-02-10T06:34:52.000Z,loitering,1
b2ddc0ea1-1534-89c5-75d8-6f84a6053398,311000143,TURRITELLA,26.4291,-90.814,0.0,0.0,290.0,290.0,2022-08-02T04:44:08.000Z,2025-02-27T23:59:18.000Z,loitering,1
52be41853-36f0-6fe1-6c21-25263ebc3b57,538002370,PETROBRAS 53,-22.4235,-39.9588,0.0,0.0,116.0,116.0,2022-08-03T15:53:04.000Z,2026-09-07T23:57:27.000Z,loitering,1
46aea5a5b-bb08-9638-272d-818307e8fb27,355626000,PATHUMABAHA FSO2,8.0667,102.3367,208.38175,208.38175,96.0,96.0,2022-08-09T15:13:28.000Z,2024-04-04T04:44:47.000Z,loitering,1
907fe93d6-6247-e461-a67b-308ba73e5dea,413283850,BZ34-2/4WHPB,38.1181,119.5495,0.0,0.0,52.0,52.0,2022-08-11T10:06:35.000Z,2024-11-13T03:23:00.000Z,loitering,1
d66c5737e-e1df-2715-0fc9-b4683b9d64cc,367063220,URSA TLP,28.1537,-89.1024,0.0,0.0,91.0,91.0,2022-08-13T16:48:37.000Z,2026-09-07T23:51:49.000Z,loitering,1
d824d661e-e33e-10d9-320b-257be37146f7,366101000,VITO FPU,28.0701,-89.2439,6.804024999999999,14.751841,91.0,101.0,2022-08-21T00:47:34.000Z,2026-09-07T23:20:36.000Z,loitering,1
7f0a30567-7145-cd70-9b89-24476aedff19,351175000,QMS ACHIEVER,26.6017,51.9901,1.111949,2.278364,84.0,83.0,2022-08-21T05:59:05.000Z,2025-04-28T11:59:45.000Z,loitering,1
0874cfef5-5846-57f0-e5b2-2c466d1e02bc,566391000,COSLINNOVATOR,57.9233,-0.903,4.601443000000001,5.3204899999999995,70.0,60.0,2022-08-25T16:58:13.000Z,2024-02-01T13:49:48.000Z,loitering,1
ed2ea4606-66a1-23d2-bb4d-a86d5942cc47,311062000,HELIX PRODUCER 1,27.7309,-91.1049,5.940396,5.338979,147.0,148.0,2022-09-04T15:52:42.000Z,2024-04-23T05:48:45.000Z,loitering,1
c35b1a7de-e7b4-df0a-54b6-a1f4354ffc3e,369494396,NA KIKA FPDS,28.52,-88.2883,8.949127,8.949127,98.0,98.0,2022-09-27T15:38:41.000Z,2024-02-09T09:59:47.000Z,loitering,1
a82238cf7-7044-1e37-f2a9-f08073dd60b6,563085600,BW ADOLO,-4.2471,10.8173,39.737987999999994,39.737987999999994,49.0,49.0,2022-09-29T16:22:17.000Z,2025-12-07T14:24:47.000Z,loitering,1
46f1627bd-dc7c-ad67-9746-f80f6f13439d,576831000,HIBISCUS ALPHA,-4.1392,10.6209,38.387715,45.578061999999996,56.0,56.0,2022-10-03T10:21:05.000Z,2024-05-20T16:32:24.000Z,loitering,1
38375c9ba-ad07-0f77-796e-ef0cec37fed9,413298220,JX1-1CEPA,39.9773,121.0586,3.584775,3.584775,40.0,40.0,2022-10-03T22:23:32.000Z,2024-07-11T09:05:15.000Z,loitering,1
2f98a0868-8b6b-e52e-c0c9-e52fd76d6852,366054900,STAMPEDE TLP,27.5091,-90.556,3.335848,3.335848,171.0,171.0,2022-10-05T17:03:11.000Z,2024-09-23T23:59:25.000Z,loitering,1
620f7684e-efc2-ea8d-3f96-16b4f482f5ec,412379960,LS361,27.1495,121.9008,58.148766,58.148766,85.0,85.0,2022-10-06T07:58:16.000Z,2025-02-01T18:57:01.000Z,loitering,1
046fcd12f-fc36-ae8e-1d84-2cbf834be56b,636015376,NOBLE MICK OBRIEN,26.1696,52.2456,15.694872,15.852905,57.0,56.0,2022-10-07T10:59:04.000Z,2025-06-18T10:25:42.000Z,loitering,1
aba0f0936-6f08-ddbb-dcb3-b807a653f58a,3791472,LUCIUS SPAR,26.1319,-92.0404,0.0,0.0,342.0,342.0,2022-10-19T14:42:25.000Z,2024-02-14T18:53:13.000Z,loitering,1
6f91a41ee-e671-f34d-27b8-2ff79460156a,566489000,ARMADA KRAKEN,59.925,1.2925,39.078871,40.124117,126.0,125.0,2022-10-19T20:59:47.000Z,2026-09-07T23:56:58.000Z,loitering,1
c6c50a44e-e3c7-f191-ef43-b9eca7ec680c,3660489,NEPTUNE,27.3701,-89.9243,17.209342,17.209342,179.0,179.0,2022-10-20T13:57:14.000Z,2026-01-16T06:08:53.000Z,loitering,1
14c1392ba-ac3b-b8aa-6495-9d41017359d1,636017688,PETROBRAS 71,-24.7805,-42.7354,26.271178,23.245672,195.0,195.0,2022-10-20T20:59:54.000Z,2026-09-07T22:45:28.000Z,loitering,1
acb3401d4-4fa5-47f6-10a0-8849d25adf02,636021593,ADMARINE 680,28.4263,49.2716,0.978032,0.977755,67.0,67.0,2022-11-01T03:56:31.000Z,2024-07-05T12:59:20.000Z,loitering,1
2f2f27483-388c-7369-7e0f-178f6390d2d2,538005360,OCEAN BLACKRHINO,13.6986,-17.6025,88.632727,88.33479700000001,95.0,88.0,2022-11-07T01:59:29.000Z,2024-08-25T17:59:14.000Z,loitering,1
744924d73-3522-5882-bc62-e2f00956024c,538003160,BOB KELLER,28.4156,49.678,1.480779,0.978032,79.0,77.0,2022-11-08T18:21:22.000Z,2024-04-07T10:59:02.000Z,loitering,1
d6d406b1f-f3b6-d07f-2e1b-da470d7c207c,413283450,BZ34-2/4CEPA,38.1201,119.4917,0.0,0.0,47.0,47.0,2022-11-09T18:53:28.000Z,2024-05-11T13:55:04.000Z,loitering,1
60be17fd7-7731-72f3-781a-7c9b4d9af1b2,636007757,FSO KAKAP NATUNA,5.0242,105.9512,136.75925,136.75925,179.0,179.0,2022-11-16T03:13:49.000Z,2026-09-07T23:55:21.000Z,loitering,1
2db4afc9f-fe7c-087b-425d-01c926df9f69,306483000,HAEWENE BRIM,57.1609,2.2935,0.0,0.0,247.0,247.0,2022-11-18T22:53:07.000Z,2026-02-01T18:52:07.000Z,loitering,1
1873c13e2-27a8-2f42-800f-ba8b90ffad57,636015382,NOBLE DON TAYLOR,8.0513,-56.9386,191.194891,195.0285,181.0,184.0,2022-11-28T15:57:12.000Z,2024-07-13T17:59:31.000Z,loitering,1
5e575bf11-15f7-009a-2bab-25f252eb4cba,415666201,AX-YCGN-DFH5-H52-A,33.427,121.0553,10.050521,10.050521,40.0,40.0,2022-12-01T19:38:05.000Z,2024-09-28T08:00:31.000Z,loitering,1
43db90992-2011-ce25-63c1-f33255d8b042,415666218,AX-JSLY-DFH4-SY-A,33.4817,121.2083,21.515092,21.515092,54.0,54.0,2022-12-02T18:19:25.000Z,2024-02-06T02:55:23.000Z,loitering,1
881418174-4ecc-8d6a-7376-471a1c68e337,412212345,KL6-1WHPC,38.0233,119.8084,3.767765,3.767765,51.0,51.0,2022-12-04T05:50:27.000Z,2024-02-07T02:01:24.000Z,loitering,1
6819f252c-c0d9-4454-1da9-2cf0ccdfc702,371672000,KIN A,4.845,-17.2097,578.31825,578.31825,553.0,553.0,2022-12-06T20:56:15.000Z,2024-07-05T21:41:16.000Z,loitering,1
8eec8c60a-a97e-9251-da4c-a7da81c49596,376417000,AXIMA,-5.1291,11.5622,5.544916,15.086678,48.0,44.0,2022-12-06T22:59:02.000Z,2024-04-10T16:59:49.000Z,loitering,1
2f8193b52-26d7-475e-cdd2-ea34ceabbede,563039500,COSL BOSS,28.3364,49.1205,0.978678,1.481328,49.0,49.0,2022-12-10T21:29:48.000Z,2024-02-22T11:47:18.000Z,loitering,1
a07c5d3d0-03bf-b77e-f68a-4418b423ea46,636021141,SINOOCEAN WISDOM,28.4495,49.3679,1.955325,1.955325,76.0,76.0,2022-12-13T06:23:23.000Z,2024-05-19T09:57:45.000Z,loitering,1
fe5c0a706-6c77-f757-d663-782dc24f85cc,636013145,FPU ALIMA,-5.3805,11.4431,0.0,0.0,74.0,74.0,2022-12-14T09:57:11.000Z,2025-01-31T14:05:38.000Z,loitering,1
0cdb21051-1c45-6fdd-1efa-f310a973b7ed,367376530,MATTERHORN MC-243,28.7425,-88.8255,32.147453,32.147453,42.0,42.0,2022-12-14T22:14:43.000Z,2024-09-10T14:12:25.000Z,loitering,1
0493ed9c0-0d3f-dc1f-9303-261890c7c94c,574128295,DKI/17,8.1599,110.4999,305.640375,305.640375,308.0,308.0,2022-12-20T21:14:24.000Z,2026-09-07T23:13:49.000Z,loitering,1
d9b895023-3a9d-62f7-b4e1-8e69a010797d,525000021,FPU WEST SENO,0.0861,117.9273,0.0,0.0,42.0,42.0,2022-12-22T03:20:58.000Z,2025-12-15T05:40:34.000Z,loitering,1
b7c52a874-4acd-b58f-5ef0-efcada3ab192,413274980,LINGSHUI17-2,17.4138,110.6022,131.224344,131.224344,123.0,123.0,2022-12-22T07:29:00.000Z,2024-06-14T16:59:41.000Z,loitering,1
fbcb8a74f-fd50-c378-a694-87b7aaac72e9,576432000,NORVE,-4.1396,10.615,38.210992,45.578061999999996,57.0,56.0,2022-12-22T18:53:19.000Z,2024-12-26T23:58:35.000Z,loitering,1
683cab890-07bb-21ae-5a0b-486f275be936,440106770,DONGHAE-1,35.4309,130.0003,46.549887000000005,46.549887000000005,51.0,51.0,2022-12-23T00:55:47.000Z,2026-09-07T23:50:39.000Z,loitering,1
4989df1ef-f756-7caa-7e3e-bc9ab8b0a959,525158700,JANGKRIK,-1.2617,117.65,32.416924,32.416924,47.0,47.0,2022-12-30T09:42:01.000Z,2026-09-07T23:35:21.000Z,loitering,1
bc08e7cc0-0d17-4702-7638-51b7660c852a,574128288,DK1/10,8.132,103.7098,280.048344,280.048344,123.0,123.0,2022-12-31T06:52:59.000Z,2024-12-23T03:10:08.000Z,loitering,1
7b6d61f52-25aa-f6c6-4d1d-baa307df2029,576674000,PARAMESWARA,19.4372,71.3161,5.4472059999999995,3.337786,135.0,141.0,2022-12-31T08:58:36.000Z,2024-03-09T09:58:13.000Z,loitering,1
9b4c1ef35-5546-b3a0-df8a-4a5e44ba23c9,413495810,DF13-2CEPB,18.4883,107.62,110.80389100000001,110.80389100000001,111.0,111.0,2022-12-31T09:18:34.000Z,2024-01-20T17:11:51.000Z,loitering,1
bade0265b-bd8b-b3fa-e875-9170fe92ee20,636017940,AURORA,8.2558,101.7892,168.07407800000001,168.07407800000001,103.0,103.0,2022-12-31T15:57:46.000Z,2026-09-07T19:08:57.000Z,loitering,1
71f426c19-9af8-785e-e353-361d47e1008f,574128293,DK1/15,7.8053,109.9269,379.480219,379.480219,315.0,315.0,2022-12-31T19:14:52.000Z,2026-09-07T22:15:27.000Z,loitering,1
ad1a12c68-8943-6732-1d1d-5e4874418e21,413301270,HAI YANG SHI YOU 161,38.9512,119.3325,8.469104,8.469104,40.0,40.0,2023-01-01T00:03:45.000Z,2024-09-23T07:11:31.000Z,loitering,1
88a0bdc3b-b04d-baa1-67b5-1c7f9b4fb455,511140000,SEA PAD,26.6919,52.2741,6.830078,8.024829,78.0,79.0,2023-01-01T00:16:22.000Z,2024-08-28T03:09:06.000Z,loitering,1
e85ae5c32-2a98-8b07-3b83-6d40e381bf45,538003593,PLATAFORMA 65,-22.7017,-40.677,0.0,0.0,83.0,83.0,2023-01-02T13:12:25.000Z,2026-09-07T21:07:43.000Z,loitering,1
05cc7d51c-c596-a17c-09ea-bebd17581ba6,538003021,FSO YOHO,4.0308,7.5244,1.1092,0.0,46.0,47.0,2023-01-03T08:59:06.000Z,2026-04-14T08:13:36.000Z,loitering,1
14cab2a7f-f7a3-62a0-747b-4523bcb58991,466244000,KHAWR ALADID,26.6802,51.5778,28.547701,28.547701,65.0,65.0,2023-01-05T07:50:29.000Z,2024-04-01T05:59:30.000Z,loitering,1
32c1544e0-0f35-f24e-f3eb-19d3a7d1c903,538003147,ROWAN MISSISSIPPI,28.1722,49.9875,0.98024,1.482299,52.0,53.0,2023-01-05T10:29:19.000Z,2025-11-24T07:59:28.000Z,loitering,1
3adf0a092-2455-365f-a393-d494d557f8a9,574002600,PVN DAIHUNG QUEEN,8.4298,108.6694,270.730219,263.395,212.0,217.0,2023-01-05T19:57:56.000Z,2024-05-02T00:58:50.000Z,loitering,1
ffac75eda-aab1-3e2e-2ebb-85fdc0fec085,574128286,DK1/8,7.82,110.5,326.487062,326.487062,340.0,340.0,2023-01-08T00:01:03.000Z,2026-02-06T06:59:19.000Z,loitering,1
741898249-9a74-c749-60ac-bf63be91cf1a,538004529,BESS BRANTS,28.4744,49.5008,1.4804739999999998,0.97757,74.0,83.0,2023-01-08T06:56:05.000Z,2024-02-02T11:46:05.000Z,loitering,1
de49910a4-4091-3ce6-55b8-f71474784ee3,700000000,,-38.1692,148.419,49.583023000000004,49.583023000000004,41.0,41.0,2023-01-17T14:59:40.000Z,2024-04-25T16:57:30.000Z,loitering,1
17f1543b0-0dc8-80ce-f4a4-d164cf1682c5,533368000,FSO BENCHAMAS 2,10.5202,101.2467,181.884312,180.13575,154.0,153.0,2023-01-18T00:01:40.000Z,2025-03-05T19:54:42.000Z,loitering,1
92c3dd128-8cb2-cd37-5d73-571f0487ec85,374167000,AOS MAINTAINER 1,26.4235,51.9345,4.4777629999999995,4.5614170000000005,66.0,67.0,2023-01-20T22:58:37.000Z,2025-04-21T06:59:12.000Z,loitering,1
f581931b9-9ba1-af99-dd0d-76a54096ada1,345070348,PAPALOAPAN,19.4475,-91.9226,1.5280340000000001,14.727711,77.0,67.0,2023-02-01T05:10:33.000Z,2024-01-02T12:58:06.000Z,loitering,1
72e0f31d8-80e8-bd92-6a7d-a338a6584a66,413274520,PL19-3WHPM,38.3678,120.0875,0.0,0.0,54.0,54.0,2023-02-01T10:04:45.000Z,2024-06-28T13:08:03.000Z,loitering,1
ba916a78b-b993-a319-5d55-06804b2392d0,403514000,ARABDRILL 70,28.3532,49.5198,4.069392,4.069392,76.0,76.0,2023-02-03T23:48:43.000Z,2024-02-02T11:10:57.000Z,loitering,1
43a7f38e0-03e9-9fec-ce58-53a0b77b627e,311010200,FPSO PSVM,-6.2433,10.7305,0.0,0.0,169.0,169.0,2023-02-06T11:32:49.000Z,2026-09-07T23:59:47.000Z,loitering,1
3606caeea-a38e-51a4-bf1c-30266c5dedcf,311000242,SONANGOL QUENGUELA,-7.663,11.7939,1.1020530000000002,1.102001,124.0,125.0,2023-02-11T03:58:31.000Z,2024-01-15T06:59:08.000Z,loitering,1
24e64d81c-c660-31d1-7fba-9644689b41c7,565798000,COSL PROMOTER,61.3445,1.9871,6.167936,9.838757,136.0,142.0,2023-02-12T01:55:08.000Z,2024-02-19T09:57:30.000Z,loitering,1
4b489f48d-db49-985d-ac74-ad79797f2009,311000917,ALMIRANTEBARROSOMV32,-24.5698,-42.6353,20.257531,6.732984,171.0,178.0,2023-02-16T00:59:37.000Z,2025-03-29T20:58:24.000Z,loitering,1
f3f0ee900-0735-d0ad-b34b-dff7037a8088,311000307,KAOMBO SUL,-7.3648,11.376,17.83518,18.280412000000002,152.0,152.0,2023-02-21T15:11:48.000Z,2026-09-07T23:43:29.000Z,loitering,1
0fea54ff1-1cc1-e88b-296a-33a2c586270a,232115000,FULMAR ALPHA,56.4935,2.1532,25.837117,25.837117,257.0,257.0,2023-02-23T16:23:17.000Z,2026-05-07T04:55:51.000Z,loitering,1
36d383238-827a-5c80-4239-b6cf7910dffb,374867000,EVEREST,-6.5045,10.3795,59.164086000000005,36.334648,223.0,203.0,2023-02-23T20:49:04.000Z,2024-03-06T04:59:03.000Z,loitering,1
ca28fd3a6-6dde-f7d7-529a-2d01575b835b,375114000,LA NOUMBI,-4.473,11.0912,2.480359,2.480359,44.0,44.0,2023-02-24T12:00:29.000Z,2024-03-10T08:55:49.000Z,loitering,1
ca67e4aa1-1304-9959-ec83-fdc6587ae788,413512870,BZ29-6WHPA,38.1684,119.8299,11.153851000000001,11.153851000000001,63.0,63.0,2023-02-28T01:55:02.000Z,2026-09-07T23:54:52.000Z,loitering,1
85a6145b6-6a9b-18e9-efa0-6ce9beb2c89d,533062800,FSO SEPAT,6.3673,103.8186,137.021547,137.021547,107.0,107.0,2023-02-28T13:08:56.000Z,2024-01-14T09:25:15.000Z,loitering,1
e0574b5d0-0bc1-4428-23a4-422772c6a66f,636016551,ENSCO 141,28.4556,49.6821,0.97757,0.97757,83.0,83.0,2023-03-08T13:21:34.000Z,2024-02-02T13:10:45.000Z,loitering,1
b371352b7-7ff3-6f9a-d475-d66216ba4ad0,576364000,PAUL B LOYD JNR,57.9734,0.7245,15.012914,31.889285,166.0,147.0,2023-03-10T00:01:50.000Z,2024-02-13T11:58:22.000Z,loitering,1
489960012-2a10-a174-4fb0-765ce9d0899d,538005125,DEEPWATER PONTUS,28.0118,-89.1611,16.643016,16.643016,105.0,105.0,2023-03-13T22:52:30.000Z,2024-12-14T03:56:03.000Z,loitering,1
c74917ef3-3bcd-0789-5cf1-dcdbdb5fda6b,232589000,MONTROSE ALPHA,57.4501,1.3874,16.77592,16.77592,190.0,190.0,2023-03-14T23:54:36.000Z,2024-01-18T13:54:44.000Z,loitering,1
38ec64bfe-ead7-5947-12cc-36123e270477,538005011,ROWAN GORILLA VI,57.1326,1.6482,15.13642,17.337370999999997,211.0,209.0,2023-03-15T13:04:55.000Z,2025-10-13T19:57:57.000Z,loitering,1
b707c8846-688c-d74a-fd5c-370f91cd78f1,232005797,AILSA,57.1944,1.9623,3.012576,3.012576,227.0,227.0,2023-03-15T14:27:19.000Z,2024-10-09T15:42:18.000Z,loitering,1
bae94fccd-d8f1-06c5-a4c2-a4c3d0283319,636015426,ENSCO 120,56.6493,2.4093,21.220639,8.23998,276.0,264.0,2023-03-20T04:58:55.000Z,2025-01-11T02:47:20.000Z,loitering,1
6c2e3fc93-35b0-03b6-e678-4170f923deab,310803000,BLACKFORD DOLPHIN,5.3181,4.4497,14.010447000000001,7.005121,80.0,85.0,2023-03-20T10:58:34.000Z,2024-07-01T01:57:03.000Z,loitering,1
510299412-2d89-0825-714c-74eb78f61e7d,2320208,LOMOND,57.287,2.1763,15.899669,15.899669,239.0,239.0,2023-03-23T22:50:04.000Z,2024-09-26T20:05:21.000Z,loitering,1
f2e5f5df8-8ff4-0afe-f9d1-ba036dd78a99,603500186,KIZOMBA A FPSO,-6.3216,11.0519,2.223899,2.223899,136.0,136.0,2023-03-25T13:00:14.000Z,2026-09-07T23:32:29.000Z,loitering,1
96cf8a1e2-2353-3e58-5e0f-d4887a42cde3,413274510,PL19-3WHPK,38.4098,120.114,2.223899,2.223899,54.0,54.0,2023-03-29T10:52:55.000Z,2024-07-09T12:02:22.000Z,loitering,1
a7020cbfd-d519-79f3-82d5-20a82f756787,636022396,ADMARINE 507,28.3347,49.0913,1.9573559999999999,2.251229,47.0,46.0,2023-03-30T02:59:38.000Z,2024-09-12T04:59:09.000Z,loitering,1
09f19f790-07ed-81b3-fd19-c684575484ca,308108000,CIDADE DE SANTOS,-24.3011,-42.7141,0.0,0.0,144.0,144.0,2023-04-01T05:58:23.000Z,2024-05-07T18:51:35.000Z,loitering,1
c4618be83-3bf3-1da8-07ee-d5f5314d3682,235010630,GRYPHON A,59.3597,1.5689,0.0,0.0,169.0,169.0,2023-04-02T00:00:57.000Z,2025-08-23T12:40:47.000Z,loitering,1
364c87680-0d51-8a89-d939-060b18a5cbe0,538003727,ROWAN EXL-I,26.8974,50.4819,2.273792,0.0,41.0,44.0,2023-04-07T06:59:35.000Z,2024-04-04T07:59:32.000Z,loitering,1
315bd9a68-857e-bc01-ba87-373ca79a013a,375589000,FSO PARGO,-22.2548,-40.3353,2.450424,3.335848,74.0,73.0,2023-04-09T08:58:53.000Z,2026-09-07T23:58:04.000Z,loitering,1
71f664e75-58ad-690b-6740-8ee2949aea9c,355126000,RIG ABAN III,19.5541,71.3599,1.5277660000000002,1.0479749999999999,133.0,135.0,2023-04-10T01:58:47.000Z,2024-01-20T00:05:57.000Z,loitering,1
a557f25e3-35da-387e-585e-8a0335589d52,311000949,PROSPERITY,8.1967,-57.0242,196.953453,200.454781,184.0,189.0,2023-04-10T06:58:22.000Z,2026-09-07T23:01:16.000Z,loitering,1
e2664b329-95ad-5cd8-bff5-676bdbebbb1d,657201300,OSHE HONMI,3.9697,7.7586,5.546405,2.218562,57.0,58.0,2023-04-10T11:55:17.000Z,2026-09-03T11:42:08.000Z,loitering,1
51373ed6b-bd26-9707-7b9c-aa41b0ce2f01,503694000,MONTARA VENTURE,-12.6598,124.5448,187.698906,186.932859,177.0,177.0,2023-04-11T04:18:34.000Z,2025-04-11T06:34:18.000Z,loitering,1
231c8377b-b44e-33bd-928a-360d0d53dc49,574128292,DK1/14,7.5304,109.8369,404.548656,404.548656,341.0,341.0,2023-04-12T21:00:19.000Z,2025-06-21T01:59:01.000Z,loitering,1
e1634a0d9-94d8-1893-a819-30e40a028ea7,16995,NORTH BELUT CPP,4.4112,106.6416,123.086875,123.086875,112.0,112.0,2023-04-13T02:35:39.000Z,2025-06-12T23:17:01.000Z,loitering,1
4d96b1e6e-edcb-31fe-92e9-06e9ea793cbd,564304000,WEST INTREPID,19.6807,-92.3105,5.9409410000000005,3.496404,69.0,70.0,2023-04-15T09:52:47.000Z,2025-05-31T00:57:19.000Z,loitering,1
c726e115c-c624-780b-1ff3-fa138d82371b,636022281,TELI,-3.7591,10.4939,4.438223,4.438223,39.0,39.0,2023-04-17T12:51:43.000Z,2024-05-16T20:40:43.000Z,loitering,1
8009f898d-dab2-e6b1-7526-fadb573f9fce,636019001,PERRO NEGRO 11,28.3614,49.5316,3.1388960000000004,3.1388960000000004,76.0,76.0,2023-04-22T04:59:14.000Z,2025-06-16T20:04:07.000Z,loitering,1
23c2ad2bf-f686-cd3c-1965-3ad6fd6de87b,503597000,OKHA,-19.5835,116.4478,60.045262,60.081684,94.0,93.0,2023-04-24T00:59:07.000Z,2024-02-21T11:54:06.000Z,loitering,1
96c36e844-472e-042c-d6fd-101a69e5a96f,352026000,WEST SATURN,-25.4324,-43.9843,5.14292,4.591095,207.0,209.0,2023-04-25T18:59:38.000Z,2024-02-29T16:59:41.000Z,loitering,1
ee3fc446a-aef1-4d25-f8ee-ac89ac798a03,367544280,JACK ST MALO,26.235,-91.2608,1.111949,0.0,313.0,315.0,2023-04-27T20:31:26.000Z,2026-04-21T23:59:44.000Z,loitering,1
2be4df323-3aa6-1d6a-d498-f1b11e0ea0a0,636021576,ADMARINE 682,28.4308,49.2265,1.111949,0.977755,63.0,65.0,2023-04-28T03:58:55.000Z,2024-02-07T23:03:41.000Z,loitering,1
7cbbdc70d-d9f0-c868-f0bc-1752fcdeb30f,311000848,ANITA GARIBALDI MV33,-22.4112,-40.1318,8.222610000000001,3.918792,98.0,101.0,2023-04-28T09:59:18.000Z,2026-02-22T17:59:04.000Z,loitering,1
e6f6e2346-6563-f834-ba7a-0c85beb3f372,577583000,SD VICTORY,28.4531,49.2122,0.9776630000000001,1.480596,62.0,64.0,2023-04-29T08:59:38.000Z,2024-03-28T12:59:17.000Z,loitering,1
b053f0be2-25b1-3647-c23c-e2e4a5ddefa2,565911000,SAFE ZEPHYRUS,-24.7192,-42.5394,9.220825000000001,3.759452,196.0,190.0,2023-04-30T00:59:06.000Z,2024-07-17T18:57:43.000Z,loitering,1
39bc4cc03-32ea-c9fe-e473-2591884ee9ce,351515000,VIVEKANAND2,19.2592,70.9508,26.568924,44.401477,156.0,163.0,2023-04-30T22:17:30.000Z,2024-01-15T08:35:37.000Z,loitering,1
1ac8e1647-7cae-aeed-2556-cb920d66432c,357942000,YUNUEN,19.6206,-92.2139,0.0,5.4456310000000006,73.0,68.0,2023-05-03T22:43:27.000Z,2025-11-18T23:55:49.000Z,loitering,1
c3a462f9f-f90e-bf8c-daa2-e8062fe50a50,419900758,SAGAR JYOTI,19.0985,71.3023,38.932402,15.277688,144.0,161.0,2023-05-07T02:14:08.000Z,2024-02-06T13:53:09.000Z,loitering,1
cc34fa7ed-d540-0264-4db8-a0e01a247059,576621000,COMPACT DRILLER,19.3181,71.474,2.459083,3.941064,133.0,132.0,2023-05-12T01:59:44.000Z,2024-01-04T08:58:01.000Z,loitering,1
2dafd41bc-c62b-a735-f365-916f8a09d5e2,79036128,,35.1688,119.9424,4.308884,4.308884,42.0,42.0,2023-05-18T23:43:00.000Z,2024-01-05T20:23:50.000Z,loitering,1
64d0127ab-b409-b35a-55b0-9a0acd1ccd16,245621000,NAM PLATFORM K14FA1C,53.2686,3.6251,30.120539,30.120539,76.0,76.0,2023-05-22T06:58:05.000Z,2024-03-04T21:26:32.000Z,loitering,1
e95ceaea1-1a01-25c0-fad4-f073ff48fab3,657246500,VIRINI PREM (FSO),4.1021,8.1739,1.111949,1.111949,49.0,49.0,2023-05-22T12:57:07.000Z,2026-08-08T19:38:54.000Z,loitering,1
6a963c6c1-1e37-2c50-4667-30f0ff8a74c5,352001263,QMS SURPRISE XI,24.8331,53.6128,0.0,0.0,52.0,52.0,2023-05-23T07:59:25.000Z,2024-02-27T23:59:12.000Z,loitering,1
96b8c4cdd-d16c-32a7-2d29-84153988884f,621819058,ATHENA,17.1489,39.8085,175.910469,173.51946900000002,76.0,74.0,2023-05-24T05:57:49.000Z,2024-01-12T18:59:10.000Z,loitering,1
46d4d2a72-2129-5e49-7e08-909cb2942cc4,372780000,LOVANSING,28.4837,49.4486,6.747428,6.608287000000001,84.0,84.0,2023-05-26T03:59:21.000Z,2024-04-17T19:59:12.000Z,loitering,1
5501cf6db-bb98-6318-3fdd-382de76017cf,525157800,FPSO ANOA NATUNA,5.2199,105.6037,97.452828,96.34555499999999,208.0,209.0,2023-05-26T17:00:07.000Z,2024-03-03T03:53:57.000Z,loitering,1
8e2919795-55df-0ed9-71ab-c39fbd80b1c9,220106000,MAERSK INNOVATOR,57.1942,1.4309,18.423669999999998,17.438046999999997,185.0,207.0,2023-05-27T05:59:56.000Z,2024-01-24T18:33:03.000Z,loitering,1
e9a0f5205-5428-28de-d3be-61a108a33021,373368000,DCI-1,28.5618,49.8381,17.913758,17.129434,81.0,79.0,2023-05-27T12:57:33.000Z,2024-01-22T04:55:18.000Z,loitering,1
404388a27-72c5-1ea6-ff1b-c1f92f36634e,79036120,,35.1705,119.9047,3.335848,3.4575120000000004,40.0,39.0,2023-05-30T23:58:36.000Z,2024-04-01T23:29:07.000Z,loitering,1
f09656446-6ee4-c899-bfe5-20f4353bae6c,574370000,RONG DOI,7.7917,108.2023,298.804562,298.804562,189.0,189.0,2023-06-01T23:27:22.000Z,2025-04-23T15:53:11.000Z,loitering,1
a49d78e09-9028-a82d-0de7-6e0b818c5da2,368160240,ANCHOR,27.2167,-91.2978,44.396145,22.746393,210.0,204.0,2023-06-06T03:59:46.000Z,2024-08-16T23:59:59.000Z,loitering,1
ace0d458d-db81-3fa4-d360-d728462c327f,367127480,TAHITI SPAR,27.3275,-90.7139,4.104969,4.104969,190.0,190.0,2023-06-06T10:58:18.000Z,2024-01-03T10:58:47.000Z,loitering,1
8798fa21d-d397-c539-2d7b-1e231fd9507e,311028500,NORBE IX,-25.1607,-44.1613,32.355812,33.158027000000004,174.0,172.0,2023-06-12T02:56:35.000Z,2024-02-13T01:57:40.000Z,loitering,1
6e8f1b7a9-9fed-24f7-e431-7ea7d4a0dd02,353520000,ODN DELBA III-SS85,19.6197,-92.5074,13.614372,18.115956999999998,83.0,89.0,2023-06-12T05:59:13.000Z,2024-02-25T23:59:34.000Z,loitering,1
687b8af82-27ed-4352-a39e-a9b2390a3a53,636022390,ADMARINE 501,28.3803,49.3507,1.111949,1.956434,68.0,71.0,2023-06-14T10:59:27.000Z,2024-04-16T12:59:20.000Z,loitering,1
dee3a5726-6052-a6c0-b5c6-08a58d830451,636012995,SSV-VICTORIA,-23.7607,-41.5898,3.024079,2.020916,92.0,188.0,2023-06-17T03:59:06.000Z,2025-03-14T13:46:07.000Z,loitering,1
fbcfb1318-808f-eabb-2e18-ea105b90288c,258277000,HANNE KNUTSEN,60.4962,2.0742,3.467895,3.9903180000000003,145.0,145.0,2023-06-18T15:59:31.000Z,2024-05-31T15:59:30.000Z,loitering,1
edd5cb06a-ae50-f8de-8b02-1fa09c3e0ded,366051200,PERDIDO,26.1294,-94.8977,0.0,0.0,226.0,226.0,2023-06-24T21:20:16.000Z,2026-09-07T23:27:55.000Z,loitering,1
65e453799-9f95-c107-94d2-91fa97b8ff82,636022395,ADMARINE 506,28.433,49.132,1.111949,0.977755,54.0,55.0,2023-06-28T04:58:21.000Z,2024-01-08T05:27:23.000Z,loitering,1
1d34b85cc-c2a6-d4cf-8ac7-66d6810bbfe1,657173700,DELTA CHAMPION,4.1592,8.042,1.1090200000000001,0.0,42.0,42.0,2023-06-28T11:59:19.000Z,2026-09-07T23:55:51.000Z,loitering,1
6772ca7a8-8d35-56bc-90fb-4c5c5551bf54,373127000,ETESCO TAKATSUGU J,-24.7275,-42.4722,1.111949,3.335848,193.0,198.0,2023-06-28T23:59:45.000Z,2024-02-10T13:58:52.000Z,loitering,1
6df884c55-5f09-4911-e722-f73f41809be9,533000241,FPSO KIKEH,5.8741,114.2945,1.1061189999999999,2.2122379999999997,114.0,115.0,2023-06-29T00:00:36.000Z,2024-01-11T23:59:48.000Z,loitering,1
f413ea099-9516-00a3-d471-4b2c93a9d3dd,538003137,PETROBRAS 58,-21.214,-39.9972,0.0,0.0,76.0,76.0,2023-06-29T12:39:28.000Z,2024-02-06T13:14:06.000Z,loitering,1
766e30e73-345b-5adb-bbcc-97a9b5a6052d,311027200,C.A.D.R  MV22,-25.5438,-42.84,0.0,0.0,276.0,276.0,2023-06-30T17:40:43.000Z,2024-05-05T05:59:22.000Z,loitering,1
b10ee7076-62c5-822b-c0d8-7d222a706714,352980833,GIOIOSA,-7.0201,10.445,80.34414100000001,103.07789100000001,197.0,253.0,2023-06-30T23:58:43.000Z,2024-01-16T03:59:37.000Z,loitering,1
18c2dd998-8545-2d2e-9b82-7aebe499cca8,636021685,ADMARINE 9,19.458,71.3381,7.67373,5.354811,154.0,130.0,2023-07-02T00:00:26.000Z,2026-01-08T07:59:49.000Z,loitering,1
d32adbef3-3711-41af-772c-584f5a1e0a0b,470388000,AL YASAT,24.8563,53.5455,1.5014180000000001,2.3039929999999997,48.0,48.0,2023-07-06T07:59:39.000Z,2024-01-23T05:57:43.000Z,loitering,1
550a3f9e5-55fd-d8f1-7e1c-4f5178bd5c91,574999529,TAM DAO-01,9.9842,108.2409,143.22429699999998,117.59854700000001,68.0,96.0,2023-07-06T08:44:40.000Z,2026-09-07T23:49:34.000Z,loitering,1
79549836f-f9ed-cd92-f20b-992d5b2c2efe,563686000,COSLHUNTER,28.4698,49.3361,0.977478,0.0,75.0,74.0,2023-07-08T03:59:09.000Z,2024-03-31T10:22:33.000Z,loitering,1
9da147700-08bb-835a-1e5c-cb5217ff98e8,636017705,PETROBRAS 69,-25.6569,-42.8589,0.0,0.0,289.0,289.0,2023-07-10T12:00:41.000Z,2025-09-28T18:02:41.000Z,loitering,1
5dc9211c6-6504-3397-c6c8-4b46a5147dbe,352299000,FIRENZE FPSO,4.7449,-3.5733,51.907496,50.489949,47.0,48.0,2023-07-10T19:58:19.000Z,2024-10-16T23:59:52.000Z,loitering,1
3514cec7c-c707-e67d-786e-fc8fb9e40281,636022392,ADMARINE 503,28.207,49.2978,24.961754,0.978678,54.0,58.0,2023-07-11T14:57:47.000Z,2024-02-02T01:18:23.000Z,loitering,1
af0b455ba-a180-71b7-d294-fdc403f298e5,538004644,ROWAN RESOLUTE,27.4011,-90.206,5.343898,5.343898,184.0,184.0,2023-07-12T02:28:36.000Z,2024-01-11T03:52:09.000Z,loitering,1
f66ceab5f-fb37-5169-58f5-56c3b718bcdb,413213250,HAI YANG SHI YOU 944,18.5695,107.7456,94.135969,100.161906,92.0,100.0,2023-07-13T03:41:30.000Z,2024-03-08T20:47:41.000Z,loitering,1
052f71b6d-d4c1-a7d9-7540-f62d7c899249,574000530,TAM DAO 02,9.4858,107.8875,123.204148,122.553688,116.0,122.0,2023-07-15T09:16:50.000Z,2024-05-15T14:30:40.000Z,loitering,1
a6fb9736d-d931-36a7-aeba-a308fce5b78b,403715910,ARABDRILL 17,26.9405,50.4836,0.0,1.489684,46.0,45.0,2023-07-16T07:59:07.000Z,2024-01-30T17:59:00.000Z,loitering,1
d55abdcf3-373a-f50b-6006-759f5f0df9b7,311000283,POSH ARCADIA,-21.9743,-39.8074,2.0621080000000003,3.2874689999999998,126.0,116.0,2023-07-16T13:57:19.000Z,2024-02-05T02:59:02.000Z,loitering,1
765659b7d-da44-8858-a6b2-2c1babbcf727,413461170,HAIYANGSHIYOU 116,19.4375,112.1075,134.725891,134.725891,107.0,107.0,2023-07-18T06:52:25.000Z,2024-01-30T06:11:24.000Z,loitering,1
96a7c601a-afb5-aca5-973d-ca32eb9036c9,414030000,HYSY119,20.4059,115.4052,205.79125,206.270016,138.0,140.0,2023-07-18T09:07:26.000Z,2024-09-03T01:48:06.000Z,loitering,1
18d88c6b2-230c-0037-63b4-7becccf6b1f3,412477590,HYSY118,20.5156,113.8647,149.85101600000002,149.466547,148.0,148.0,2023-07-19T02:20:53.000Z,2024-09-03T07:20:19.000Z,loitering,1
658bb9440-0202-d0ee-f9f9-22e168d660ac,412477610,PY10-2WHPA,20.7318,114.5833,145.178719,145.178719,138.0,138.0,2023-07-19T05:10:52.000Z,2024-06-26T02:07:30.000Z,loitering,1
47f080f4e-ea33-7926-a8b4-ca25f89dd788,538004645,ROWAN RELIANCE,-25.3452,-43.9823,8.346639999999999,12.648209000000001,200.0,200.0,2023-07-21T02:46:25.000Z,2024-04-03T17:56:12.000Z,loitering,1
30d5a203a-ad81-44ee-ff1e-0274a9d2d6f2,352002272,QMS NOUF,26.5868,52.0743,2.983731,2.983268,89.0,90.0,2023-07-23T00:59:26.000Z,2024-01-09T08:59:50.000Z,loitering,1
037fbce25-554b-a222-138e-deab9e12ff6f,412301990,HAI YANG SHI YOU 941,39.9442,120.7604,5.576446,4.405695,39.0,40.0,2023-07-25T06:59:01.000Z,2024-02-27T21:59:07.000Z,loitering,1
cc3bdc12e-e2ec-b155-6bdd-ad5f37f90bf3,371431000,WEST TUCANA,25.8688,52.0247,15.295453,17.903252000000002,43.0,41.0,2023-07-25T10:59:24.000Z,2024-06-24T14:35:09.000Z,loitering,1
355d4439e-ef2d-6358-23aa-87a20bd06b43,470077000,AL HUDAIRIYAT,25.31,53.5076,3.7475680000000002,5.146979999999999,61.0,65.0,2023-07-27T10:07:43.000Z,2024-06-09T03:58:47.000Z,loitering,1
d6287c161-109c-fe23-3bd2-33b183792311,352978149,YEGUA,-6.8646,10.7013,79.70946099999999,46.24132,198.0,187.0,2023-07-27T16:32:22.000Z,2024-02-17T17:59:38.000Z,loitering,1
0e0f88660-0220-0432-5cb2-0ff169d66045,373731000,CENTURIES,-7.2369,10.6145,99.00054700000001,63.985824,241.0,198.0,2023-07-27T16:56:48.000Z,2024-02-17T17:59:03.000Z,loitering,1
c057ead29-90db-d67d-079d-1ef778e252e5,353558000,PETROBRAS 38,-22.5612,-40.1222,0.0,0.0,109.0,109.0,2023-07-27T21:30:26.000Z,2024-03-06T11:45:08.000Z,loitering,1
5292321a0-0269-3378-6163-46fd5a76affc,246631000,ERDA,54.0768,0.8663,37.291492,32.935348,65.0,60.0,2023-07-29T05:54:04.000Z,2024-03-07T00:59:54.000Z,loitering,1
fca8f1cd2-2824-99fb-9e87-6f7a78ca7e1b,413283580,GUOHAIGUOFU,20.8236,108.7775,6.988104,6.088796,40.0,39.0,2023-07-29T08:58:16.000Z,2024-03-13T05:59:53.000Z,loitering,1
1174c1b74-4bb2-0bac-2e6e-aace8fabe847,538005314,OCEAN BLACKHORNET,28.1921,-88.4886,0.0,3.335848,113.0,107.0,2023-07-29T23:55:08.000Z,2024-02-14T08:52:06.000Z,loitering,1
f585b45f7-7d7c-1162-d8e9-ea7fd2d87e78,538001717,C.E.THORNTON,19.3734,71.2631,5.448213,10.010128,146.0,154.0,2023-07-30T00:00:08.000Z,2024-08-26T23:59:40.000Z,loitering,1
39b707994-4af3-9245-e6ab-a7c822f1bb7e,538006194,DEEPWATER ATLAS,27.2947,-90.8302,59.770694999999996,35.358836000000004,247.0,152.0,2023-07-31T07:55:57.000Z,2025-08-06T18:59:43.000Z,loitering,1
7a12ad155-540e-de1a-dde0-99433489d0e6,366100000,APPOMATTOX,28.5733,-87.9336,11.235241,11.235241,124.0,124.0,2023-08-05T13:01:15.000Z,2026-09-07T23:05:16.000Z,loitering,1
ae3c1f7eb-b844-ed52-e567-6ddd31aeeabe,413346980,ZZ,29.4554,125.6015,268.488594,268.488594,280.0,280.0,2023-08-06T06:23:22.000Z,2025-11-10T01:42:32.000Z,loitering,1
d7eeadc05-52af-3403-182f-47c927f65436,259783000,WEST ELARA,56.4234,3.2181,5.8582849999999995,6.354482,274.0,275.0,2023-08-07T01:07:18.000Z,2024-03-17T08:41:49.000Z,loitering,1
ce9be614b-b2a6-f98c-0c91-be257d883342,412371470,PINGHU,29.0718,124.9141,226.320094,226.320094,238.0,238.0,2023-08-07T04:53:15.000Z,2026-08-05T06:11:56.000Z,loitering,1
babdf39f6-60d4-96e0-f7da-5db03fa4f997,413487040,EP18-1WHPA,20.5273,113.9702,153.023609,153.023609,146.0,146.0,2023-08-07T23:13:58.000Z,2024-01-23T03:41:14.000Z,loitering,1
099a003c4-4ed8-7d6c-117c-a00986687337,413487050,EP23-1,20.4433,113.7567,154.469562,154.469562,157.0,157.0,2023-08-09T00:01:11.000Z,2025-09-23T20:06:26.000Z,loitering,1
fe8a61086-64c3-56f1-8b45-b5b15f4ade3f,636015377,SD ODYSSEY,26.2418,52.3286,11.947829,11.947829,62.0,62.0,2023-08-11T04:59:53.000Z,2024-06-25T09:59:08.000Z,loitering,1
ba43c1fa3-38e6-9b4f-b48f-e4ddedd67265,477624300,EMMA,29.5031,48.7626,14.192737,12.828673,38.0,37.0,2023-08-11T16:59:43.000Z,2024-02-23T15:59:03.000Z,loitering,1
ec95df97a-a63d-4732-97f2-811bca016747,271050408,ABDULHAMID HAN,35.3768,30.095,96.770742,96.36028900000001,89.0,89.0,2023-08-12T09:59:48.000Z,2024-03-13T15:56:41.000Z,loitering,1
9bd0c94ee-e8b3-f11b-96c7-d4b4f4d3814a,356656000,WEST POLARIS,19.4683,86.3067,72.686547,70.23418,49.0,47.0,2023-08-13T05:57:07.000Z,2024-01-27T04:23:42.000Z,loitering,1
674e48253-3eed-4c4a-29da-86530791455a,563171300,ARABDRILL 110,28.3151,49.678,1.481449,0.978862,66.0,67.0,2023-08-13T10:59:02.000Z,2024-04-23T11:59:06.000Z,loitering,1
c79274eaa-a57d-56f6-5956-62ad5abdd730,352973000,DCI 2,28.5684,49.6678,2.428714,2.248499,93.0,88.0,2023-08-14T02:59:21.000Z,2024-04-18T02:55:09.000Z,loitering,1
aaa0c1ff6-6d04-5c0f-05a6-86bed93d1ade,316298000,TERRA NOVA FPSO,46.4765,-48.488,339.517781,340.935719,334.0,336.0,2023-08-15T20:59:33.000Z,2024-05-10T16:11:59.000Z,loitering,1
76409c4d9-9018-f340-0c53-e7ab6d167f87,636017842,OOS TIRADENTES,-22.6047,-40.0086,3.274386,1.111949,120.0,123.0,2023-08-15T23:59:05.000Z,2024-01-04T18:59:22.000Z,loitering,1
2945ac2c6-6ce6-4841-783f-50c60ef6ffb8,533773000,DAYANG PERTAMA,3.4563,112.36,15.919366,18.399812,50.0,50.0,2023-08-16T02:01:20.000Z,2024-01-14T03:59:33.000Z,loitering,1
4e5845389-9f4a-b1e4-d0c6-2b4a1f5e0f30,636020413,ERBIL,29.6064,48.7735,2.4248960000000004,2.9467470000000002,39.0,40.0,2023-08-16T18:59:03.000Z,2024-04-14T13:57:14.000Z,loitering,1
ff4d2f1d8-85d3-751a-2c94-055b4581dc90,636015380,SD FORTRESS,57.9655,-0.9657,3.709495,1.7697049999999999,64.0,65.0,2023-08-17T05:54:21.000Z,2024-08-11T13:52:59.000Z,loitering,1
c90a28b64-4f33-e744-e58c-ba4929b09455,636015555,ENSCO 122,56.9011,2.3665,21.753719,22.531799,257.0,259.0,2023-08-17T09:59:27.000Z,2025-09-28T07:59:28.000Z,loitering,1
3e7557f4d-dc12-d50e-2d2b-34205d41016f,413301490,HAIYANGSHIYOU936,28.3543,49.157,0.9785860000000001,0.9785860000000001,53.0,53.0,2023-08-18T04:58:43.000Z,2024-05-19T13:54:46.000Z,loitering,1
1bd93fb41-1e57-8fb4-7627-7e10bca0873d,636022393,ADMARINE 504,27.4748,50.2042,20.661656,20.680898000000003,47.0,46.0,2023-08-18T07:59:12.000Z,2024-02-24T12:59:03.000Z,loitering,1
62180b5cd-dbf5-c39f-fcda-df4340341d73,636014748,NOBLE GERRY DE SOUZA,3.103,6.8297,4.447797,4.971315,138.0,138.0,2023-08-20T14:59:52.000Z,2024-07-08T12:51:56.000Z,loitering,1
d0bf2a8a4-48b2-b34f-749f-ef60534e6070,563171600,ARABDRILL 120,28.5795,49.4486,13.591291,13.591291,90.0,90.0,2023-08-24T09:57:21.000Z,2024-03-31T06:58:35.000Z,loitering,1
68f17c502-20fa-7db5-adac-5a3274e4615d,574003170,TAM DAO 05,9.7623,108.018,117.117758,117.59854700000001,102.0,96.0,2023-08-25T02:55:11.000Z,2024-04-13T18:58:32.000Z,loitering,1
cb5dbd92e-e7be-4953-3ec3-381c3f9b176f,257440000,WEST BOLLSTA,-29.6601,13.5829,304.23690600000003,306.049688,275.0,282.0,2023-08-26T04:59:33.000Z,2024-05-02T22:55:58.000Z,loitering,1
6daa33909-9d61-30bd-ca45-2dbbcb4de16f,403683000,ARABDRILL 140,28.3953,49.3826,1.111949,2.429496,74.0,72.0,2023-08-26T12:07:33.000Z,2024-12-24T05:57:07.000Z,loitering,1
97cce7b7f-f230-182a-8d35-74a34cfb3705,316317000,SEAROSE FPSO,46.7876,-48.0162,363.159562,363.893844,359.0,360.0,2023-08-27T00:04:49.000Z,2024-01-27T19:54:06.000Z,loitering,1
415d80046-6da9-ff94-f324-2a234d365e61,79036126,,35.1628,119.946,4.262808,4.262808,44.0,44.0,2023-08-28T23:31:10.000Z,2024-01-19T13:00:10.000Z,loitering,1
e79cfac78-8f58-83ea-9945-901b8261764f,60806817,,35.1454,119.8948,1.818589,2.1315,41.0,40.0,2023-08-30T04:24:59.000Z,2024-01-05T01:31:57.000Z,loitering,1
44234c13f-fa46-be93-cdf6-857c37cd9872,636015839,BORR ARABIA III,28.4478,49.3999,1.480596,2.4293470000000004,79.0,77.0,2023-08-31T03:59:22.000Z,2025-03-27T06:59:23.000Z,loitering,1
3ad301b30-0d3c-bb70-1838-65fd8b860df0,538003931,VALARIS 249,10.2588,-60.5213,29.22373,31.904826,52.0,49.0,2023-08-31T07:14:39.000Z,2024-01-30T03:55:21.000Z,loitering,1
03b731175-5ec6-587b-95ed-ffb1abdc9e7f,310766000,DEEPSEA ATLANTIC,58.7825,2.7145,14.382834,8.216253,134.0,137.0,2023-08-31T17:59:01.000Z,2024-01-26T09:55:18.000Z,loitering,1
0ac63c38f-f1e7-bdc8-b4cd-be302ce459eb,538005298,SEAFOX FRONTIER,26.5864,51.9265,1.491721,1.491721,78.0,78.0,2023-09-01T03:26:58.000Z,2024-03-12T04:41:28.000Z,loitering,1
51e9aa85a-ae02-5de5-a570-a6fd84b1cf47,636015378,SHELFDRILLING WINNER,55.531,5.0997,1.679369,5.836343,192.0,183.0,2023-09-01T20:59:37.000Z,2024-06-03T11:59:08.000Z,loitering,1
a60f952a2-29ce-9624-e6ce-77b52b3939ac,900111003,,35.1987,119.9514,6.7333300000000005,9.219308000000002,39.0,44.0,2023-09-02T07:34:42.000Z,2024-04-05T23:51:09.000Z,loitering,1
7fb4de827-7e65-4402-3122-3d330647b321,636014214,NUNCE,-7.0539,12.3638,11.601970999999999,11.601970999999999,45.0,45.0,2023-09-02T11:00:19.000Z,2024-04-12T16:59:46.000Z,loitering,1
a70200a78-8a92-69a6-411e-385d8c809c0b,677035400,OW 267,17.0238,39.9004,163.065344,163.065344,58.0,58.0,2023-09-02T13:54:46.000Z,2024-02-27T02:50:05.000Z,loitering,1
4570d76d4-405c-99a8-b235-e70834115799,309856000,ATLANTIC STAR,-22.5088,-40.3277,8.372440000000001,8.417223,87.0,91.0,2023-09-02T17:59:18.000Z,2024-02-05T20:55:00.000Z,loitering,1
e5df30d95-56b7-d988-1508-a1c943deeccc,413311000,ZHONG YOU HAI 5,40.0188,121.0934,2.8011239999999997,1.400676,39.0,40.0,2023-09-02T18:58:29.000Z,2024-01-12T03:59:45.000Z,loitering,1
b8f62d903-36a9-f051-3e41-8ef76358c7e6,413230000,PANYU30-1DPP,20.2448,114.9412,205.423719,205.423719,191.0,191.0,2023-09-03T02:31:14.000Z,2024-04-23T23:58:00.000Z,loitering,1
abc2adb6b-b5fc-ac44-002d-f89b5d0d63b8,413235370,NANHAI YIHAO,39.9456,120.7825,4.070431,4.070431,40.0,40.0,2023-09-03T04:38:27.000Z,2024-01-23T21:53:52.000Z,loitering,1
d66ebd1c0-024c-2ee9-4c54-ec61d7d7214f,413336860,LF15-1DPP,21.4994,116.4476,155.289969,155.289969,90.0,90.0,2023-09-03T05:53:04.000Z,2025-07-03T22:32:22.000Z,loitering,1
a1eaa5e1e-e999-d5b1-c666-00e8a55744ca,470345000,BATEEL,24.8562,53.6485,1.5014729999999998,1.111949,55.0,57.0,2023-09-03T07:58:57.000Z,2024-02-17T05:59:07.000Z,loitering,1
9a5ce4eb4-4064-1845-d9eb-4c3828185f35,367586370,NASHVILLE,29.1388,-93.9889,28.515027,28.922363,57.0,58.0,2023-09-03T17:59:13.000Z,2024-02-24T00:59:25.000Z,loitering,1
5f230d99d-dc3f-39b9-a0ff-01bb1c7c4616,533180176,VELESTO NAGA 8,7.0533,103.0942,124.85929700000001,167.16565599999998,106.0,149.0,2023-09-03T19:09:19.000Z,2024-02-04T23:59:43.000Z,loitering,1
53ca9f68a-acbe-a163-ba1f-81fe28803f5f,636021477,ADMARINE 688,28.4277,49.1572,2.933265,2.249946,59.0,56.0,2023-09-04T03:59:09.000Z,2025-08-09T04:59:04.000Z,loitering,1
fbc766441-10ed-ceb2-d93d-ba2c2a5b8777,642115005,SABRATHA PLATFORM,33.7513,12.6833,61.081343999999994,61.081343999999994,103.0,103.0,2023-09-05T00:00:22.000Z,2026-09-07T23:59:00.000Z,loitering,1
9721f1491-1af4-a375-2a36-5b1bc609f555,636017131,FPU LIKOUF,-5.2855,11.3842,1.107213,1.107213,73.0,73.0,2023-09-05T07:05:57.000Z,2026-09-07T23:55:20.000Z,loitering,1
c02949607-779c-0223-8011-a7876cd20eb2,563207000,JINDAL STAR,19.4177,71.4679,6.3868599999999995,6.296368,133.0,128.0,2023-09-07T00:00:09.000Z,2024-04-02T15:59:15.000Z,loitering,1
05db144fe-eb45-7d75-bf44-b248a03a532d,636019375,DEEPWATER CORCOVADO,-21.2567,-40.0083,1.036345,0.0,79.0,79.0,2023-09-07T08:49:36.000Z,2024-06-05T10:58:02.000Z,loitering,1
fe1eec4a5-5cc1-51f4-ee14-e3aff0090ad5,261053080,PETRO GIANT,55.4909,18.5905,68.588211,86.220438,66.0,83.0,2023-09-07T11:58:16.000Z,2024-07-08T06:59:08.000Z,loitering,1
fc0552c43-37ae-6a88-60a9-a49da0c189d2,636022394,AD MARINE 505,28.3464,49.728,3.91508,1.111949,67.0,71.0,2023-09-07T11:59:10.000Z,2025-10-07T03:59:29.000Z,loitering,1
da1ed2f87-786f-4d70-5ff3-285c115bb751,212335000,ICARUS III,55.4546,18.1778,74.830914,73.741086,69.0,68.0,2023-09-07T23:59:07.000Z,2024-09-02T13:29:03.000Z,loitering,1
03744b591-1e64-821f-e24d-c7b3b65d2854,538006218,NOBLE CLAUS BACHMANN,60.3733,-4.1225,1.5633920000000001,2.4812950000000003,114.0,113.0,2023-09-08T01:53:43.000Z,2024-03-12T18:58:25.000Z,loitering,1
247165342-28e1-22ef-19dd-1a4b7831d070,355631000,BW CATCHER,56.7705,0.7119,70.849836,70.51581200000001,170.0,170.0,2023-09-08T07:55:10.000Z,2024-08-18T05:54:28.000Z,loitering,1
002c070ad-dca6-eab3-9f54-2371984578bd,370506000,WEST PHOENIX,59.1905,2.4173,4.447797,7.734852,136.0,143.0,2023-09-09T09:59:08.000Z,2024-06-20T09:58:27.000Z,loitering,1
ce644b596-602f-dfab-053c-a118134e8721,636010031,DHABI II,24.703,53.93,17.639426,17.933516,39.0,44.0,2023-09-09T12:59:08.000Z,2024-01-20T07:33:19.000Z,loitering,1
8967f2f40-0e17-55f7-1c2a-e5305421a5f3,413239940,ZHONG YOU HAI 12,37.9909,119.6951,10.32799,11.011229,56.0,57.0,2023-09-10T06:51:00.000Z,2024-01-19T14:41:46.000Z,loitering,1
0bb403481-16ac-d5ef-de54-bcc3f281e752,538005361,OCEAN BLACKLION,27.1335,-90.3399,9.61626,8.880732,213.0,212.0,2023-09-11T10:51:29.000Z,2024-05-03T21:58:47.000Z,loitering,1
c5af381ad-dbb2-97d8-53d4-7a0aa1d95ae6,538010661,NOBLE REACHER,55.5096,5.0689,0.0,1.679369,187.0,192.0,2023-09-12T14:17:07.000Z,2024-09-29T12:47:11.000Z,loitering,1
abcb75c39-921c-dc9b-c477-e50d3dbc4d64,351932000,NEW DYNASTY,29.5979,48.7883,4.420214,4.420214,41.0,41.0,2023-09-15T18:59:35.000Z,2024-07-23T08:58:13.000Z,loitering,1
686af95b7-7f38-6068-e47e-869af22a1d76,352379000,SINOOCEAN AUSPICIOUS,21.0157,114.7916,106.800375,130.980133,116.0,129.0,2023-09-16T04:23:24.000Z,2024-01-18T18:52:42.000Z,loitering,1
346fb1d17-7a56-c327-d28c-17e72d53171e,538001739,F.G.MC CLINTOCK,18.2439,72.3923,19.696359,13.773875,51.0,61.0,2023-09-16T04:56:59.000Z,2024-04-28T17:56:27.000Z,loitering,1
a84111ca1-15ec-0ddc-be78-2a30f5b82d7c,367303720,BLIND FAITH,28.3419,-88.2656,7.620619,7.620619,112.0,112.0,2023-09-16T10:53:38.000Z,2024-03-24T06:59:27.000Z,loitering,1
071474908-8e5a-3603-ef31-2e5716d8a711,636015379,FREYJA,4.6326,113.227,43.290859,45.013703,80.0,82.0,2023-09-17T11:51:38.000Z,2024-02-03T19:54:24.000Z,loitering,1
6bbbedbd2-2f1d-ddcc-fb72-809d54bed748,538005375,ENSCO DS-9,-6.3036,11.0208,6.473299,4.5589189999999995,141.0,138.0,2023-09-17T12:58:27.000Z,2024-04-03T09:56:07.000Z,loitering,1
c95b4bbfe-ee88-2580-3fa1-e1999cff5bf9,548923200,CHELSEA PROVIDENCE,29.275,49.2667,23.279523,23.279523,85.0,85.0,2023-09-17T23:58:58.000Z,2024-01-17T22:50:14.000Z,loitering,1
5545d37ba-accd-9b04-8e80-ceed9b526f43,538005124,DEEPWATER PROTEUS,28.4597,-87.945,18.854162,20.454896,129.0,129.0,2023-09-18T08:55:02.000Z,2024-01-20T01:47:27.000Z,loitering,1
4450630f1-10c3-3fd6-8374-0981a2f4cb6c,563552000,AGOSTO 12,19.3817,-92.05,0.0,0.0,73.0,73.0,2023-09-19T00:00:04.000Z,2026-09-07T23:22:09.000Z,loitering,1
f6d05114f-f1d0-349f-56a0-80fa7cf267ca,636018903,ADMARINE-511,28.3333,49.2603,1.111949,1.111949,59.0,60.0,2023-09-19T13:59:36.000Z,2024-01-13T08:57:35.000Z,loitering,1
6e32e9572-2836-3325-d5c3-6e7409c0f192,355730000,FORESIGHTDRILLER-IX,18.6432,72.2968,4.570874,6.996421000000001,65.0,52.0,2023-09-20T19:13:50.000Z,2024-04-10T02:59:47.000Z,loitering,1
bfcbab3fd-dc90-a2b8-8c8f-043201523692,341694000,MT HULDA,1.8335,104.6091,27.797748,26.732057,45.0,45.0,2023-09-21T01:08:28.000Z,2024-01-06T11:44:05.000Z,loitering,1
9d2f7f7eb-b961-89fe-22c6-3e922f51fca2,352898804,QMS SUBHIYA,26.6369,51.9373,1.111949,2.277605,83.0,83.0,2023-09-21T06:59:33.000Z,2024-05-31T11:59:02.000Z,loitering,1
e670b2ae5-5ea9-4105-ee9e-4ec02c34e901,235092459,STENA ICEMAX,28.1768,-88.5259,2.9409940000000003,1.111949,115.0,103.0,2023-09-21T16:55:19.000Z,2024-09-24T22:43:29.000Z,loitering,1
22c1ce6bc-c502-803c-ca17-b74d5aafede8,636016915,WARIBOKO,-5.2434,11.5424,6.463922999999999,1.569207,57.0,56.0,2023-09-22T00:59:05.000Z,2024-02-15T15:56:00.000Z,loitering,1
797289a09-9afc-d6b2-27f5-66001ae640a8,470871000,JUNANA,24.8726,53.5106,1.501363,1.501363,44.0,44.0,2023-09-22T10:58:37.000Z,2024-01-23T06:59:37.000Z,loitering,1
2b3076ab5-5a70-83b3-83bd-639523f6db39,355792000,LA SANTA MARIA,19.5117,-92.0734,4.447797,5.657634,79.0,78.0,2023-09-22T20:52:37.000Z,2025-09-16T18:54:38.000Z,loitering,1
5e758befe-efff-2b92-f2b4-51923bb90e0a,538005126,DEEPWATER POSEIDON,26.6865,-91.1938,43.405633,25.882715,255.0,272.0,2023-09-23T07:52:11.000Z,2024-01-25T19:57:24.000Z,loitering,1
26856d06c-c4d5-0b51-5e43-70c70345b74d,371765000,WEST NEPTUNE,28.422,-89.0839,6.748875,3.681001,63.0,62.0,2023-09-23T08:55:04.000Z,2024-01-31T21:59:30.000Z,loitering,1
269966dc2-2c67-d632-9e24-1b17d6434cc8,352002614,VENUS 1,24.9134,53.7135,1.008505,1.111949,61.0,59.0,2023-09-23T10:59:15.000Z,2024-01-09T08:55:22.000Z,loitering,1
c5d01ea5c-c89b-4b29-d79c-7132100c69d6,636018673,NEW TINOS,29.6245,48.768,1.4733420000000002,0.966547,39.0,38.0,2023-09-25T05:59:33.000Z,2024-04-17T15:57:15.000Z,loitering,1
4b75d945c-c033-8603-7e49-74d9ee610ec1,235066948,STENA CARRON,7.6903,-56.2967,207.64059400000002,201.497766,197.0,188.0,2023-09-25T19:57:06.000Z,2024-01-08T02:56:25.000Z,loitering,1
6f07f85ee-e207-55a9-dab1-5988314d066e,538009901,WEST VELA,27.0306,-90.9656,19.96375,16.456076,225.0,222.0,2023-09-26T05:29:03.000Z,2024-01-11T23:37:18.000Z,loitering,1
548eb3512-26ab-f20f-da70-1652b18643ef,636013950,CAROLINA,-22.4173,-40.1011,3.803044,1.02753,95.0,111.0,2023-09-26T12:58:34.000Z,2024-01-12T08:59:42.000Z,loitering,1
5348eeed7-7b10-fa08-a412-411b90f3d7f2,636013176,ADMARINE 339,28.4161,49.6528,1.95588,1.95588,79.0,79.0,2023-09-27T15:13:39.000Z,2024-02-24T06:31:12.000Z,loitering,1
4f95af2b3-3e21-6074-e06b-3ef656733ffb,538004609,DEEPWATER ASGARD,27.4941,-90.5462,1.4864410000000001,1.4864410000000001,174.0,174.0,2023-09-27T20:44:54.000Z,2024-04-14T17:58:38.000Z,loitering,1
e817630d0-0afe-a1e7-f996-9c90c3dcdf74,650000123,CORAL-SUL FLNG,-11.2139,41.137,146.528312,146.528312,49.0,49.0,2023-09-28T13:43:07.000Z,2024-08-01T23:59:34.000Z,loitering,1
faaa255c6-6cdb-3739-8fa3-b2318484d992,636015684,LES HAT,26.2685,51.7731,21.567963,18.826297,41.0,45.0,2023-09-28T16:58:17.000Z,2024-09-30T14:59:01.000Z,loitering,1
4b3658ef5-5f95-5799-340c-7ea81d7f3ca9,374104000,LONGEVO,-6.8622,9.6344,95.430219,201.93942199999998,237.0,372.0,2023-09-29T02:59:39.000Z,2024-08-14T03:57:18.000Z,loitering,1
810ed80f1-1d78-3377-dce3-38d9dbc5cc52,621819078,MS ENOLA,2.1756,104.8418,72.601117,71.615219,45.0,46.0,2023-09-29T10:58:43.000Z,2024-03-29T03:01:43.000Z,loitering,1
ed3db2a0b-bb76-1c28-f000-e4dce58d8437,7100079,PLATAFORMA MERLUZA,-25.2658,-45.2523,0.0,0.0,138.0,138.0,2023-09-29T14:33:44.000Z,2024-01-13T19:58:08.000Z,loitering,1
fc9ffc75a-ac3c-2850-67e1-e151a2422de4,374023000,MOSCO 1,31.5078,32.7608,11.119492000000001,11.119492000000001,42.0,42.0,2023-09-30T17:24:21.000Z,2024-01-07T11:04:08.000Z,loitering,1
082a40acd-d864-3b66-bcd4-175a1669f06f,413483810,WZ11-4NB,20.7691,108.7472,0.0,0.0,45.0,45.0,2023-10-01T08:47:02.000Z,2024-02-28T05:15:53.000Z,loitering,1
3bc343a70-0b88-98d9-b842-409840bbffb0,533132341,TSEVEN ELISE,3.439,112.3757,18.100062,18.100062,48.0,48.0,2023-10-01T12:02:21.000Z,2025-09-06T12:59:36.000Z,loitering,1
29aec1dcb-b822-4fd9-0a81-22fbd39fa63f,577385000,SD MENTOR,4.1091,8.2565,6.654538,9.981807,48.0,48.0,2023-10-01T12:59:56.000Z,2024-04-10T10:21:02.000Z,loitering,1
74011ee53-307d-3e65-a9d9-aeb4185693cd,311000945,FPSO SEPETIBA,-24.6584,-42.2596,2.44266,1.010782,188.0,181.0,2023-10-01T20:59:53.000Z,2024-02-10T09:36:23.000Z,loitering,1
bf215e4be-e389-c655-1e50-6fdebcb0a4eb,372834000,LONE STAR,-21.3252,-40.0144,1.519702,1.111949,84.0,82.0,2023-10-04T07:52:21.000Z,2024-05-24T15:53:32.000Z,loitering,1
521af78db-b2ed-2cb9-9e09-f418289b5719,311069300,TUNGSTEN EXPLORER,-29.198,13.0702,339.720469,340.074031,290.0,291.0,2023-10-04T15:59:08.000Z,2024-04-14T12:59:03.000Z,loitering,1
a6ab8c179-9135-2b82-6b99-5366a7bf971a,538004598,PETROBRAS 61,-23.5161,-41.061,0.0,0.0,111.0,111.0,2023-10-05T23:26:08.000Z,2024-08-10T09:14:37.000Z,loitering,1
5d95146cd-d10e-9101-87f5-6b0d1cf0a2d8,576672000,KEY SINGAPORE,18.8441,72.2525,10.759841,4.759067,62.0,55.0,2023-10-06T02:57:39.000Z,2024-04-11T09:57:15.000Z,loitering,1
febf3963f-f280-78f4-8a49-877c8162261a,311000241,SONANGOL LIBONGOS,-6.072,10.9811,1.1057560000000002,17.491453,121.0,152.0,2023-10-06T04:58:14.000Z,2024-02-16T22:56:11.000Z,loitering,1
5a221bd61-15da-0ff7-aa6c-d1a415b589cb,235101762,GLEN LYON,60.3564,-4.0686,0.0,0.0,110.0,111.0,2023-10-06T09:57:52.000Z,2024-03-26T08:52:22.000Z,loitering,1
0e8d2d01b-bbf1-4cf7-6491-c46a394a0238,369494390,BP ATLANTIS PLATFORM,27.1953,-90.0258,2.223899,2.223899,200.0,200.0,2023-10-07T00:00:04.000Z,2025-08-02T17:28:50.000Z,loitering,1
f63abc755-5565-8559-dea5-487d89d5def0,636017939,MANORA PRINCESS,11.7374,100.5553,98.629227,99.017812,76.0,75.0,2023-10-07T12:08:38.000Z,2024-10-19T04:56:36.000Z,loitering,1
c974f097b-b525-5434-eee0-6a66439a27e7,538001830,OCEAN PATRIOT,58.3374,0.0713,8.301642,10.106607,138.0,139.0,2023-10-07T12:53:24.000Z,2024-01-30T08:20:15.000Z,loitering,1
b82607bb5-5194-9d5d-bbb9-0c29b1e0e6b8,636016768,SD KRATHONG,10.4853,101.2427,179.43896900000001,176.680203,151.0,150.0,2023-10-07T21:09:39.000Z,2024-01-20T03:19:50.000Z,loitering,1
e0db90657-7df6-517a-d1b3-be22597c8c46,538005123,DEEPWATER THALASSA,26.2211,-94.6917,27.312852,18.278115000000003,251.0,242.0,2023-10-08T10:59:20.000Z,2024-07-05T08:52:00.000Z,loitering,1
743c8d6e2-29e4-54c1-8d03-31e36f02eef5,413514410,EP20-4DPP,20.4626,113.2123,131.864234,131.864234,131.0,131.0,2023-10-09T07:11:18.000Z,2024-06-06T08:30:12.000Z,loitering,1
5b29c32bb-b75c-e4ca-81b4-e42eeaf79536,413536850,EP18-6DPP,20.4881,114.0113,158.844828,158.844828,150.0,150.0,2023-10-09T07:54:52.000Z,2024-10-21T23:58:28.000Z,loitering,1
860903922-20e3-83c0-0407-88437f573c50,538004258,ROWAN NORWAY,56.8934,-0.1257,100.351727,100.890188,119.0,119.0,2023-10-09T10:49:11.000Z,2024-01-06T19:50:24.000Z,loitering,1
5f3af9b99-9dbe-ea04-5999-9ef108ce42ce,413203740,ZHONG YOU HAI 11,39.7971,120.628,0.0,0.854292,47.0,47.0,2023-10-09T13:04:03.000Z,2024-01-15T23:59:37.000Z,loitering,1
e70260477-7d21-dbce-4c62-18157c0908bd,574369000,PVDRILLING 1,9.4546,101.0661,124.24584399999999,126.51863300000001,107.0,110.0,2023-10-09T22:57:07.000Z,2024-01-09T02:17:22.000Z,loitering,1
203e57f34-4aa1-cb67-ff82-bd656aa928af,413276000,XJ231DPP,21.3506,114.7156,80.59456200000001,80.59456200000001,89.0,89.0,2023-10-10T02:33:57.000Z,2024-01-23T09:12:14.000Z,loitering,1
ee85cbd5c-c35a-06a2-c130-d53fba5ea2a2,413258870,ZHAOSHANGHAILONG9,20.4718,113.3152,134.413891,134.413891,134.0,134.0,2023-10-10T02:46:55.000Z,2024-01-04T13:56:18.000Z,loitering,1
3ed789a3f-f8a2-84fe-77d5-207251ba2b6f,414833000,HAI YANG SHI YOU123,21.6867,116.6992,141.999047,141.999047,107.0,107.0,2023-10-10T02:55:42.000Z,2024-08-21T19:54:44.000Z,loitering,1
df71f73a4-4e4a-1537-1301-043bfc980e91,613699000,VETER,-7.9575,10.4878,128.417828,126.378719,271.0,270.0,2023-10-10T03:48:10.000Z,2024-04-18T23:43:18.000Z,loitering,1
0fc73802c-cc7b-9777-8355-96039a9eb3eb,413514170,LF12-3 WHP,21.6918,116.7243,142.295984,142.42604699999998,107.0,107.0,2023-10-10T06:39:02.000Z,2024-09-03T09:34:29.000Z,loitering,1
6316067ba-a205-2e47-d9d3-0bd1be4ee1c2,412477580,HZ25-8,21.1901,115.0225,110.43757799999999,110.43757799999999,121.0,121.0,2023-10-10T07:37:22.000Z,2024-01-23T22:39:05.000Z,loitering,1
6c0e315ec-c71b-e6c7-d57d-8cfbf18ccef7,413471930,PY5-1DPPB,20.8456,114.7905,135.846766,135.846766,137.0,137.0,2023-10-10T07:50:44.000Z,2024-01-24T06:02:37.000Z,loitering,1
a46cc870f-f66a-148c-be05-d5e2526a017e,412467260,HZ19-2,21.3658,115.0833,98.093383,98.093383,111.0,111.0,2023-10-10T09:58:41.000Z,2024-01-21T11:08:46.000Z,loitering,1
b03c361ee-e288-b51c-defb-49ac0314bec8,538010659,NOBLE RESOLVE,56.0992,4.2423,0.0,2.480737,241.0,239.0,2023-10-10T11:48:06.000Z,2024-09-07T09:59:02.000Z,loitering,1
4fcd881d3-36de-892b-50e0-eb3d9011ee5e,413297000,HZ25-3,21.1784,115.0849,114.783133,114.783133,126.0,126.0,2023-10-10T11:55:52.000Z,2024-05-15T07:59:32.000Z,loitering,1
d4e786dab-b806-4cc4-0930-c71491f6dad3,412477620,XJ24-3DPPB,21.3483,114.9833,93.359164,93.359164,105.0,105.0,2023-10-10T13:19:55.000Z,2024-09-03T01:17:54.000Z,loitering,1
bfbcd9f5d-d282-038e-14ba-101ac2365003,413471940,PY4-2DPPA,20.8389,114.6118,133.354203,133.354203,128.0,128.0,2023-10-10T13:23:57.000Z,2024-09-03T14:52:07.000Z,loitering,1
c2e00174e-e7a2-37dc-3d04-b1848846d2fa,413233020,HAIYANGSHIYOU943,21.3205,115.0882,104.504492,100.809914,117.0,113.0,2023-10-10T16:09:08.000Z,2024-04-08T07:33:00.000Z,loitering,1
7054e4bd6-65d7-f555-7b07-43aa78517605,538005579,DEEPWATER CONQUEROR,26.2834,-91.074,5.199161,0.0,308.0,305.0,2023-10-11T00:52:52.000Z,2024-01-16T13:58:37.000Z,loitering,1
d7750b303-3de7-34bd-0dc5-481bfb17d13d,413535880,LF8-1DPP,21.6737,116.3277,133.647828,133.647828,112.0,112.0,2023-10-11T08:55:12.000Z,2024-09-03T07:46:13.000Z,loitering,1
d015e31bf-f14e-1195-a88f-1234892a623b,412467270,HZ19-3,21.3522,115.0171,95.841758,95.841758,108.0,108.0,2023-10-11T10:30:23.000Z,2024-01-02T15:59:00.000Z,loitering,1
c9896f946-67b5-1b12-6cf6-59a3803c8527,538004325,ROWAN EXL-IV,28.2571,49.6255,0.0,0.979414,63.0,62.0,2023-10-11T10:59:12.000Z,2024-01-12T13:46:58.000Z,loitering,1
17d292b9f-ff0c-634c-d695-906b7064658f,636019909,BORR HILD,19.029,-92.4491,13.710802,10.331313,38.0,42.0,2023-10-11T13:59:11.000Z,2026-07-10T20:06:46.000Z,loitering,1
3f2d7be96-6953-e28b-6a17-7713e8cffc14,271047822,KANUNI,42.8256,31.2607,146.179734,150.73906200000002,147.0,151.0,2023-10-11T23:50:34.000Z,2024-04-10T18:56:00.000Z,loitering,1
b27b6004b-b5a1-c736-084f-c4bd39d9b092,353337000,ABAN II,19.6861,71.7734,27.195896,19.162688,97.0,91.0,2023-10-12T08:58:53.000Z,2024-05-17T10:59:51.000Z,loitering,1
67c9d9883-3c8e-0137-ad6e-61596b6264b3,538009623,WEST AURIGA,27.2373,-90.0046,2.2687109999999997,3.167358,197.0,195.0,2023-10-12T09:48:16.000Z,2024-02-17T07:47:59.000Z,loitering,1
e25bda04d-dbf1-aa58-bbe7-746ea7f67dae,311041200,ODN 1,-22.6663,-40.2503,0.0,0.0,107.0,106.0,2023-10-13T19:58:07.000Z,2024-02-13T18:59:13.000Z,loitering,1
1a80a9cb4-4d6a-760b-9ced-2746a66602c4,470310000,ALNOOF,25.2919,53.271,3.484023,3.484023,42.0,42.0,2023-10-14T10:58:04.000Z,2024-01-09T06:58:20.000Z,loitering,1
29e0dd3cd-d067-147c-3299-6e40545c5e06,413243130,HAIYANGSHIYOU901,39.8881,120.7849,2.035111,10.879421,40.0,49.0,2023-10-14T11:47:57.000Z,2024-02-06T18:53:44.000Z,loitering,1
f4eaa18d2-2352-6c07-3707-7ffa1e9674d1,563068230,ADMARINE 686,26.9721,50.5208,0.9910180000000001,1.111949,52.0,51.0,2023-10-14T13:28:18.000Z,2024-03-18T11:59:56.000Z,loitering,1
a1c13c645-5242-6fb2-cd1c-e19e5a6369f0,311028400,NORBE VIII,-24.7115,-42.2625,4.447797,5.5597460000000005,190.0,191.0,2023-10-14T21:58:05.000Z,2024-04-28T02:56:10.000Z,loitering,1
b07e27437-74ce-e118-664f-9f5df695b35c,466015000,ABI 5,26.4527,51.6376,12.402143,12.402143,47.0,47.0,2023-10-15T07:57:31.000Z,2024-03-28T15:58:28.000Z,loitering,1
6860e3bc3-3c2a-1f19-9e64-d22d630986dd,642122040,GAZA MARINE TERMINAL,33.9026,12.6689,59.345836000000006,59.345836000000006,118.0,118.0,2023-10-15T18:59:00.000Z,2024-03-29T06:58:27.000Z,loitering,1
198eded5f-f560-f8ce-ec03-34cdf8296e96,636020323,SEAFOX 8,26.3176,52.0096,9.652432000000001,8.272388000000001,62.0,63.0,2023-10-16T01:58:09.000Z,2024-02-10T10:54:08.000Z,loitering,1
7306be1f8-8841-555c-c937-6d0273c2d599,88880822,,35.1271,119.9221,0.9094059999999999,0.9094059999999999,43.0,43.0,2023-10-16T03:41:11.000Z,2024-03-16T10:20:13.000Z,loitering,1
af032c17d-d8fe-eb38-8699-7080c4729fc3,88880828,,35.3134,119.9865,0.0,13.7614,43.0,20.0,2023-10-16T04:18:46.000Z,2024-07-08T20:55:59.000Z,loitering,1
bad64d1a4-47d8-113f-f3f3-932d0e068b71,310713000,DEEPSEA ABERDEEN,59.1448,2.433,2.805685,3.5968850000000003,138.0,140.0,2023-10-16T14:57:13.000Z,2024-03-14T14:56:03.000Z,loitering,1
1a9107840-035c-187b-4434-da8afbe2438e,636009681,PETROBRAS 76,-24.6876,-42.5054,3.759452,3.759452,190.0,190.0,2023-10-17T15:08:09.000Z,2024-11-18T17:34:54.000Z,loitering,1
9e8854d50-0a21-b831-dc15-e53c235bcdd6,338125915,CONSTITUTION,27.2924,-90.9682,0.0,0.0,195.0,195.0,2023-10-17T19:00:34.000Z,2024-02-01T23:58:54.000Z,loitering,1
1671d9881-12a2-e2e8-6d66-4e521dcec4de,255804790,AQUARIUS BRASIL,-25.6517,-42.8697,2.4393599999999998,1.002288,287.0,289.0,2023-10-18T00:59:03.000Z,2024-01-15T22:58:00.000Z,loitering,1
5f2a4bc2a-a2da-683d-4b1f-2069a08c94e9,419900756,SAGAR KIRAN,20.3346,71.8804,13.343392,13.278464,77.0,73.0,2023-10-19T07:50:57.000Z,2024-01-26T17:59:04.000Z,loitering,1
f2dde361d-dd2d-75ee-d6c6-48b9aeacfb25,626144000,FOREVER,-6.7622,10.2712,76.354797,78.587039,225.0,239.0,2023-10-19T18:58:32.000Z,2024-02-20T18:56:13.000Z,loitering,1
4c479d535-53b0-2ae3-821a-7134a0ec3b63,413282540,LUFENG144,21.6341,116.2852,136.076078,136.076078,109.0,109.0,2023-10-20T07:00:37.000Z,2024-09-03T07:54:50.000Z,loitering,1
2c83e60f6-6b40-e849-16f7-1cc0df7a8bba,356790000,PETROBRAS-XXXIII,-22.3378,-40.0323,0.0,5.296813,107.0,104.0,2023-10-20T20:21:36.000Z,2024-02-07T20:53:34.000Z,loitering,1
f3354a4d4-4dfd-bf31-6dc5-bb4934991838,311038200,RANDGRID,58.5836,1.7328,2.064322,2.571808,197.0,197.0,2023-10-20T23:52:56.000Z,2024-02-01T00:47:06.000Z,loitering,1
2a61dba77-7ac3-1155-834b-7729ada83e84,403702245,ARB-1,28.3624,49.6544,0.978309,0.0,75.0,70.0,2023-10-21T07:57:04.000Z,2024-01-09T09:55:31.000Z,loitering,1
728ce3b02-2876-84a0-9da6-1ef3ac35724f,636019737,ARABDRILL 150,28.3841,49.554,1.481084,1.481084,78.0,78.0,2023-10-21T12:39:31.000Z,2024-06-05T11:38:00.000Z,loitering,1
a71ba5812-2e4d-20f1-1c14-527bbfe26fc8,538002097,LEEN,24.8311,53.528,2.442189,1.111949,45.0,47.0,2023-10-22T08:47:09.000Z,2024-05-14T11:57:17.000Z,loitering,1
f3d95d1bc-c335-1fc7-dd68-c478aedded4f,235107000,GLOBAL PRODUCER 3,58.353,0.8628,0.0,0.0,179.0,179.0,2023-10-22T11:26:44.000Z,2024-01-15T23:59:34.000Z,loitering,1
4ca6af2f4-49f4-e689-37a3-5ff713e4e948,412463960,LF13-1DPP,21.5876,116.1566,133.087953,133.087953,111.0,111.0,2023-10-22T12:35:38.000Z,2024-01-27T19:23:13.000Z,loitering,1
855a5a4b5-52b0-4f7d-eb9a-d1027363ccc5,310767000,DEEPSEA STAVANGER,60.0274,2.7057,51.508269999999996,52.679227,125.0,126.0,2023-10-22T23:58:25.000Z,2024-01-06T14:59:39.000Z,loitering,1
a63f73b64-464a-c5d3-2e91-7eafe7f1db60,311483000,FPSO FLUMINENSE,-22.6516,-40.4303,0.0,0.0,92.0,92.0,2023-10-24T00:35:20.000Z,2024-02-01T19:15:29.000Z,loitering,1
0852c5333-3275-66ac-98ce-35ae82870dbb,511100684,ANDIA,29.6389,48.9054,0.0,0.9664510000000001,42.0,42.0,2023-10-24T00:58:58.000Z,2024-01-21T11:29:06.000Z,loitering,1
98a1bd312-2058-1dd4-9372-d72c4c5a2889,642165061,BOURI FIELD DP4,33.899,12.7085,60.503754,65.639719,120.0,115.0,2023-10-24T13:59:18.000Z,2024-01-11T05:49:49.000Z,loitering,1
828093905-519e-fe20-b1bf-3f880284d21f,235074573,STENA FORTH,32.3786,30.6019,110.487289,118.968242,94.0,90.0,2023-10-25T15:59:33.000Z,2024-03-28T05:04:08.000Z,loitering,1
e6c4c8cb1-18a6-00ee-2f59-65ca2c7bf2ce,311044600,SWIFT 10,52.3927,3.7706,3.335848,8.895595,48.0,45.0,2023-10-25T19:59:30.000Z,2024-02-10T00:59:44.000Z,loitering,1
e5ca84c0c-cafa-1916-4df2-095738ce1785,538003304,DDKG2,-25.5921,-42.7915,2.995799,2.4392910000000003,275.0,291.0,2023-10-25T22:59:06.000Z,2024-01-25T02:58:27.000Z,loitering,1
69728b976-6e56-faaf-dda9-db6286b840ae,538008960,JINDAL EXPLORER,20.3471,71.9938,5.330841,2.223899,79.0,76.0,2023-10-26T03:59:59.000Z,2024-02-08T05:49:53.000Z,loitering,1
a0366ce8f-f975-0dcf-c526-a880a3137876,351873000,VELESTO NAGA 6,3.8483,111.9417,54.669176,62.560516,101.0,106.0,2023-10-26T23:41:37.000Z,2024-02-01T16:58:22.000Z,loitering,1
4d5baaa74-420a-1a91-41ba-0c11ee29720c,354150000,WEST JUPITER,-24.6646,-42.4612,1.010539,0.0,188.0,189.0,2023-10-27T07:59:00.000Z,2024-03-20T17:59:07.000Z,loitering,1
56a1322aa-a776-cbbf-bcf3-00c334bc8d8f,413277590,KL10-1CEP PLATFORM,37.8127,119.6262,0.0,0.0,49.0,49.0,2023-10-28T07:00:57.000Z,2024-08-28T05:23:17.000Z,loitering,1
307464c06-6e17-4252-3d74-2fc47ea6813b,710000925,POLVO A,-23.0836,-40.9954,10.557108,10.557108,88.0,88.0,2023-10-28T16:30:56.000Z,2024-03-07T04:05:12.000Z,loitering,1
27fc2999b-bfcc-d5a2-00b8-c76da320e91d,538001757,NOBLE ENDEAVOR,56.8768,1.589,18.549811000000002,23.377371,214.0,214.0,2023-10-28T17:59:38.000Z,2024-02-14T00:49:18.000Z,loitering,1
de9352156-6af8-1630-cf0e-47a307f6825c,310776000,DEEPSEA NORDKAPP,59.5888,2.1303,9.826279000000001,5.5337060000000005,155.0,160.0,2023-10-28T19:57:36.000Z,2024-01-16T20:58:32.000Z,loitering,1
0b96abf6f-fd66-ae68-8542-f984e644ce91,636019374,DEEPWATER MYKONOS,-24.6593,-42.2569,3.2294490000000002,1.5025110000000002,184.0,185.0,2023-10-30T02:56:11.000Z,2024-01-29T16:57:03.000Z,loitering,1
a35a87e8f-f505-5930-bb9e-58427ca950ad,345070305,SANDUNGA,19.5216,-91.9619,0.0,3.8511309999999996,78.0,76.0,2023-10-30T11:28:46.000Z,2024-07-31T19:58:11.000Z,loitering,1
18a65b8d0-09f5-e452-6731-49906f4574d2,419900753,SAGAR RATNA,19.2492,72.1834,6.753811,6.753811,62.0,62.0,2023-10-31T03:49:28.000Z,2024-01-05T11:58:49.000Z,loitering,1
fed3d534e-e8f3-6196-e982-34a8b4a82fac,636021841,ADMARINE 692,28.5911,49.5829,1.111949,4.060494,97.0,98.0,2023-11-01T10:58:31.000Z,2025-01-09T11:58:00.000Z,loitering,1
e77ab3b88-8ff4-dc6a-4054-d67b50077d56,525021039,COSL 225,-4.8883,106.5158,1.5693320000000002,74.886227,42.0,88.0,2023-11-02T00:02:24.000Z,2024-10-04T11:03:42.000Z,loitering,1
83603594b-b09c-ca34-f2f5-50277444ad31,311066000,SAIPEM FDS,-24.6037,-42.5641,3.229905,7.521645,182.0,178.0,2023-11-02T03:59:13.000Z,2024-01-15T19:59:54.000Z,loitering,1
fc1f2c95b-bc31-42dd-781b-938a3bff43b6,538005828,VENUS,-25.6707,-43.2032,1.0022039999999999,0.0,281.0,280.0,2023-11-02T10:58:35.000Z,2024-01-09T20:59:00.000Z,loitering,1
5e5dc55a8-8ff6-9db1-4318-248389419928,413208840,LF13-2DPP,21.6304,116.0539,124.14005499999999,124.14005499999999,121.0,121.0,2023-11-02T14:34:08.000Z,2024-01-23T01:51:50.000Z,loitering,1
6dd852597-7ba8-fe4e-ff36-38ac38ce0df3,538001927,WELL-SAFE GUARDIAN,57.7278,-0.1019,55.596156,46.486914,96.0,111.0,2023-11-02T17:43:06.000Z,2024-09-19T12:59:14.000Z,loitering,1
a9b3ac02d-d831-b008-4c08-68b474b02ea7,574005380,IVY,2.004,104.7344,50.72002,49.236160000000005,53.0,54.0,2023-11-03T01:56:56.000Z,2024-02-14T15:33:31.000Z,loitering,1
c98d53df1-19aa-8e2d-30e1-dfb763b55ec2,525008063,FPSO BELANAK NATUNA,4.165,106.2292,89.018195,89.018195,83.0,83.0,2023-11-03T02:45:21.000Z,2026-05-04T23:59:09.000Z,loitering,1
dcf03468f-f777-0670-db65-c68e7c185b51,413495540,HZ32-5DPP,21.14,115.3161,133.736688,133.736688,146.0,146.0,2023-11-03T05:11:36.000Z,2024-09-03T00:28:14.000Z,loitering,1
d515a9da6-6129-1e7a-cf7f-360e6e1acca6,412465310,HZ32-2,21.1616,115.1701,122.06479700000001,122.06479700000001,134.0,134.0,2023-11-03T06:39:02.000Z,2024-01-28T07:24:45.000Z,loitering,1
e59cc1810-0ce6-1f4c-790c-96313105ff92,370716000,ORIENTAL DISCOVERY,29.5607,125.213,228.577797,229.740719,240.0,241.0,2023-11-03T16:11:24.000Z,2024-07-20T04:16:00.000Z,loitering,1
3412d310a-aace-ad68-0843-ee63647dde0e,457794000,ABAN VIII,19.1042,72.0283,6.671696,23.800678,62.0,97.0,2023-11-05T01:08:09.000Z,2024-04-11T10:38:59.000Z,loitering,1
4fa4d8fab-bb67-e089-6c1d-4081d008d71f,563855000,SAFE NOTOS,-21.462,-40.0606,0.0,32.835679999999996,76.0,92.0,2023-11-05T02:58:39.000Z,2024-02-18T15:59:14.000Z,loitering,1
808e3f305-5e44-7656-5d7c-9bf69c8a6848,538010660,NOBLE RESOLUTE,55.2917,3.8024,55.649723,56.86807,229.0,228.0,2023-11-06T05:52:19.000Z,2024-02-14T22:38:32.000Z,loitering,1
e570791a2-2a72-e349-be1e-4282e3c1da64,538002388,FSO AFRICA,26.6709,51.9012,0.0,0.0,83.0,83.0,2023-11-06T08:03:38.000Z,2024-04-01T12:59:11.000Z,loitering,1
eb8abec3a-a565-d0d5-4dbf-751f5781914d,419901427,GREATDRILL CHITRA,18.514,72.2719,2.4611799999999997,2.461207,63.0,66.0,2023-11-06T08:58:05.000Z,2024-01-12T03:59:26.000Z,loitering,1
164ac1661-19fd-0747-c445-f93f355d293c,370718000,HAKURYU-5,4.9301,111.6306,24.391311,162.624891,165.0,251.0,2023-11-06T13:49:52.000Z,2024-01-09T14:49:41.000Z,loitering,1
01f0f7595-5930-26f3-a6ff-e1d4417666c2,414482000,SHEN LAN TAN SUO,20.5278,113.7417,146.11796900000002,143.855,150.0,147.0,2023-11-06T23:46:10.000Z,2024-01-19T00:58:36.000Z,loitering,1
65ce3bbf1-1f9a-52d0-4b8e-e820977c0590,311001343,DEEP VALUE DRILLER,4.7526,-3.5344,45.717578,49.213426,46.0,45.0,2023-11-08T01:57:51.000Z,2024-01-02T15:59:54.000Z,loitering,1
8ed684bec-cbcd-7cc5-d86e-125d07e39ef2,538003860,JINDAL SUPREME,20.3382,72.1012,11.817385,8.3685,65.0,71.0,2023-11-08T01:59:26.000Z,2024-01-15T06:54:56.000Z,loitering,1
6dc694a7a-afb0-f9ac-ca78-144da745e6cb,355379000,PICO 4,19.1013,-92.3867,10.70857,9.041947,44.0,48.0,2023-11-08T11:30:37.000Z,2024-01-26T01:50:05.000Z,loitering,1
bb76fef87-7aaf-4c09-77e8-089890d5c47b,235060864,STENA DRILLMAX,8.2204,-57.1367,193.579766,192.43932800000002,178.0,177.0,2023-11-08T14:59:40.000Z,2024-01-14T06:59:06.000Z,loitering,1
9b4477f11-17d9-3170-f8ff-88b24a41854d,352001034,ZAMBRA,-2.8924,-37.8936,100.64932,103.438531,109.0,112.0,2023-11-09T00:01:13.000Z,2024-01-09T02:48:15.000Z,loitering,1
5ac7cda50-0294-e937-fd05-c632e6a6d550,419901430,GREATDRILL CHETNA,19.3506,72.2098,13.923884,17.267049,56.0,56.0,2023-11-09T04:58:05.000Z,2024-01-28T10:58:44.000Z,loitering,1
85f6d7d1c-c6e2-f2eb-e690-6af22098c43b,533000002,SMA REQUEST 2NM CPA,5.7623,104.262,80.290133,80.290133,119.0,119.0,2023-11-09T09:05:56.000Z,2024-03-14T23:57:52.000Z,loitering,1
a7e813bda-a6bd-d6e5-1220-746d4d3f2e44,470891001,NURAI,24.8653,53.7991,0.0,3.223955,55.0,54.0,2023-11-09T15:19:46.000Z,2024-06-26T13:59:24.000Z,loitering,1
b4391d269-9cf7-34b2-3985-fb32b310a2f3,533371000,CASPIAN SEA,3.5382,112.8164,18.480905999999997,18.480905999999997,38.0,38.0,2023-11-09T15:58:19.000Z,2024-02-06T05:44:12.000Z,loitering,1
38d9edf50-0dcd-2d21-7754-e68886586952,312010000,KJO CONSTRUCTOR,28.4524,48.9114,2.223899,2.4293470000000004,39.0,35.0,2023-11-10T07:55:19.000Z,2024-02-20T08:54:17.000Z,loitering,1
79df21eeb-b769-fd94-3672-ec9cb51ff30e,477007600,ERECTER,1.9204,104.7129,39.855207,40.776203,60.0,58.0,2023-11-10T11:59:04.000Z,2024-01-18T15:59:05.000Z,loitering,1
c0efda5ef-fee9-4e1a-8f6a-27f64bcec4b4,412461260,NANHAIERHAO,21.6588,116.1741,126.746102,127.259664,118.0,117.0,2023-11-10T13:28:27.000Z,2024-01-25T21:46:21.000Z,loitering,1
e73beb296-6a51-17d3-37db-b35ffe8fc304,413473840,NAN HAI BA HAO,19.6355,113.4871,229.260438,226.99853099999999,228.0,226.0,2023-11-10T13:29:26.000Z,2024-01-03T12:31:41.000Z,loitering,1
540bd8982-2c6d-172f-6ae1-6e7a3310b6ef,351279000,PETROBRAS-31,-22.1302,-39.9665,0.0,0.0,106.0,106.0,2023-11-10T13:49:36.000Z,2024-07-16T13:53:11.000Z,loitering,1
88b495c58-8ba4-7f24-5e5a-6086aef09061,354982000,WEST GEMINI,-7.4855,11.5518,2.223899,6.671696,143.0,144.0,2023-11-10T14:59:56.000Z,2024-09-13T18:33:23.000Z,loitering,1
0d2bb1527-77c9-0382-26fa-35a6431786f4,413287430,GUOHAIGUOYU,38.1967,119.7497,13.457574000000001,15.786833,69.0,70.0,2023-11-10T21:49:49.000Z,2024-04-24T21:59:14.000Z,loitering,1
3b1bbb9f2-2c0c-d8ac-e19f-5324ecfc241b,525394249,AIS  BUOY-4249  100%,-14.2586,107.763,477.309031,488.44981199999995,463.0,474.0,2023-11-11T01:41:23.000Z,2024-01-06T12:27:44.000Z,loitering,1
35101c80b-b84b-fcb3-50ea-63ba7b302d45,413236030,BO HAI 4 HAO,39.9014,120.7756,3.411697,4.8102,43.0,44.0,2023-11-11T13:22:17.000Z,2024-01-24T22:57:47.000Z,loitering,1
53d591e8e-e2b7-bd1c-f240-5882cb5160fd,345070391,TABASCO,19.1261,-92.2436,5.45099,7.648324,48.0,46.0,2023-11-11T17:55:56.000Z,2024-05-16T18:59:26.000Z,loitering,1
56b8e4cc4-46d7-be0b-0563-7b6f76e23afb,258615000,TRANSOCEAN ENABLER,58.3789,1.5672,21.011752,23.888296999999998,214.0,216.0,2023-11-12T02:58:09.000Z,2024-01-24T17:02:26.000Z,loitering,1
fe5c12305-5a71-5cca-3fc2-9d533d1ccaf0,538010167,KINGDOM 1,28.466,49.574,3.909911,2.932433,86.0,86.0,2023-11-12T03:57:51.000Z,2024-09-03T23:10:06.000Z,loitering,1
8bcbe823f-f126-1afd-490d-e34d51228c01,355312000,VIVEKANAND 3,25.4966,53.1119,1.0037129999999999,1.497927,43.0,44.0,2023-11-12T03:59:29.000Z,2024-04-25T11:59:19.000Z,loitering,1
45e2898a8-8a77-9875-b017-3609dfca962d,351635000,WELL-SAFE PROTECTOR,53.6589,3.888,44.286964999999995,45.579035000000005,80.0,81.0,2023-11-12T20:50:08.000Z,2024-02-24T09:53:28.000Z,loitering,1
0fd7198a5-547e-454b-ed54-6eac667816c9,525007204,COSL 221,-4.6727,106.6214,64.774016,61.630617,81.0,77.0,2023-11-13T00:01:06.000Z,2024-01-18T10:59:39.000Z,loitering,1
579f521a1-1956-755c-96ad-85e300e5bc6b,525343318,AIS BUOY-3318  100%,-14.1944,106.6917,426.873062,439.52475,411.0,423.0,2023-11-13T04:32:11.000Z,2024-01-05T11:38:27.000Z,loitering,1
ef3bf02f9-9574-94e1-bdc8-c0719327c328,88880827,,35.1312,119.9262,1.8188119999999999,1.8188119999999999,44.0,44.0,2023-11-13T12:15:13.000Z,2024-01-19T13:24:30.000Z,loitering,1
b6be6a8d8-8423-c0ba-1967-281c2b437a61,88880826,,35.1359,119.9145,2.945652,2.131881,44.0,42.0,2023-11-13T12:41:58.000Z,2024-03-16T20:28:50.000Z,loitering,1
6f0d09248-8512-b5fa-e31a-30431b58ec4b,88880824,,35.1428,119.9135,1.818589,2.945652,41.0,44.0,2023-11-13T12:59:24.000Z,2024-04-01T22:40:54.000Z,loitering,1
6977766e1-1445-99fa-2d77-7fffe72a6f75,88880821,,35.1319,119.9046,1.436507,0.0,43.0,42.0,2023-11-13T13:23:04.000Z,2024-07-12T01:24:29.000Z,loitering,1
3089676ab-b7d6-e083-e340-44c0acc9baf5,88880829,,35.0908,119.9153,1.111949,6.194458,44.0,48.0,2023-11-13T13:56:45.000Z,2024-09-20T09:34:08.000Z,loitering,1
d30c0f837-7527-a197-93be-3215dfaeb4ea,412469570,W111,20.7967,108.7247,4.566668,4.566668,46.0,46.0,2023-11-13T14:00:20.000Z,2024-01-27T10:10:07.000Z,loitering,1
b63c32a0d-db7c-8018-230a-10d0f22d2feb,88880825,,35.1244,119.9029,1.436507,1.436507,43.0,43.0,2023-11-13T14:02:14.000Z,2024-07-18T21:26:14.000Z,loitering,1
c2fbef567-785b-4bd1-0a79-6f5de3d80a58,60806813,,35.124,119.8878,2.131881,2.131881,42.0,42.0,2023-11-13T22:45:45.000Z,2024-01-18T11:50:06.000Z,loitering,1
e646df602-2094-ca60-9cf1-8dce2508be9e,351784000,NORBE VI,-22.8146,-40.4497,14.036438,9.802123,110.0,103.0,2023-11-13T23:59:23.000Z,2024-01-16T19:58:29.000Z,loitering,1
ecaade03e-e841-9f7a-67fc-98cfafc73966,538003899,ARMADA TGT 1,9.9707,107.9689,102.747398,102.747398,77.0,77.0,2023-11-14T00:00:55.000Z,2024-03-20T23:57:57.000Z,loitering,1
f4403acef-f025-859c-45db-0719c673c29e,370016000,MICLYN CONSTRUCTOR I,18.5442,72.2789,2.1086060000000004,0.0,65.0,61.0,2023-11-14T01:59:02.000Z,2024-01-04T04:58:43.000Z,loitering,1
fef98da37-7b41-6fa5-463c-db3b90cace64,352001785,ADMARINE 10,19.5435,71.3484,2.0965979999999997,2.458284,140.0,128.0,2023-11-14T02:55:05.000Z,2024-08-14T06:49:30.000Z,loitering,1
6319ecea5-5167-1b83-b6f4-33e0c0c5bd56,60806806,,35.1327,119.8984,2.131881,0.0,42.0,42.0,2023-11-14T03:21:41.000Z,2024-01-26T10:14:02.000Z,loitering,1
c7d1c61c6-6ade-9297-15f7-bb1f585ca006,20406004,,35.064,119.94,7.208341000000001,7.185713,49.0,50.0,2023-11-14T03:44:20.000Z,2024-02-01T10:59:29.000Z,loitering,1
8a9a60738-885d-30ed-9109-1e1fd34e0592,20406008,,35.0928,119.9715,7.599578,7.360175,50.0,49.0,2023-11-14T03:49:21.000Z,2024-01-12T13:45:48.000Z,loitering,1
a1086cbab-b9b0-ec67-d911-b952fce8a5e4,34111154,,35.0952,119.8363,4.539837,4.539837,40.0,40.0,2023-11-14T03:50:05.000Z,2024-03-21T04:07:19.000Z,loitering,1
c700dbe36-6873-fef4-b6eb-29b163844c94,20406001,,35.0806,119.9327,7.599578,4.539859000000001,50.0,46.0,2023-11-14T03:51:07.000Z,2024-01-17T15:46:50.000Z,loitering,1
eba42b2ea-a8cd-84ed-0c49-5c3244cb2029,20406002,,35.072,119.9131,6.733435,6.733435,48.0,47.0,2023-11-14T04:10:08.000Z,2024-06-19T05:52:10.000Z,loitering,1
5c776f16a-a567-3e7a-7c0b-8821c7a3a164,20406005,,35.0629,119.9319,6.915348,6.646348,49.0,49.0,2023-11-14T10:59:27.000Z,2024-07-15T08:43:04.000Z,loitering,1
e32594def-f933-6901-e5d8-65fa8fb3632d,357118000,HYUNDAI 2500,19.6249,92.5466,3.3322849999999997,9.832691,57.0,53.0,2023-11-15T00:46:01.000Z,2024-04-08T04:58:32.000Z,loitering,1
a4157d5c0-0d01-44c5-5893-94e4253dd7cc,222200100,YU.WANG.QU.812-01,35.1476,119.7317,2.874779,2.722511,46.0,7.0,2023-11-15T05:12:25.000Z,2024-01-06T03:25:43.000Z,loitering,1
daf3a345c-ce43-b2cb-273a-6392bb6b4ada,60903009,,35.0578,119.7813,1.436931,1.436931,38.0,38.0,2023-11-15T05:47:16.000Z,2024-03-10T18:22:57.000Z,loitering,1
50f2c1e6c-c3c8-cc74-a290-a6d56334fba5,60903002,,35.0542,119.7966,3.5216030000000003,3.5216030000000003,40.0,40.0,2023-11-15T05:52:19.000Z,2024-01-19T00:33:20.000Z,loitering,1
0ad58eef5-5bfc-26bc-1433-96d85054db30,60408126,,35.0576,119.8245,5.5728480000000005,4.68454,42.0,42.0,2023-11-15T05:57:19.000Z,2024-05-01T01:42:54.000Z,loitering,1
c3175cfe6-6c3a-0f23-a1b3-1edd34dc53a4,66002219,,34.8259,119.9,5.0652479999999995,4.809603,42.0,16.0,2023-11-15T06:17:15.000Z,2024-02-07T21:32:08.000Z,loitering,1
08132a4d6-642a-5666-a0ce-38733f42482d,33028204,,35.0629,119.8727,2.873932,7.599578,39.0,50.0,2023-11-15T09:28:59.000Z,2024-02-04T22:42:25.000Z,loitering,1
4c03f020c-c255-b51b-fe60-7d3230c61b4b,34111151,,35.0696,119.8318,4.937085,4.937085,42.0,42.0,2023-11-15T09:29:32.000Z,2024-01-06T13:43:26.000Z,loitering,1
854379ae2-24c9-d912-cda3-b68faa64c1db,60903004,,35.0606,119.7805,1.436931,1.436931,38.0,38.0,2023-11-15T10:31:46.000Z,2024-02-23T06:23:40.000Z,loitering,1
4f0df197e-ee21-78e3-0fb0-0751d778af38,403735000,ARABDRILL 130,28.5498,49.5437,7.399618,7.606076,94.0,96.0,2023-11-16T12:53:23.000Z,2024-09-22T06:58:08.000Z,loitering,1
3446c0866-62dd-4192-7181-47f49f87e7ad,371347000,ALPHA STAR,-23.5351,-41.1209,0.0,6.967218,109.0,106.0,2023-11-16T12:59:08.000Z,2024-06-08T09:03:42.000Z,loitering,1
7713ff1c7-7529-ed55-0879-f55bb08c969b,613001301,ELIZABET,25.6896,56.9176,25.078717,27.260973000000003,41.0,38.0,2023-11-16T13:59:38.000Z,2024-01-02T00:55:59.000Z,loitering,1
18b86884d-d36e-3496-bd19-523bb1430751,566983000,MAERSK VENTURER,4.5512,-2.8704,3.5062990000000003,1.570052,53.0,54.0,2023-11-16T13:59:42.000Z,2024-06-10T12:45:12.000Z,loitering,1
d65487169-9d26-3c93-4d1c-44073ef95945,525394246,AIS  BUOY-4246  100%,-14.064,107.6442,457.493219,457.809125,443.0,443.0,2023-11-17T03:00:30.000Z,2024-01-18T04:48:06.000Z,loitering,1
0fc425902-2158-80a0-1dc1-a861f2b69892,218319000,WIND LIFT 1,54.0329,6.4232,4.635727,3.869069,51.0,48.0,2023-11-17T05:55:21.000Z,2024-01-07T14:57:20.000Z,loitering,1
1a134613b-b182-3d1d-747d-0be11ad14104,413483780,WZ122,20.7524,108.8704,1.111949,1.111949,38.0,38.0,2023-11-17T06:49:15.000Z,2024-09-05T02:54:10.000Z,loitering,1
f27188f0e-e56a-0419-2d3e-adfa11108839,636015626,ADMARINE 266,28.4152,49.6103,1.111949,0.0,79.0,79.0,2023-11-17T08:50:24.000Z,2024-01-15T18:24:17.000Z,loitering,1
e915ba084-454b-6c55-8c0b-ded62357201a,577087000,PROSPECTOR 1,54.1225,2.8716,97.562461,96.69350800000001,162.0,166.0,2023-11-17T11:09:33.000Z,2024-01-29T04:53:51.000Z,loitering,1
93bf6116f-f699-2f4d-c567-a15492059629,311030700,SAIPEM12000,-6.1146,11.3392,10.898994,7.840186,99.0,103.0,2023-11-17T13:59:02.000Z,2024-02-10T15:59:19.000Z,loitering,1
71e5c580b-b92d-16ed-7732-c11efde5f2ec,375125000,QMS PRIDE,24.8294,53.6442,1.009077,0.0,54.0,53.0,2023-11-18T09:13:52.000Z,2024-01-26T02:57:18.000Z,loitering,1
b9c9714ec-cfcf-44a1-f668-e250b80a8fbe,413233660,LONGYUANZHENHUA 3HAO,21.1234,111.6265,35.101938000000004,32.636210999999996,45.0,42.0,2023-11-18T20:00:38.000Z,2024-01-09T03:19:31.000Z,loitering,1
187f17cf9-9ea6-8237-794e-9d4b045478eb,352002089,NEPTUNE 6,11.5776,-61.7576,52.544398,52.702746,52.0,52.0,2023-11-19T00:38:48.000Z,2024-01-19T16:57:50.000Z,loitering,1
f2d47c442-289d-2f0b-75d0-0112f89aa4dd,403500001,ARABDRILL 30,28.4663,48.973,3.9095410000000004,3.8668159999999996,44.0,42.0,2023-11-19T06:48:16.000Z,2024-01-03T03:24:51.000Z,loitering,1
15ce055e9-9af4-7257-7c7e-23bfd20a5044,374856000,PESTO 4502,25.4885,53.1389,0.0,0.0,45.0,45.0,2023-11-19T06:59:12.000Z,2024-03-19T08:58:31.000Z,loitering,1
c5fe644a7-76a1-2fdf-287e-81b6da8c8752,351731000,QMS LULWA,25.2795,53.4814,2.297947,1.111949,60.0,58.0,2023-11-19T08:49:09.000Z,2024-01-30T07:59:19.000Z,loitering,1
1a1e09d0c-c3d8-76cf-a27f-f573c982fc7c,538006156,TEMIS,3.7993,8.0847,1.111949,1.1095050000000002,55.0,55.0,2023-11-19T13:59:10.000Z,2024-01-01T14:59:16.000Z,loitering,1
95c152dc5-5e1b-ed27-38d0-e2fbc6b94f84,525201407,OCBTANJUNGLESUNG,-4.6167,106.6667,71.252117,71.252117,85.0,85.0,2023-11-19T19:34:40.000Z,2024-12-13T10:06:04.000Z,loitering,1
dfaf61124-46d8-416f-7cd5-1861e6edf587,308788000,FPSO SAXI BATUQUE,-6.3165,11.279,1.105213,2.4833790000000002,112.0,110.0,2023-11-21T02:52:43.000Z,2024-01-11T15:43:05.000Z,loitering,1
a636d7d41-1299-5d7d-b987-d2073e85aae7,60600024,,35.0289,119.7967,7.993856,5.5728480000000005,35.0,42.0,2023-11-21T07:38:50.000Z,2024-01-31T10:25:57.000Z,loitering,1
cb5297bce-e049-3d10-c372-4f9a8781973c,373858000,KINOA 4307,24.8553,53.6099,0.0,0.0,54.0,53.0,2023-11-21T14:52:39.000Z,2024-05-30T05:59:28.000Z,loitering,1
15ea4bdff-fca7-ce73-8d05-cdad73c0fd28,412477340,NAN HAI JIU HAO,20.7461,114.5712,143.743812,143.17425,135.0,136.0,2023-11-21T19:55:55.000Z,2024-03-11T22:50:53.000Z,loitering,1
f352b8d27-7bfe-6c23-474f-d1e46bd6a716,412465670,DONGFANG1-1CEP,18.6151,107.7603,96.43682799999999,96.330586,93.0,94.0,2023-11-22T04:05:41.000Z,2026-09-07T21:28:21.000Z,loitering,1
075f4afed-dc9d-b9ac-890a-daf8bfedf430,122790049,ZHELINYU12279-49-99%,31.1841,122.9096,9.188379999999999,8.562808,43.0,40.0,2023-11-22T04:26:47.000Z,2024-01-01T09:17:22.000Z,loitering,1
c656d33cb-b47a-807d-abbb-2ad3de9f472a,14690133,NET-ZSY01469-133-99%,31.1371,122.8948,8.565520000000001,5.7103459999999995,37.0,36.0,2023-11-22T07:02:37.000Z,2024-01-01T04:45:42.000Z,loitering,1
007e86dc4-47ba-aeb8-322d-056a81b3fee3,413334690,KL16-1WHPA PLATFORM,37.6539,119.524,8.298478999999999,8.298478999999999,39.0,39.0,2023-11-22T14:17:59.000Z,2024-04-05T08:59:24.000Z,loitering,1
ccc6ea8be-ef1c-0133-b380-9ab50bbcf8b1,412463930,YA131,17.5093,109.0252,87.346008,87.346008,87.0,87.0,2023-11-22T23:21:07.000Z,2024-12-12T11:09:13.000Z,loitering,1
7a9ae09aa-acf1-859d-a36f-a33f99f4bfe7,366050100,TLP SHENZI,27.3004,-90.1341,8.301007,8.301007,193.0,193.0,2023-11-23T00:00:31.000Z,2026-03-24T23:58:52.000Z,loitering,1
2a29715c4-4dfd-459b-3432-6689260aea27,257804000,HEIDRUN B,65.3439,7.3668,43.455991999999995,43.455991999999995,159.0,159.0,2023-11-23T08:55:15.000Z,2024-01-26T13:34:48.000Z,loitering,1
542c2001a-a12f-700c-fa35-038325857a0f,636019629,PERRO NEGRO 9,28.4339,49.3923,1.111949,0.0,78.0,75.0,2023-11-24T03:46:37.000Z,2024-02-21T17:59:12.000Z,loitering,1
4609478d4-4752-5eb6-7166-577339f12b65,353713000,GIRASSOL,-7.653,11.6801,0.0,0.0,136.0,136.0,2023-11-24T09:05:57.000Z,2024-01-07T03:26:56.000Z,loitering,1
ec1f7baf3-3695-3366-980b-bfe8653fe31f,66399815,,35.1304,119.9638,4.5470299999999995,4.5470299999999995,46.0,46.0,2023-11-24T11:01:04.000Z,2024-01-12T23:53:09.000Z,loitering,1
7c9e6d08c-c83a-31b4-ed04-5bb923cd97da,538006195,DEEPWATER TITAN,27.1535,-91.2211,29.493226999999997,28.381672000000002,212.0,213.0,2023-11-24T11:59:43.000Z,2026-05-02T05:22:45.000Z,loitering,1
9e50b3731-1bcc-2141-9d13-5e0ab075fa1e,261000190,BALTIC BETA,55.4814,18.1826,77.012484,77.012484,71.0,71.0,2023-11-24T16:38:38.000Z,2025-06-02T15:54:10.000Z,loitering,1
5d0a33e0f-faa9-8ee1-7d47-e35de21dc2b9,234610787,YU.WANG.QU.3309-04,34.9982,119.9421,5.900289,3.6429769999999997,49.0,49.0,2023-11-24T23:16:59.000Z,2024-02-16T09:45:49.000Z,loitering,1
2e3e24253-3acf-7850-dca5-17c1b0d9d165,222200174,YU.WANG.QU.3639-02,34.9767,119.8788,4.540127999999999,3.80091,42.0,42.0,2023-11-25T00:42:56.000Z,2024-01-08T09:22:30.000Z,loitering,1
b6b9cb5b3-311a-aab6-c4d8-7f3778094bb6,419001591,SHIVANSH ARYAN,18.7268,72.3148,5.373267,1.531525,56.0,53.0,2023-11-25T02:51:40.000Z,2024-01-24T00:48:57.000Z,loitering,1
38d76516a-ae15-7263-437c-7853916574e3,538001736,HARVEY H WARD,28.4121,49.6613,1.48084,0.0,76.0,81.0,2023-11-25T03:46:06.000Z,2024-08-28T12:42:04.000Z,loitering,1
877957021-188f-a196-a0aa-395d858a6bc0,412465330,HUIZHOU 211,21.3489,115.4224,125.545086,125.545086,140.0,140.0,2023-11-25T18:16:37.000Z,2024-02-19T11:25:46.000Z,loitering,1
04f9f69a3-3c86-a5e4-66cc-ef715fce23fd,345070329,TA`KUNTAH,19.6952,-92.0903,11.882479,15.374457,60.0,57.0,2023-11-25T20:32:26.000Z,2024-01-25T01:58:27.000Z,loitering,1
5fe73501c-c168-ca0b-09b9-efdad360052f,413527000,ZHONG YOU HAI 7,38.1338,119.5562,1.4147750000000001,1.7491050000000001,53.0,53.0,2023-11-26T02:59:40.000Z,2024-01-05T02:54:31.000Z,loitering,1
009c90433-3d6a-14ad-6fe5-5684d93e2c4d,376465000,QMS OMAR,28.4654,49.6714,0.977478,0.97757,85.0,82.0,2023-11-26T03:59:17.000Z,2024-04-12T12:59:47.000Z,loitering,1
1bf9e0821-13ad-931a-18c9-133780103afe,60001204,,35.0619,119.828,5.5728480000000005,5.5728480000000005,42.0,42.0,2023-11-26T04:17:15.000Z,2024-02-12T00:49:30.000Z,loitering,1
64d76dea9-9760-669a-2ef7-282be845c698,354961000,SAHAR 1,29.4761,49.3902,19.792432,19.792432,60.0,60.0,2023-11-26T06:51:22.000Z,2024-02-13T18:56:00.000Z,loitering,1
a0f63e8ad-de70-3ebf-4d79-1633f401ec70,352002234,GALAXY STAR,29.2303,49.1463,21.978629,21.978629,75.0,75.0,2023-11-26T10:47:52.000Z,2024-01-03T16:16:39.000Z,loitering,1
be68e5b86-634c-2a9a-5e36-6120f8c9d264,419383000,SAGAR BHUSHAN,19.7134,71.0026,34.809699,34.58543,109.0,110.0,2023-11-26T16:01:16.000Z,2024-03-08T10:58:07.000Z,loitering,1
37433f0d5-55aa-45d6-96c2-4061a79539cf,258627000,TRANSOCEAN ENCOURAGE,65.2141,6.9969,16.968584,26.145631,162.0,161.0,2023-11-26T20:57:27.000Z,2024-02-01T00:55:01.000Z,loitering,1
579aabbb0-0074-6c4e-df14-88b6e71cc322,210566000,HERCULES,-28.8174,13.9439,251.10459400000002,250.131891,196.0,195.0,2023-11-26T20:58:08.000Z,2024-05-01T09:59:51.000Z,loitering,1
a8b2176bd-d30d-875d-76dc-b825b009198d,234610118,YU.WANG.QU.317-05,35.0229,119.8904,2.403118,1.437284,46.0,47.0,2023-11-26T21:29:33.000Z,2024-03-02T08:48:53.000Z,loitering,1
a7cefe88f-f28f-bf57-f4f4-3d7fb67ad336,994168312,FISHING BUOY 21   1,-27.0602,112.6476,113.062883,113.062883,97.0,97.0,2023-11-27T02:51:40.000Z,2024-01-15T21:41:53.000Z,loitering,1
a7d5d6e50-0a7c-0a69-35d8-fab57d11590d,311000282,POSH XANADU,-25.4535,-42.993,5.5597460000000005,11.889394,250.0,269.0,2023-11-27T06:58:36.000Z,2024-04-19T09:59:05.000Z,loitering,1
b74b1c2af-f52d-5fc5-6eaa-b4a57321d499,354068000,GLOBAL STAR,25.6367,56.9214,26.273217,27.267732,42.0,41.0,2023-11-27T07:30:30.000Z,2024-02-14T15:56:35.000Z,loitering,1
fb90b9ef0-0e60-c030-8321-a48d764b88c3,636018074,PETROBRAS 35,-22.4343,-40.0713,0.0,0.0,107.0,106.0,2023-11-27T19:04:22.000Z,2026-04-28T12:52:52.000Z,loitering,1
f78f5ac19-90fc-b4bd-23e4-51d4192ed698,413274470,PL19-3RUP,38.3921,120.112,0.0,0.0,53.0,53.0,2023-11-28T02:59:06.000Z,2024-02-27T18:59:26.000Z,loitering,1
219c5a22d-d12e-cfda-2380-7e3f697420e8,309999000,FPSO MONDO,-6.155,11.2657,0.0,1.5680079999999998,110.0,111.0,2023-11-28T11:18:03.000Z,2024-01-09T01:56:56.000Z,loitering,1
bdae07cfd-d9c9-3ab2-ae96-8dee094042a7,414475000,ZHAOSHANGHAILONG8,38.3929,119.3732,15.544566000000001,14.480986000000001,51.0,51.0,2023-11-28T13:38:21.000Z,2024-02-06T04:59:59.000Z,loitering,1
b48ba2fea-a63f-2cf4-75cd-79da5218ded7,221009569,YU.WANG.QU   811-02,35.029,119.8772,2.403118,2.403118,46.0,46.0,2023-11-28T13:58:13.000Z,2024-02-12T02:45:30.000Z,loitering,1
4bcb810a7-7a31-95bc-0bae-efc1cf22572b,413210720,NAN HAI SHI HAO,27.378,122.5594,82.419375,119.453617,117.0,130.0,2023-11-28T21:58:56.000Z,2024-02-25T22:57:49.000Z,loitering,1
a0427282f-f0f8-9bd4-3a3c-a75dad243c47,311012100,JB 115,52.6795,3.8064,25.717342000000002,25.717342000000002,54.0,54.0,2023-11-29T00:58:20.000Z,2024-01-05T10:59:35.000Z,loitering,1
1a2bf5b87-7dad-525b-567f-910a1e55e071,574005840,ROLIN,2.0435,104.7828,56.703012,55.724262,51.0,52.0,2023-11-29T04:58:49.000Z,2024-01-02T00:59:25.000Z,loitering,1
77768d04d-dfeb-8cf8-e276-77096f1a2768,238045000,AP REVELIN,-35.204,-55.5991,2.1303549999999998,0.0,46.0,44.0,2023-11-29T05:56:25.000Z,2024-01-13T10:16:08.000Z,loitering,1
e810fb22e-ee16-732e-da9e-d1a33aeaab78,413286680,GUO ZHAN,20.7894,108.7322,2.223899,3.8305279999999997,44.0,46.0,2023-11-29T06:57:36.000Z,2024-01-10T14:36:39.000Z,loitering,1
6a9ecac40-03c7-f688-3f5f-6021863c466b,234610673,YU.WANG.QU.317-07,35.0257,119.883,2.403118,2.403118,46.0,46.0,2023-11-29T11:59:59.000Z,2024-02-26T01:54:18.000Z,loitering,1
ee829dd08-83ab-9c92-43c9-2e58488573ba,563094900,ARMADA STERLING,18.5855,71.0321,1.111949,1.111949,189.0,189.0,2023-11-29T14:00:50.000Z,2024-03-08T09:22:50.000Z,loitering,1
8f17dd8d2-2fdb-5f9a-1628-79fe52055787,413461210,WC14-3,19.6238,112.2766,152.04584400000002,152.04584400000002,113.0,113.0,2023-11-29T18:42:18.000Z,2024-09-04T03:29:52.000Z,loitering,1
c43dc4dc1-1834-7fde-584d-2b9a3e248322,413341140,EP15-1CEP,20.5881,113.4763,129.421156,129.421156,129.0,129.0,2023-11-29T19:56:54.000Z,2024-09-14T23:58:14.000Z,loitering,1
4ab650858-8dc5-1510-760f-5ba840a865fd,412187341,TIELONG61873-41-99%,27.172,121.7196,21.940137,76.595469,50.0,89.0,2023-11-30T01:13:53.000Z,2024-01-02T06:19:59.000Z,loitering,1
bac824c53-3a02-25cf-9f68-fca2e7623230,34111155,,35.1045,119.8304,3.638964,3.638964,40.0,40.0,2023-11-30T01:40:47.000Z,2024-01-09T07:57:47.000Z,loitering,1
49ee256f1-1d90-9b6c-b40c-e62bd73f708a,574128395,PHU QUY 02208,8.8392,112.5417,88.285477,88.285477,209.0,209.0,2023-11-30T04:52:10.000Z,2024-01-08T06:12:25.000Z,loitering,1
46ed5bb1f-fa19-ce18-aa8e-24675f06cc8f,352002580,NAN FENG ZHI XING,29.7165,123.0184,35.880277,37.93075,48.0,56.0,2023-11-30T15:59:01.000Z,2024-02-27T22:58:14.000Z,loitering,1
ab96b7d4c-c443-d680-c99a-6952dddb59fc,234610641,YU.WANG.QU.317-08,35.0241,119.9045,1.437284,1.437284,47.0,47.0,2023-11-30T16:37:36.000Z,2024-02-01T13:52:54.000Z,loitering,1
3adea894b-b603-c3ae-c70f-4987b733d332,636011637,NARSA,12.3847,-70.476,38.796973,38.796973,42.0,42.0,2023-12-01T02:59:38.000Z,2024-01-05T00:59:40.000Z,loitering,1
7251aeac3-39de-6324-5abc-3212ffeaee6a,60903010,,35.0588,119.7861,2.873932,1.436931,39.0,38.0,2023-12-01T06:53:09.000Z,2024-05-04T04:11:00.000Z,loitering,1
2ba9b73e7-7869-08f9-31a9-41ee78a4b2be,60903007,,35.0546,119.7992,3.5216030000000003,3.5216030000000003,40.0,40.0,2023-12-01T07:58:09.000Z,2024-04-08T17:06:54.000Z,loitering,1
0b6cef43e-ee2a-fd1b-51a6-674ed4fd28fd,375491000,QMS AL SHAHAMA,24.8476,53.6443,1.009077,1.111949,54.0,56.0,2023-12-01T08:53:39.000Z,2024-03-02T09:57:01.000Z,loitering,1
0d5719c7a-a1f5-cddb-5dbe-c2c29c73a831,538003636,VALARIS DS4,-25.3264,-42.7375,3.48469,2.005416,226.0,284.0,2023-12-01T18:57:37.000Z,2024-03-26T17:59:55.000Z,loitering,1
4229a9d77-7650-88db-4f6f-0caec4776086,636021076,XIN YAO HUA,9.6857,-14.4062,76.91169500000001,77.71390600000001,49.0,51.0,2023-12-01T18:57:39.000Z,2024-01-02T08:56:25.000Z,loitering,1
0ce8228ba-a1d3-0174-60c1-51baa9a8d1ab,354710000,WEST CARINA,-24.6694,-42.4507,3.335848,4.447797,198.0,180.0,2023-12-01T20:59:02.000Z,2024-04-20T17:57:57.000Z,loitering,1
9072d05be-eb1b-e503-2660-c3df7ba36a11,994080643,994080643         9V,-14.4084,106.09,441.256375,447.454625,424.0,431.0,2023-12-01T22:44:15.000Z,2024-01-09T16:13:00.000Z,loitering,1
6a86ec1e0-0bd9-ad8a-db97-4aa1185c2874,269041000,MAGIA,-35.2284,-55.5264,2.8715279999999996,0.9084,44.0,43.0,2023-12-01T22:57:11.000Z,2024-01-13T08:59:48.000Z,loitering,1
2567d454a-aec0-f32d-741e-baa085d635c0,636019272,ARABIA I,28.4043,49.0508,3.681664,3.137601,46.0,47.0,2023-12-02T03:56:11.000Z,2024-04-29T05:55:55.000Z,loitering,1
4408af1a0-03e2-1155-70bb-539f3e85034d,111161809,TIELONG61871-9-88%,26.9827,121.6037,64.669305,64.579887,78.0,67.0,2023-12-02T07:40:32.000Z,2024-01-14T05:43:06.000Z,loitering,1
e5a9b0bec-c694-4345-f589-bf7e349bf0d4,470083000,RIG RAMHAN,24.9093,53.5705,1.008669,0.0,51.0,49.0,2023-12-02T08:47:54.000Z,2024-01-15T00:01:01.000Z,loitering,1
7b6fd9bc1-1173-7813-2363-d27bfa485fe4,470022000,RIG YAS,24.744,53.6963,1.00989,4.039561,45.0,45.0,2023-12-02T08:55:56.000Z,2024-03-19T03:59:10.000Z,loitering,1
9c3dfcfd4-4a52-3090-48ec-c06babfffe3c,636016953,KPS ONUR SULTAN,2.1476,104.8071,67.12544500000001,68.64669500000001,45.0,43.0,2023-12-02T10:58:50.000Z,2024-01-12T13:29:33.000Z,loitering,1
3cd57c606-64c2-2225-8fe7-a23c1cd9b906,636015427,ENSCO 121,57.0448,1.9396,7.782212,7.019725,228.0,230.0,2023-12-02T10:59:36.000Z,2024-11-16T19:13:11.000Z,loitering,1
eccafb5f0-0df9-b477-0e9b-d77f4b259fdc,312518000,PERLITA,29.5834,49.0167,9.734454,9.734454,50.0,50.0,2023-12-02T12:34:33.000Z,2024-01-04T08:21:12.000Z,loitering,1
67aeb57a0-0617-59ae-32e4-4fa91a45cf6a,352001400,SINOOCEAN HARVEST,4.1292,104.9261,137.83178099999998,106.20728100000001,120.0,147.0,2023-12-02T15:56:11.000Z,2024-02-04T03:51:18.000Z,loitering,1
9a2e4c0c8-89f7-f143-7b92-a415f6fb36ef,538003314,PETROBRAS 51,-22.6341,-40.0936,1.0263390000000001,1.0263390000000001,116.0,116.0,2023-12-02T16:48:38.000Z,2024-02-03T18:35:09.000Z,loitering,1
71e6e72b0-0292-dcd2-7a05-ee968700d8f6,538002622,RES COGITANS,25.5499,54.9007,2.223899,0.0,35.0,39.0,2023-12-02T16:53:04.000Z,2024-01-29T11:55:51.000Z,loitering,1
cb1646ea0-0139-1d54-c8c9-b95350b82b54,377901302,GOS1,12.0538,-147.1547,1200.69725,1199.946625,1163.0,1162.0,2023-12-02T18:55:03.000Z,2024-01-08T02:40:11.000Z,loitering,1
386e01984-40f4-60ab-5dce-b85b7430540b,221009524,YU.WANG.QU   811-03,34.9709,119.9009,3.457982,4.540127999999999,44.0,44.0,2023-12-02T19:59:43.000Z,2024-01-22T05:38:03.000Z,loitering,1
8f6b9a4ed-d300-004f-d5f7-3cae36fc3a0a,412477120,LF7-2DPP,21.7429,116.0296,112.162055,112.162055,113.0,113.0,2023-12-02T22:45:38.000Z,2024-01-28T00:52:27.000Z,loitering,1
a817a846d-ddab-7162-37ee-d087c38f6cc9,249110000,PIONEERING SPIRIT,16.1031,-17.5997,155.771266,154.676125,116.0,116.0,2023-12-02T22:59:21.000Z,2024-01-24T15:58:10.000Z,loitering,1
cdbc11874-47df-2633-23b1-3745c0d24912,234610542,YU.WANG.QU.309-08,35.0216,119.9234,4.5537209999999995,2.874497,49.0,48.0,2023-12-03T01:44:07.000Z,2024-02-28T09:27:08.000Z,loitering,1
fce9f0b2b-b2d9-5d4a-659e-c048efdee00c,248214000,AMAZON,26.2209,-94.6951,22.326854,23.223219,246.0,247.0,2023-12-03T01:53:04.000Z,2024-01-26T23:35:32.000Z,loitering,1
2358bc620-0e24-0057-d226-98a9e0c1095f,308928000,SCARABEO 8,59.058,2.2417,15.735031999999999,15.735031999999999,152.0,152.0,2023-12-03T10:59:25.000Z,2024-03-08T10:18:27.000Z,loitering,1
15ee3cb88-83ef-42d7-523d-60c21e26e043,234610488,YU.WANG.QU.309-09,34.9828,119.9598,7.196254,7.196254,49.0,49.0,2023-12-03T17:42:05.000Z,2024-01-22T05:04:25.000Z,loitering,1
cffc9424a-a58b-f43f-503b-02398556dad9,311001096,SANTORINI,32.1266,32.5066,57.737699,57.737699,87.0,87.0,2023-12-03T17:59:17.000Z,2024-01-20T09:59:58.000Z,loitering,1
4d229e53b-b0e7-386e-560d-a5b7b6b31544,413236630,BO HAI 9 HAO,38.5757,119.1043,4.775578,5.334511,46.0,45.0,2023-12-03T21:58:22.000Z,2024-04-21T11:57:21.000Z,loitering,1
f46026653-3842-415e-d37b-304d8c266a1a,234610346,YU.WANG.QU.309-07,34.9961,119.9421,6.403062,3.6429769999999997,48.0,49.0,2023-12-04T00:30:48.000Z,2024-02-16T09:46:09.000Z,loitering,1
351c5159c-c1fd-229e-9b0f-f23061a92b7c,403783770,JANA 501,28.342,49.6316,1.4812059999999998,1.111949,72.0,71.0,2023-12-04T09:57:30.000Z,2024-01-09T08:58:40.000Z,loitering,1
09eb9c1b0-0b46-bacb-c5a9-16de8a5f8241,667001995,HE FONG,37.0742,125.4782,38.744426,40.494207,40.0,41.0,2023-12-04T10:04:10.000Z,2024-01-28T13:48:13.000Z,loitering,1
7737c816c-c952-87fa-ed79-675083b112f2,352002475,VERONICA III,1.9345,104.6796,39.857035,40.883043,56.0,57.0,2023-12-04T12:10:53.000Z,2024-01-09T19:46:04.000Z,loitering,1
712d299cf-f7de-03e7-8100-b33346660ff0,412464890,XJ24-3DPP,21.3789,114.9108,86.500492,86.500492,98.0,98.0,2023-12-04T14:31:48.000Z,2024-01-23T07:01:48.000Z,loitering,1
905bee2a6-63d3-291c-a466-3a5d865a7490,994080644,994080644         9V,-14.4546,106.8843,463.016219,470.170125,447.0,454.0,2023-12-04T22:11:29.000Z,2024-02-03T05:41:24.000Z,loitering,1
e1bcbbcf0-0bf6-db25-2fa0-a0c02cbf39e9,212905000,SEAWAY STRASHNOV,-5.6876,11.7857,1.106547,7.451847,39.0,41.0,2023-12-04T22:59:18.000Z,2024-01-04T00:59:28.000Z,loitering,1
323b149fe-ef09-c39d-9575-1bc845e1b6f4,273423500,MURMANSKAYA,9.8132,107.8839,100.198961,103.218727,85.0,89.0,2023-12-05T00:00:59.000Z,2024-02-01T13:43:47.000Z,loitering,1
204aece8c-c3c9-ca73-6961-2b30b63978de,63189009,,35.0568,119.9249,6.194458,6.646348,48.0,49.0,2023-12-05T01:26:54.000Z,2024-02-19T16:37:26.000Z,loitering,1
7c6b0c241-1d9e-1a1a-e295-7b74b76363d0,994140000,994140000         9V,-16.7254,77.1165,1150.827125,1183.95275,1131.0,1163.0,2023-12-05T01:59:45.000Z,2024-01-05T05:21:17.000Z,loitering,1
18ffea6b6-6f85-f7ba-af2e-de7bc47e4cb0,412461290,NAN HAI LIU HAO,20.8657,115.5959,174.804125,176.325828,116.0,115.0,2023-12-05T02:39:00.000Z,2024-02-02T20:59:14.000Z,loitering,1
0de6b450e-e857-f356-9988-ea03ead13151,377634000,QMS SUPPORTER,25.2899,53.2531,2.01092,2.223899,38.0,41.0,2023-12-05T05:54:02.000Z,2024-01-12T07:53:57.000Z,loitering,1
70311ff33-3842-aa21-bf15-ed1892e0bcd8,538003303,DDKG1,15.8745,82.3423,89.47316400000001,88.36769500000001,72.0,71.0,2023-12-05T08:50:01.000Z,2024-01-28T06:12:40.000Z,loitering,1
12bfd238e-e62e-2e15-61ff-1cc71a9dd9ab,636015442,NOBLE TOM MADDEN,8.2197,-56.9627,203.87579699999998,205.414875,191.0,195.0,2023-12-05T08:59:54.000Z,2024-01-09T11:59:58.000Z,loitering,1
10895a18d-d97b-7f99-c254-e4004f5d6f7a,312325000,TREND,35.1175,120.4,31.249328000000002,31.112426,72.0,73.0,2023-12-05T09:51:58.000Z,2024-01-03T19:55:54.000Z,loitering,1
25707ed09-9e12-98df-d431-567789cf9f99,538001923,RESOLUTE,4.7615,99.2896,74.98504700000001,127.121219,63.0,111.0,2023-12-05T19:55:19.000Z,2024-01-13T13:54:07.000Z,loitering,1
4e3847b9a-a328-ef64-6b9a-e3d6e7546faa,538010631,NOBLE INTREPID,56.6938,2.2556,2.14196,8.570333,254.0,264.0,2023-12-05T20:49:30.000Z,2025-03-01T11:57:53.000Z,loitering,1
604fc5613-3771-6825-6f78-0db9616114a0,457355000,MR 280,24.8857,57.0872,47.844375,47.865641000000004,63.0,63.0,2023-12-06T00:58:27.000Z,2024-01-16T00:59:52.000Z,loitering,1
ef8a43173-3e84-3be3-168c-af65e5653b27,403759470,ARABDRILL-80,28.4658,48.9811,4.498125,4.064774,43.0,44.0,2023-12-06T08:58:04.000Z,2024-01-02T06:55:01.000Z,loitering,1
9c537e748-8df2-128e-faa9-e71bc622c451,352599000,GMS ENTERPRISE 6103,27.0017,50.5361,0.990754,0.0,54.0,54.0,2023-12-06T08:59:04.000Z,2024-01-23T17:58:33.000Z,loitering,1
f128bb4b5-538a-1974-91c9-f84bb93a3100,538005061,OCEAN BLACKHAWK,26.092,-92.052,0.998561,2.437831,345.0,348.0,2023-12-06T20:59:18.000Z,2024-01-25T00:56:26.000Z,loitering,1
e85f75ba8-8ca0-1426-b7eb-3707b54802d9,234610684,YU.WANG.QU.309-10,34.985,119.9561,7.196254,6.7527,49.0,50.0,2023-12-07T00:26:17.000Z,2024-01-02T09:58:36.000Z,loitering,1
069b75e88-898d-b040-50fa-5197f1ca3781,533004760,JASON DUA,7.3833,115.844,116.204406,116.26593799999999,88.0,90.0,2023-12-07T02:45:45.000Z,2024-01-06T01:55:36.000Z,loitering,1
02dc5684c-c4b6-937d-e4fc-2967b77409ac,567433000,NAVA THANEE,8.1625,102.2942,202.91478099999998,214.385922,96.0,109.0,2023-12-07T04:47:04.000Z,2024-02-02T14:27:03.000Z,loitering,1
5dc136fca-ad1e-57d0-a2b5-30a1322a2e4c,413701000,ZHONG YOU HAI 10,38.2238,119.5477,1.111949,2.389328,56.0,56.0,2023-12-07T07:33:56.000Z,2024-01-03T11:56:34.000Z,loitering,1
bdfac03f7-7ba3-4395-9405-2b112674921b,311034300,JB117,54.0609,6.1778,16.974338,18.190516,61.0,57.0,2023-12-07T07:59:11.000Z,2024-02-15T19:57:01.000Z,loitering,1
a3e21b212-2564-0352-e915-da6780491f8e,311000240,Q5000,27.6385,-92.4132,7.428929,10.007544,213.0,207.0,2023-12-07T10:57:53.000Z,2024-01-03T19:45:01.000Z,loitering,1
d30c1f1c5-559a-71e4-eb2c-5655c8791c1d,257493000,EDDA FIDES,-6.3143,11.281,1.105213,1.111949,110.0,111.0,2023-12-07T11:56:09.000Z,2024-01-13T12:59:54.000Z,loitering,1
018af62d3-3d0a-3552-8318-ee3ff6e9a103,636017557,ANITA,-35.1704,-55.5927,1.111949,1.111949,42.0,42.0,2023-12-07T14:57:05.000Z,2024-01-04T08:59:18.000Z,loitering,1
bd415d703-3a6c-92aa-fe3e-6fa57aca5585,232159000,SEAWELL,40.6815,1.3486,42.662051,42.662051,40.0,40.0,2023-12-08T00:58:46.000Z,2024-01-02T07:59:40.000Z,loitering,1
53186befb-bffa-aa8b-65e0-3f2a4b6ae60f,373289000,WEST TELLUS,-24.6992,-42.4223,1.502456,5.050264,189.0,194.0,2023-12-08T01:59:55.000Z,2024-02-24T07:59:17.000Z,loitering,1
7be5c92da-a1c6-6c26-54d9-9b04d6ecf562,368771,36877-1_7.7V,37.7444,122.9786,45.426289,44.617559,45.0,44.0,2023-12-08T07:56:43.000Z,2024-01-09T02:08:08.000Z,loitering,1
35d7b6a79-9d10-1a84-5847-f462d704cf87,626152000,ASTRA,29.618,48.7641,1.111949,1.111949,38.0,38.0,2023-12-08T19:58:08.000Z,2024-01-12T13:58:35.000Z,loitering,1
dd243fcdc-c0b9-433b-87aa-9d966ed63170,538005035,ROWAN RELENTLESS,28.3723,-88.2554,7.783645000000001,7.734098,109.0,111.0,2023-12-08T22:30:18.000Z,2024-09-01T22:54:09.000Z,loitering,1
f25d752bd-df63-1750-a5c1-448e971166d7,413173764,TIELONG61737-80%,26.6962,121.6946,97.424719,89.906391,103.0,99.0,2023-12-08T23:41:16.000Z,2024-01-02T23:48:22.000Z,loitering,1
ba7a33648-82de-f840-6c75-3224a278f7ec,376199000,QMS SURPRISE2,24.8354,53.6122,0.0,0.0,52.0,52.0,2023-12-09T00:00:04.000Z,2024-03-31T11:59:31.000Z,loitering,1
a4c25c0bc-c70b-4f65-ee40-41ec10e91af8,419900754,SAGAR GAURAV,19.651,71.8746,17.632866999999997,25.858622999999998,84.0,84.0,2023-12-09T01:44:49.000Z,2024-02-12T08:55:02.000Z,loitering,1
90419d498-8183-fd5c-a4fc-ec9528a6d0bd,92070012,NET12-ZSY09207-55%,31.1635,122.8996,7.612992,7.611385,38.0,40.0,2023-12-09T03:51:01.000Z,2024-01-01T10:23:29.000Z,loitering,1
2cb4e13e2-2267-4ae2-5d1c-17d78b521eea,412187338,TIELONG61873-38-94%,26.8425,121.6845,86.163719,78.869922,95.0,83.0,2023-12-09T05:43:13.000Z,2024-01-28T21:42:23.000Z,loitering,1
5e21b6041-1120-d456-4028-8f8351655076,538009300,NORDIC OSHIMA,-35.134,-55.7129,0.0,0.0,40.0,39.0,2023-12-09T05:58:51.000Z,2024-01-15T12:59:43.000Z,loitering,1
ad92a7e65-54d4-f435-8e58-be984222123d,92100050,NET50-ZSY09210-99%,31.1486,122.8821,5.709744,5.709744,37.0,37.0,2023-12-09T07:35:56.000Z,2024-01-09T00:47:05.000Z,loitering,1
29ed66fb7-7078-f595-0452-7cb0abd660af,374866000,NIBA,39.0023,123.7916,49.358699,49.358699,52.0,52.0,2023-12-09T08:55:06.000Z,2024-01-02T11:36:07.000Z,loitering,1
492e0c136-65b8-4dbf-3891-9183ef89d6e4,677054600,CHENG TAI,1.8172,104.7132,29.351523,32.470238,53.0,56.0,2023-12-09T08:58:22.000Z,2024-01-20T22:58:55.000Z,loitering,1
f0b7b516f-f39f-00a4-9064-f35302067c87,538010623,NOBLE  VALIANT,27.809,-89.6441,32.859547,32.251732,126.0,125.0,2023-12-09T09:01:29.000Z,2024-01-18T18:44:30.000Z,loitering,1
51199e5ff-f007-301c-756b-d7f12c6d8120,412187340,TIELONG61873-40-95%,26.8866,121.7325,75.289766,84.704734,84.0,93.0,2023-12-09T09:03:51.000Z,2024-01-03T07:56:29.000Z,loitering,1
46e959c2e-e011-7739-6be4-0e2c8b6ea6fb,412158944,TIELONG61589-44-98%,26.7947,121.7628,85.63444500000001,96.36625,93.0,103.0,2023-12-09T10:56:12.000Z,2024-01-03T02:58:34.000Z,loitering,1
7623f5a00-00ca-078c-7c5a-f9ea632ae1ab,477346900,HAI LONG 106,28.6023,49.5845,1.479678,4.060494,95.0,98.0,2023-12-09T13:57:58.000Z,2024-02-06T02:59:36.000Z,loitering,1
f918dd634-423c-6793-c1a2-713568b9a7eb,14690134,NET-ZSY01469-134-99%,31.2481,122.95,17.625787,13.022122,51.0,48.0,2023-12-09T14:55:59.000Z,2024-01-01T14:41:57.000Z,loitering,1
6b4092d21-171c-169d-9e78-7d0501735603,413394570,KANTANBAHAO,29.2787,125.1857,232.934781,244.147875,246.0,257.0,2023-12-09T17:58:45.000Z,2024-03-12T10:49:53.000Z,loitering,1
260a8e0fe-e5e0-56a3-3b3b-8369ba33065c,538003627,OCEAN COURAGE,-22.4138,-40.11,6.266621,2.337577,99.0,104.0,2023-12-09T18:59:55.000Z,2024-01-04T13:59:14.000Z,loitering,1
52af0ab04-4401-8fa0-0c33-3bdead0c8e70,525015889,PLB. HAFAR NEPTUNE,-5.0975,106.3518,4.956548,17.928559,38.0,47.0,2023-12-09T19:33:01.000Z,2024-01-10T18:27:38.000Z,loitering,1
f58a7a8cd-d67e-bdf9-3e71-c65a4ebe5a2d,55280015,NET-ZSY05528-15-99%,31.1142,122.7062,0.0,0.0,35.0,19.0,2023-12-09T23:26:59.000Z,2024-01-02T04:16:54.000Z,loitering,1
033cb5026-6f9e-edbe-8a99-4d398c86c5dc,563070620,ADMARINE685,28.2489,49.0741,8.275767,7.369056,39.0,40.0,2023-12-10T02:59:13.000Z,2024-09-14T08:59:51.000Z,loitering,1
7e37013e9-97f7-c5ba-d0d9-c1c9baf7941d,533170728,M GUARDIAN,19.3137,72.0037,11.885854,11.885854,78.0,78.0,2023-12-10T10:59:40.000Z,2024-01-01T09:59:52.000Z,loitering,1
cb19a6498-8231-0b38-34ee-8ba7a53e2698,574128338,THU BON 08010,7.5517,111.5367,267.066375,267.989438,382.0,383.0,2023-12-10T11:15:56.000Z,2024-02-01T22:05:33.000Z,loitering,1
d1d7cdad4-4fb1-6008-25de-16d826ecf1af,668116233,CERES I,1.9877,104.6956,47.900965,45.423906,52.0,54.0,2023-12-10T12:53:08.000Z,2024-01-04T11:59:26.000Z,loitering,1
aad0e2225-597a-8c84-2bf5-16f24c605fa6,257331800,DEEPSEA MIRA,-29.3057,13.2044,329.039812,329.206344,284.0,286.0,2023-12-10T21:59:11.000Z,2024-04-22T09:55:12.000Z,loitering,1
6e0d0aacc-caee-788b-538d-1f932710df29,518998382,CHANDRAMA,29.5917,48.8833,0.96693,0.96693,46.0,46.0,2023-12-10T23:50:50.000Z,2024-01-13T23:56:01.000Z,loitering,1
87005dce2-2a04-85bc-8e73-0528ecb65a5f,538004643,VALARIS RENAISSANCE,-23.8425,-39.9728,48.968184,52.271547,221.0,221.0,2023-12-10T23:58:24.000Z,2024-04-12T23:59:05.000Z,loitering,1
911d4f8d7-7272-b137-f890-3f01b514c97b,234411377,YU.WANG.QU.69-08-99%,35.0146,119.9258,2.94968,3.6429769999999997,49.0,49.0,2023-12-11T04:00:09.000Z,2024-01-13T04:38:43.000Z,loitering,1
364cd5c88-80cf-cd24-29d4-6e095767acbe,311000483,DEEPSEA YANTAI,59.2803,2.3177,16.153574,16.153574,144.0,144.0,2023-12-11T06:58:40.000Z,2024-01-30T17:58:07.000Z,loitering,1
50ec36ec7-704c-28fa-76fe-0e6906614b90,412300650,WANZUAN 3,20.7603,108.7974,1.039685,1.522364,46.0,38.0,2023-12-11T11:10:56.000Z,2024-03-13T13:51:22.000Z,loitering,1
9fe68a1db-bc22-82aa-faf0-c237c984f548,9128003,ONWA28003,10.2732,102.2109,141.30881200000002,141.656047,82.0,82.0,2023-12-11T20:44:15.000Z,2024-01-07T14:19:19.000Z,loitering,1
284fb6e4f-f2eb-12a0-c903-0ff0a8d4d2c5,413031694,,10.2959,102.2125,140.638125,140.969484,82.0,82.0,2023-12-11T21:15:40.000Z,2024-01-05T04:37:25.000Z,loitering,1
b96e9db0f-f065-73e1-07cb-1d92cbe47e13,413702170,WAN FU DA,1.8991,105.0153,62.919492,61.979922,81.0,80.0,2023-12-11T21:59:13.000Z,2024-01-31T04:59:06.000Z,loitering,1
57fa5279f-f2df-d0ad-b596-5dfe51595bf9,345010047,GARZPROM-2,19.3495,-91.9875,3.338332,1.049009,67.0,72.0,2023-12-12T01:57:34.000Z,2024-01-09T16:59:00.000Z,loitering,1
8757e6607-7517-1581-2666-91ab1aea051e,636016599,AL SAFLIYA,27.8726,50.3024,3.151728,0.0,46.0,54.0,2023-12-12T01:59:05.000Z,2024-04-11T09:53:03.000Z,loitering,1
6241ab22d-dcc8-2ec8-b9e9-947c4d490247,60806820,,35.0544,119.8204,5.0652479999999995,5.0652479999999995,42.0,42.0,2023-12-12T01:59:26.000Z,2024-02-17T04:30:02.000Z,loitering,1
b3333a9b3-3066-9220-041e-3d79a2f4ed4a,234610771,YU.WANG.QU.189-07,34.9623,119.8586,3.8014430000000003,3.8014430000000003,40.0,40.0,2023-12-12T02:02:38.000Z,2024-01-15T22:05:49.000Z,loitering,1
e0a624672-2308-66a3-9d10-4ce991c51e51,60000015,,34.9606,119.8891,5.221184,5.221184,43.0,43.0,2023-12-12T02:17:35.000Z,2024-01-21T11:35:07.000Z,loitering,1
91888049a-a5a0-7153-5f16-9b9d033e8ed6,234411380,YU.WANG.QU.69-04-99%,35.0073,119.9229,2.7322330000000004,3.8091120000000003,48.0,48.0,2023-12-12T02:18:52.000Z,2024-01-12T10:14:28.000Z,loitering,1
c29d105ff-f023-92ee-0c9b-f4af9695436c,222200109,YU.WANG.QU.3639-01,34.9654,119.8827,4.540127999999999,4.806911,42.0,42.0,2023-12-12T02:22:54.000Z,2024-01-22T05:28:48.000Z,loitering,1
a2acd0544-4040-beac-2405-04403348687d,221009565,YU.WANG.QU   811-07,34.8914,119.9726,3.52264,14.991394,45.0,36.0,2023-12-12T02:24:21.000Z,2024-01-06T14:56:41.000Z,loitering,1
304527cb9-93b5-f457-583b-4921d2343e68,221009513,YU.WANG.QU   811-04,35.0309,119.8611,3.52264,3.52264,45.0,45.0,2023-12-12T02:24:46.000Z,2024-02-11T19:59:11.000Z,loitering,1
a9c9cc3d5-5721-a66a-244a-a96e81ab650d,60903003,,35.053,119.7835,1.436931,3.8002700000000003,38.0,39.0,2023-12-12T02:27:16.000Z,2024-01-09T09:51:31.000Z,loitering,1
3d2af52c2-23cd-d809-99ec-8705d057103c,234410607,YU.WANG.QU.69-03-99%,34.9785,119.9413,5.645517,5.645517,48.0,48.0,2023-12-12T02:27:57.000Z,2024-01-05T01:36:29.000Z,loitering,1
814b1acfb-b6fc-1692-cf67-7da9af16289e,234411295,YU.WANG.QU.69-07-99%,35.0101,119.9172,2.7322330000000004,2.7322330000000004,48.0,48.0,2023-12-12T02:29:08.000Z,2024-01-12T10:25:14.000Z,loitering,1
90b5269db-b734-43c4-0923-9a575a61079e,221009560,YU.WANG.QU   811-05,35.0454,119.8527,2.874497,6.362685000000001,45.0,43.0,2023-12-12T02:29:39.000Z,2024-02-12T02:42:22.000Z,loitering,1
c175a58a5-5bec-e24d-9ecc-9ca3070b9e1c,234610780,YU.WANG.QU.189-06,34.9699,119.8612,4.806827,4.806827,41.0,41.0,2023-12-12T02:32:50.000Z,2024-01-20T08:36:43.000Z,loitering,1
b0e852a59-9812-381f-49ed-c1c425862630,234610768,YU.WANG.QU.189-08,34.9877,119.8535,4.268519,3.523158,41.0,42.0,2023-12-12T02:36:37.000Z,2024-01-10T00:55:17.000Z,loitering,1
e47dafbd9-9a59-4c01-4af1-8887c327b5c3,234411357,YU.WANG.QU.69-02-99%,34.9823,119.9362,5.645517,4.268519,48.0,47.0,2023-12-12T02:42:19.000Z,2024-01-05T03:25:18.000Z,loitering,1
0325b1f34-4bd6-2d6c-897b-f5e5cdf31856,63711002,,35.0569,119.7822,1.436931,2.402949,38.0,38.0,2023-12-12T02:49:42.000Z,2024-01-23T09:11:42.000Z,loitering,1
a5a083edc-cd8d-9497-fd0f-685759dddb4a,221009563,LU.LAN.YU.YANG189-03,34.9719,119.8595,4.806827,4.806827,41.0,41.0,2023-12-12T02:56:09.000Z,2024-01-10T16:46:38.000Z,loitering,1
8650c9fd0-04d5-e331-1905-d726ff780cfd,401213606,GANYUYU12136-6    9%,35.1598,119.8804,4.308884,2.945652,38.0,39.0,2023-12-12T03:00:44.000Z,2024-01-04T00:56:16.000Z,loitering,1
e3aba187f-f51b-338e-a7ff-2204f67a62c4,413379240,KANTANQIHAO,29.3817,125.0925,224.452938,225.774844,238.0,239.0,2023-12-12T06:26:02.000Z,2024-04-30T03:52:48.000Z,loitering,1
97672d903-3d7e-66f7-a05b-3bdcb78f86bd,111112772,LQ2322,-5.5715,-18.0419,483.388719,470.305875,483.0,470.0,2023-12-12T06:35:52.000Z,2024-01-02T10:26:37.000Z,loitering,1
85a009064-4082-14ed-0e82-ef6ee7dda6e4,419902276,SEAMEC GLORIOUS,19.5638,71.3676,2.3722420000000004,0.0,133.0,132.0,2023-12-12T06:42:12.000Z,2024-01-06T16:33:08.000Z,loitering,1
71513cd23-3465-ebf0-3015-265dae7a4b2d,572350220,RAWABI INTEGRITY,28.2621,49.8563,16.183474,15.763084999999998,59.0,59.0,2023-12-12T06:58:05.000Z,2024-02-24T09:58:02.000Z,loitering,1
2a1c51b99-976c-c227-8b58-247c2941f327,538010632,NOBLE INVINCIBLE,56.1791,3.4822,12.169355,12.433333000000001,284.0,284.0,2023-12-12T07:51:54.000Z,2024-09-15T13:59:26.000Z,loitering,1
ca467b1db-bdcc-2fbd-f849-6af4c97892e1,372871000,BRAVA STAR,-22.9457,-40.5911,6.243194000000001,10.478797,111.0,110.0,2023-12-12T07:58:06.000Z,2024-01-05T04:52:37.000Z,loitering,1
48d7e063d-d194-b114-c66f-26cdfdadbb13,66097685,,35.0574,119.9311,6.646348,6.646348,49.0,49.0,2023-12-12T11:42:25.000Z,2024-01-20T03:25:09.000Z,loitering,1
0b15d015f-f4fb-e133-fe96-1c1ba24389cb,412158919,TIELONG61589-19-46%,26.7472,121.7099,86.058703,96.178219,94.0,103.0,2023-12-12T15:21:41.000Z,2024-01-02T23:10:36.000Z,loitering,1
909f625de-ef1e-4cc9-c524-4acbb82852de,519980003,LURONGYU51998-03-99%,37.5462,123.6011,84.00184399999999,79.637773,84.0,79.0,2023-12-12T15:36:03.000Z,2024-01-07T19:41:51.000Z,loitering,1
50221a8f2-20c1-f08f-12eb-08f283db5ce6,503127280,,-35.3558,163.8383,615.409688,616.160438,583.0,584.0,2023-12-12T17:51:38.000Z,2024-01-25T17:12:33.000Z,loitering,1
2b93933a7-7125-0552-fecb-b7f52c1c19f3,345070398,CERRO DE LA PEZ,19.4976,-92.1963,0.0,3.4966570000000003,80.0,83.0,2023-12-12T22:45:15.000Z,2024-01-10T23:59:04.000Z,loitering,1
4f0135e13-30b5-c0c1-bfe3-6b7129978469,136516182,BEI.YOU.YU.WANG.H-05,35.1246,119.9389,2.946272,2.946272,46.0,46.0,2023-12-13T01:49:07.000Z,2024-01-07T02:02:53.000Z,loitering,1
1efbe92c6-6631-7051-18a0-d1ae19e99a02,221009553,YU.WANG.QU   811-10,35.0315,119.8566,3.52264,3.52264,45.0,45.0,2023-12-13T02:39:54.000Z,2024-02-12T03:45:52.000Z,loitering,1
0faf80ebe-eee2-547e-cad7-3029b4cd50f3,234610579,YU.WANG.QU.317-06,35.0276,119.8908,2.223899,2.223899,47.0,47.0,2023-12-13T02:56:44.000Z,2024-04-22T03:59:27.000Z,loitering,1
59c6c8408-8693-e56d-6e54-6b48a628d32d,630290034,63029-34-70%,35.1587,119.8808,4.308884,2.945652,38.0,39.0,2023-12-13T04:49:39.000Z,2024-01-05T10:04:08.000Z,loitering,1
f87720454-4d3c-3f7a-66b4-387df3d5affc,761978923,19789--23-99%,31.4439,122.6315,11.280486999999999,13.194261000000001,60.0,68.0,2023-12-13T04:54:19.000Z,2024-01-07T23:28:59.000Z,loitering,1
75f286ec9-9b13-d634-beab-2c516547932e,353494000,MT VIRGO,2.1038,104.7431,58.844949,61.94641,45.0,43.0,2023-12-13T05:59:19.000Z,2024-01-10T18:59:17.000Z,loitering,1
96fe1432b-bb73-0ffb-24d7-3a94fb08869b,60806803,,35.0596,119.8271,5.5728480000000005,5.5728480000000005,42.0,42.0,2023-12-13T06:01:53.000Z,2024-01-02T07:43:26.000Z,loitering,1
4390eacf7-7fbb-e51c-861a-193926a58f69,470593000,WWE 214,24.8302,53.6569,0.0,0.0,55.0,53.0,2023-12-13T06:11:13.000Z,2024-02-15T05:59:48.000Z,loitering,1
cd9546078-8c8b-5466-ff73-9a3e9020575b,576780000,HIGH ISLAND V,26.9379,50.5082,0.99137,0.0,48.0,46.0,2023-12-13T07:51:45.000Z,2024-02-13T15:50:43.000Z,loitering,1
4740c9b7c-c908-5090-78aa-0cea481f9a68,910000016,BOHAI-16-99%,37.6429,123.0532,42.855934,42.925289,41.0,41.0,2023-12-13T09:22:56.000Z,2024-01-02T18:26:06.000Z,loitering,1
9881bc586-6eec-3174-bded-4d78d4e1944f,413021360,DE HE,26.4661,52.218,9.027563,6.3729070000000005,85.0,88.0,2023-12-13T09:58:59.000Z,2024-01-09T16:58:38.000Z,loitering,1
8ba35f90c-c96f-3568-89d6-1c552d95ef61,533170033,SK LINE 805,4.365,111.9479,48.885949000000004,48.885949000000004,159.0,159.0,2023-12-13T10:37:11.000Z,2024-01-03T06:42:34.000Z,loitering,1
90b8cc8e3-3314-9789-79df-e29912ead36e,994110494,MY5-14            9V,9.8113,-30.4882,934.5601879999999,794.6078120000001,906.0,768.0,2023-12-13T11:39:35.000Z,2024-01-03T19:14:12.000Z,loitering,1
5d386b797-798e-b4d5-0465-1e6bf3556044,563013000,VIRTUE-1,19.0432,72.0984,9.437901,7.439382999999999,67.0,77.0,2023-12-13T11:56:47.000Z,2024-04-16T14:59:07.000Z,loitering,1
ae9f488db-b0b3-a416-5cd4-32e770fbaf3c,126186,LIAOYINGYU26186-1,37.8925,122.8614,53.291062,53.653144999999995,54.0,55.0,2023-12-13T12:32:31.000Z,2024-02-11T22:24:13.000Z,loitering,1
cca82f70f-ff33-a54e-fde4-9dac0f203b59,651020052,LIAOYU65102-52-99%,37.0152,123.544,78.704133,82.407461,84.0,86.0,2023-12-13T13:04:01.000Z,2024-01-16T20:48:28.000Z,loitering,1
6ec07358e-ef7f-8ba1-9f12-7fd97c06f79a,218880001,LIAOYINYU21888-1-99%,37.7809,123.0192,36.88868,63.828766,37.0,63.0,2023-12-13T13:43:16.000Z,2024-01-04T13:34:36.000Z,loitering,1
d77f3cc4a-a8e1-0c8c-3462-df69a0d367a1,60110005,,31.4029,122.7452,14.509656000000001,18.833896,57.0,63.0,2023-12-13T16:07:37.000Z,2024-01-04T04:12:46.000Z,loitering,1
075639b63-3355-ef81-a0db-8c7582b60c8d,353760000,AMAK,2.0344,104.7286,52.857625,52.727938,49.0,51.0,2023-12-13T17:59:35.000Z,2024-01-19T23:58:29.000Z,loitering,1
0a09aad79-9a24-cc49-b06a-9e3acbb7e34a,538010666,NOBLE DELIVERER,-13.9444,123.2103,6.993196,6.993196,173.0,173.0,2023-12-13T18:55:57.000Z,2024-03-06T23:59:50.000Z,loitering,1
6e20fb4c9-9e2b-ff68-a926-9e82aa5a861c,964171104,IMULA 1884MTR NET 9,-2.7188,67.3657,807.636125,696.219938,628.0,499.0,2023-12-14T05:28:00.000Z,2024-01-02T07:11:04.000Z,loitering,1
ced0379e3-3a7b-f94d-8ca4-c6d31649c98c,412187115,TIELONG61871-15-92%,27.0281,121.6006,64.669305,58.557483999999995,78.0,59.0,2023-12-14T06:27:48.000Z,2024-01-14T07:06:33.000Z,loitering,1
f172b287b-b0f4-2f0c-f945-654ef6d83349,519980125,LURONGYU51998-12599%,37.4279,123.3025,53.419093999999994,53.419093999999994,54.0,54.0,2023-12-14T06:54:09.000Z,2024-01-01T19:58:06.000Z,loitering,1
ba877c750-0e50-dce9-40ff-602d84444cc5,58510007,NET-ZSY05851-07-99%,29.3158,123.4353,18.763434,197.2115,27.0,199.0,2023-12-14T06:55:07.000Z,2024-01-07T23:00:39.000Z,loitering,1
4b872c2a6-6cbc-0e5c-186d-3e5cf8e6a33a,412187118,TIELONG61871-18-89%,26.9399,121.5795,75.073078,56.816832000000005,86.0,63.0,2023-12-14T07:37:21.000Z,2024-01-12T09:16:40.000Z,loitering,1
5352a044b-b562-c698-2ebe-0edeff9b9860,338431609,SD-1095 (UNCREWED),-44.7552,-169.9847,1188.68775,1210.583125,470.0,519.0,2023-12-14T09:59:03.000Z,2024-01-09T13:47:41.000Z,loitering,1
c1f373220-0da9-2201-1434-5583db83833d,235066352,SEAFOX 4,52.1134,3.2062,11.203246,11.450829,55.0,52.0,2023-12-14T09:59:22.000Z,2024-01-10T15:59:36.000Z,loitering,1
7c22c21c0-0658-a100-83df-4a48387b4f70,636020601,PANOPI,25.5128,56.8616,24.934598,24.356912,50.0,50.0,2023-12-14T15:59:31.000Z,2024-01-07T22:59:32.000Z,loitering,1
f18ae4983-3ab3-afde-8b00-814ca5f040f4,419004400,SANGITA,19.3051,71.237,7.124605,9.92296,155.0,157.0,2023-12-14T17:52:29.000Z,2024-01-19T06:31:55.000Z,loitering,1
d9094bc36-64b8-d8e0-67da-147a533f8d9c,352001541,AURIGA,1.9717,104.7207,46.750594,45.748093999999995,55.0,56.0,2023-12-14T18:58:07.000Z,2024-01-10T15:59:42.000Z,loitering,1
7e8c39b6e-e6f1-7a74-bd3d-2ba35618bd9e,111112766,LQ22012,-5.4866,-17.9143,484.52040600000004,459.186812,485.0,459.0,2023-12-14T20:59:03.000Z,2024-01-18T12:06:07.000Z,loitering,1
0ea51a7f4-498f-c9c2-cec8-272a05109f02,563520000,LANPAN 34,19.6657,92.5556,2.094127,1.527364,51.0,53.0,2023-12-14T20:59:29.000Z,2024-01-01T15:51:42.000Z,loitering,1
f75883291-11eb-4304-9447-a683ad542311,412158947,TIELONG61589-47-70%,26.7926,121.688,86.30825,87.890258,91.0,95.0,2023-12-14T22:30:06.000Z,2024-01-05T16:22:39.000Z,loitering,1
493726167-7ad3-d897-7d73-abffc59726cb,994140008,994140008         9V,-17.0124,76.417,1144.75625,1186.58,1124.0,1166.0,2023-12-15T00:54:23.000Z,2024-01-05T07:53:44.000Z,loitering,1
dfd211aaa-a478-012d-0d9f-c2f37e497afa,232199809,ZHELINYU21998-9--50%,31.4711,122.5772,8.660697,8.660697,66.0,66.0,2023-12-15T03:14:47.000Z,2024-01-11T12:25:11.000Z,loitering,1
4924fc5e8-8a95-9d9a-db4a-f8cfd2dd600f,994171573,994171573         9V,-13.8294,107.0422,400.953,411.76109399999996,386.0,397.0,2023-12-15T05:20:53.000Z,2024-01-01T04:44:15.000Z,loitering,1
2bd6778be-ec4e-0055-cd64-df001d0f2623,222200094,YU.WANG.QU.3639-04,34.975,119.8773,4.540127999999999,3.457982,42.0,43.0,2023-12-15T07:18:36.000Z,2024-02-12T04:20:01.000Z,loitering,1
ec0fa9517-7b5d-f37c-6e91-dd9668339ee8,222200114,YU.WANG.QU.3639-06,34.961,119.8855,5.221184,5.221184,43.0,43.0,2023-12-15T07:36:17.000Z,2024-01-22T05:43:13.000Z,loitering,1
0c31a69e7-7886-8414-9e26-9d49086df4ee,372971000,GOLD STAR,-22.4727,-39.9982,1.5140930000000001,1.027381,118.0,113.0,2023-12-15T10:58:41.000Z,2024-04-03T13:56:08.000Z,loitering,1
ba19338a6-60f0-1e1d-a08f-4b8c6eee1f05,477369800,DEHANG,29.7228,122.9956,33.815453,34.784039,49.0,52.0,2023-12-15T11:58:32.000Z,2024-01-14T00:58:35.000Z,loitering,1
29a04d4b9-9fc6-39f4-1ddf-98c734680c6b,413544910,OUYANG 008,21.0118,111.6637,44.925711,47.343371,55.0,57.0,2023-12-15T12:11:27.000Z,2024-01-06T12:05:56.000Z,loitering,1
823105488-8f6a-e379-aaf2-644eafcc52ce,244015000,HAEVA,53.9935,0.8124,27.714234,27.244490000000003,58.0,58.0,2023-12-15T13:59:00.000Z,2024-02-13T12:54:10.000Z,loitering,1
f00d44b0f-f6d0-e50f-3661-69e7265f4b64,574128341,THU BON-07794,9.9427,107.9237,101.02728900000001,98.85507000000001,77.0,77.0,2023-12-15T14:55:48.000Z,2024-01-13T16:58:38.000Z,loitering,1
6ec9cf329-969d-cdb8-218d-c3c761492d28,253813000,VOLTAIRE,54.8273,1.7252,86.713766,87.32767999999999,141.0,141.0,2023-12-15T15:56:45.000Z,2024-01-01T10:55:54.000Z,loitering,1
ce27caca1-1c8f-7d80-9ddd-da07888a10e5,376966000,BOURBON LIBERTY 319,-5.6461,11.7985,1.111949,1.106547,38.0,39.0,2023-12-15T17:59:12.000Z,2024-01-04T08:59:22.000Z,loitering,1
a9ab8c54d-dab7-369c-33ae-76556060dcab,413179962,TIELONG61799-68%,26.5434,121.7036,103.41105499999999,102.625016,103.0,109.0,2023-12-15T19:53:07.000Z,2024-01-04T08:57:32.000Z,loitering,1
9faab6d1d-de0d-36a7-2dce-e0538aa9b736,538008397,ENERGEAN POWER,33.2041,34.2838,73.12557000000001,73.12557000000001,75.0,75.0,2023-12-15T20:31:16.000Z,2024-01-07T12:01:50.000Z,loitering,1
8a05ba528-8dff-61a5-8d67-f427e04cc6b1,668116182,BLAS DE LEZO,17.2117,39.7873,180.958359,180.958359,81.0,81.0,2023-12-15T21:54:11.000Z,2024-01-05T14:31:31.000Z,loitering,1
e3d7774ad-de5e-7e47-f749-475c641d7b75,508810059,LURONGYU50881-59-99%,37.3138,123.42,62.109066,65.422891,65.0,66.0,2023-12-15T22:13:37.000Z,2024-01-21T23:31:09.000Z,loitering,1
482d74d12-2840-a425-4909-fc464b69e498,519980133,LURONGYU51998-13399%,37.4335,123.2638,46.000121,55.237426,47.0,55.0,2023-12-16T00:40:02.000Z,2024-01-13T03:24:13.000Z,loitering,1
75553b0dc-cc2e-0b1d-6286-f9b55a8d7475,565693000,NEPTUNO,19.5398,-92.2042,2.458395,2.458395,79.0,78.0,2023-12-16T00:54:07.000Z,2024-04-22T22:32:46.000Z,loitering,1
684fe9ddb-bf80-b550-b00d-17b4c60283ec,519980072,LURONGYU51998-72-99%,37.2737,123.2099,43.353258000000004,46.951215,46.0,50.0,2023-12-16T01:07:54.000Z,2024-01-04T20:45:20.000Z,loitering,1
a3741042f-fb77-6af1-23ac-b4c4719807c7,519980132,LURONGYU51998-13237%,37.1484,123.6137,46.848641,116.708469,48.0,111.0,2023-12-16T01:28:25.000Z,2024-01-01T22:59:42.000Z,loitering,1
ab92e0274-417a-cca6-9b8a-37d1ae818976,60000006,,35.0743,119.7763,0.910076,0.910076,38.0,38.0,2023-12-16T02:56:54.000Z,2024-01-08T09:00:33.000Z,loitering,1
e0b7b171f-f65f-d168-883a-216985377653,311001338,LARCH ARROW,-35.2058,-55.5371,1.111949,1.111949,42.0,42.0,2023-12-16T02:58:18.000Z,2024-01-07T15:59:14.000Z,loitering,1
82ba53bbf-f363-3fd0-6824-e09cec6382b4,565626000,ASIATIC NEPTUNE,2.3358,105.2111,110.14844500000001,111.718922,76.0,76.0,2023-12-16T05:59:42.000Z,2024-01-10T03:48:16.000Z,loitering,1
56f2f04aa-a484-d19c-b185-48a36808dfe9,40817011,,35.0584,119.8711,5.850348,5.850348,45.0,45.0,2023-12-16T08:50:19.000Z,2024-01-15T21:25:42.000Z,loitering,1
d65bfba35-5857-60a6-08da-cfac77f71328,111112760,188-15,-5.5269,-17.8419,479.395438,443.23775,479.0,443.0,2023-12-16T10:37:40.000Z,2024-01-02T05:33:08.000Z,loitering,1
82a5d9812-27b9-4bd6-f579-4bf8d486afce,563038300,POSH PINTAIL,27.8411,50.3465,2.25902,3.152237,53.0,52.0,2023-12-16T12:59:31.000Z,2024-01-03T23:56:26.000Z,loitering,1
b0563ca55-5ca3-d4c1-0d4d-298b9b91b24f,412470320,LD15-1,17.6125,108.4102,100.861492,100.861492,103.0,103.0,2023-12-16T18:43:30.000Z,2024-01-23T01:46:52.000Z,loitering,1
f7fe26519-9388-39bb-3b2b-b63528f039ce,341157001,SEVEN PEARLS,25.4778,56.8582,26.869984,26.869984,50.0,50.0,2023-12-16T19:59:57.000Z,2024-01-05T17:59:42.000Z,loitering,1
e32ab6d38-8d11-518c-8cc0-97e3babe5e83,419554000,PREM PRIDE,19.0112,71.7841,28.751258,28.751258,106.0,106.0,2023-12-16T20:44:55.000Z,2024-01-02T12:23:03.000Z,loitering,1
6a3df9764-42da-c55c-841c-9a4dc5173db5,412986000,LAN JIANG,39.9942,120.8166,3.335848,2.381537,39.0,39.0,2023-12-16T22:58:56.000Z,2024-01-02T10:59:42.000Z,loitering,1
a0bc50997-7c72-6d14-4d0a-20f2f1efe58a,994164284,994164284         9V,-16.9722,76.4155,1138.743,1185.753,1118.0,1165.0,2023-12-17T00:19:38.000Z,2024-01-05T06:33:14.000Z,loitering,1
b406d5ae0-064b-62c5-8cdb-2bbe4cfa2605,572559220,RAWABI 504,28.1529,49.9904,0.980423,0.980423,50.0,50.0,2023-12-17T00:58:21.000Z,2024-01-15T13:59:56.000Z,loitering,1
9d92f8af8-8729-2f38-5176-3427ea1ec59c,412000004,YUWANGQU-4-------8V1,35.023,119.8968,1.111949,2.403118,46.0,47.0,2023-12-17T02:58:32.000Z,2024-01-31T14:18:05.000Z,loitering,1
391b79c3e-e8ce-e7ba-36e8-e19506f8fdf7,215049000,EVGENIA I,38.0654,121.3723,27.654967,27.829098000000002,39.0,37.0,2023-12-17T04:57:16.000Z,2024-01-13T03:59:19.000Z,loitering,1
c1a5598e0-0520-7d5c-b085-28f88bba1ac2,574128135,KIEM NGU-464,8.9287,112.3404,92.359508,92.359508,221.0,221.0,2023-12-17T05:23:50.000Z,2024-01-08T13:42:11.000Z,loitering,1
975e4cf44-4f04-1fc7-714d-c1a095953035,311041300,ODN II,-4.4256,-36.9056,46.443504000000004,46.423913999999996,54.0,54.0,2023-12-17T06:55:41.000Z,2024-02-06T18:59:59.000Z,loitering,1
8ab54beef-f79f-f1a5-8567-8c9fb33bb5cf,373106000,OLYMPIA I,-21.3454,-40.0657,1.519558,0.0,81.0,81.0,2023-12-17T06:56:37.000Z,2024-04-28T19:59:01.000Z,loitering,1
c4a66f569-9dd3-c571-796d-4a05ee373147,574128014,KIEM NGU - 219,6.4117,106.7725,262.73125,261.602938,226.0,224.0,2023-12-17T07:33:44.000Z,2024-01-02T00:32:12.000Z,loitering,1
c571715b6-6637-55e8-c0c0-23f8cf4b51ae,470872000,RIG YEMILLAH,25.2794,53.2696,3.484142,3.214456,42.0,41.0,2023-12-17T08:47:41.000Z,2024-04-10T06:59:00.000Z,loitering,1
f7fd13232-2200-46b9-7449-6a1ac8d8bfd2,613972404,PRADA,2.0165,104.7144,50.378913999999995,50.806168,51.0,51.0,2023-12-17T08:55:47.000Z,2024-02-01T09:57:29.000Z,loitering,1
60ebe4e14-402d-8420-e124-769a91a4d96f,994127040,994127040         9V,-6.1904,-20.9074,721.2925620000001,761.28775,722.0,762.0,2023-12-17T08:56:52.000Z,2024-01-01T20:54:48.000Z,loitering,1
865653c55-5e40-ff8a-fa46-27471c69ed6b,168805326,SS8 BUOY-14  100%,-5.5077,-11.0957,441.138469,468.655688,433.0,460.0,2023-12-17T09:44:15.000Z,2024-01-03T11:31:35.000Z,loitering,1
fe331df81-1941-b202-2650-48e1841e1802,168803941,BUOY-20  100%,-5.5104,-11.0194,446.234969,476.44993800000003,438.0,468.0,2023-12-17T09:53:13.000Z,2024-01-03T18:21:04.000Z,loitering,1
3b2c4933a-a7f4-35eb-8d29-78b14ea9a89b,563684000,COSLGIFT,28.4816,49.3582,1.95477,0.0,76.0,78.0,2023-12-17T09:53:20.000Z,2024-06-07T01:59:08.000Z,loitering,1
1ebbe5e78-82d4-2f27-b35f-4b50e4a3c541,752260040,75226-40-99%,37.5007,123.5182,74.493102,72.325125,74.0,72.0,2023-12-17T09:57:27.000Z,2024-01-04T08:38:12.000Z,loitering,1
ddffb1478-8c23-2448-2db5-594c2c8db2c0,538009951,TB LINHAI,31.5628,123.3289,65.002441,65.002441,99.0,99.0,2023-12-17T09:57:28.000Z,2024-01-11T03:57:19.000Z,loitering,1
03a3ea703-3681-f535-4f20-e606a88a446a,356771000,QMS GLADIATOR,28.3925,49.1945,0.978309,0.978125,57.0,59.0,2023-12-17T09:58:14.000Z,2024-01-22T08:59:21.000Z,loitering,1
5b0feb809-9208-9abf-2cfe-9022db21eb1f,752260053,75226-53-99%,37.5667,123.5246,75.663148,76.739062,75.0,76.0,2023-12-17T10:04:14.000Z,2024-01-03T01:53:41.000Z,loitering,1
4f0ce1aa1-1945-e3eb-41cb-ffe746a35da6,352177000,DIXIE PATRIOT,28.6016,49.6223,1.111949,0.9762730000000001,95.0,95.0,2023-12-17T11:57:00.000Z,2024-03-06T10:57:34.000Z,loitering,1
51f49e1cf-f649-35ea-92f0-08ad3134d35a,550230008,LIAOYING55023-08-99%,37.5493,123.101,40.830023000000004,39.818867,39.0,38.0,2023-12-17T12:00:07.000Z,2024-01-05T09:27:09.000Z,loitering,1
2e373b3b7-7eb6-8a92-2167-cfe6a49ac19c,412465320,HZ26-1,21.1756,115.2651,126.96308599999999,126.96308599999999,140.0,140.0,2023-12-17T15:28:54.000Z,2024-01-02T17:13:22.000Z,loitering,1
16deb06a2-26f1-01e8-56c9-51b3551d55dc,525303089,AIS BUOY-3089  100%,-14.1245,108.0396,481.123094,488.72128100000003,468.0,475.0,2023-12-17T16:43:26.000Z,2024-01-08T14:45:22.000Z,loitering,1
f80633270-0a8e-cfbe-0b20-c3afe21045a6,519980094,LURONGYU51998-94-99%,37.3603,123.2656,50.377668,49.493852,51.0,50.0,2023-12-17T16:54:27.000Z,2024-01-05T00:59:09.000Z,loitering,1
cd75d2d50-01d7-171d-45e5-173275cf9b02,651020058,LIAOYU65102-58-99%,37.026,123.5407,79.46382799999999,79.864188,84.0,84.0,2023-12-17T18:41:20.000Z,2024-01-06T17:40:19.000Z,loitering,1
0856e2516-6720-5fd6-8445-eaf7f92f05ca,490355901,L21559-01_7.9V,31.4041,122.7451,15.538257999999999,17.376905999999998,58.0,62.0,2023-12-17T18:56:35.000Z,2024-01-11T12:34:37.000Z,loitering,1
a6ffabed7-783b-ab43-bbc5-0ef99e2e6115,533131077,PFLNG DUA,7.3814,115.8484,116.204406,116.204406,88.0,88.0,2023-12-17T19:22:51.000Z,2024-02-21T11:35:35.000Z,loitering,1
6063a3d8d-d087-7d0a-494f-e7adbb68fcbe,408529000,AWALCO SAPPHIRE,24.8441,53.5088,1.008995,0.0,45.0,43.0,2023-12-17T20:58:05.000Z,2024-01-03T06:40:20.000Z,loitering,1
6f6e7370b-b3cf-7625-2f0c-db89c8ab5150,367374140,TRINITY,28.9,-94.7068,19.002973,19.002973,41.0,41.0,2023-12-17T20:58:33.000Z,2024-01-29T20:59:22.000Z,loitering,1
2e309dc37-7c18-5746-756d-126abc1f90d1,630001072,NIMBA-1,10.1405,-15.0265,34.412918,34.412918,54.0,54.0,2023-12-17T22:56:32.000Z,2024-02-07T11:54:42.000Z,loitering,1
84e1a5973-3114-a25e-bf31-133287631af8,413221470,YUAN HENG 168,-45.4054,114.5215,1186.82675,1187.899125,1163.0,1164.0,2023-12-17T23:54:38.000Z,2024-01-07T01:16:21.000Z,loitering,1
5d401f298-89e3-fe6c-a2e5-aea8153c399f,234610758,YU.WANG.QU.3309-02,34.9932,119.9519,5.576778,5.900289,50.0,49.0,2023-12-17T23:58:55.000Z,2024-02-28T05:42:49.000Z,loitering,1
d1ec201b3-3d01-5f7f-0d1b-b98ba468111c,234610315,YU.WANG.QU.309-05,34.9949,119.95,5.900289,5.900289,49.0,49.0,2023-12-18T00:08:34.000Z,2024-01-20T03:11:30.000Z,loitering,1
546f95cf6-69a1-7708-3fc1-f54594c067b8,40817015,,35.0574,119.878,5.633801999999999,5.633801999999999,46.0,46.0,2023-12-18T00:12:50.000Z,2024-01-14T01:10:05.000Z,loitering,1
e7ac03dbc-c5d6-d672-6906-53fd99a13a48,519980104,LURONGYU51998-10499%,37.315,123.3227,54.916402000000005,55.769402,56.0,57.0,2023-12-18T00:56:16.000Z,2024-01-06T00:44:44.000Z,loitering,1
069a8e0aa-ad2c-a79d-b475-d03afcff8cde,15279022,,35.5581,121.0332,19.66566,17.542986,41.0,39.0,2023-12-18T03:47:51.000Z,2024-01-02T07:06:32.000Z,loitering,1
92e425b53-36d9-58a0-883d-07f956564409,48680015,SUSHEYU04868-15_8.1V,34.7844,120.1572,19.921902,24.898447,40.0,43.0,2023-12-18T04:38:17.000Z,2024-01-07T03:40:15.000Z,loitering,1
243a4d324-441a-b768-044b-7e0c8e5ae0b4,63711003,,35.0891,119.916,4.539859000000001,4.539859000000001,46.0,46.0,2023-12-18T04:44:56.000Z,2024-01-18T14:07:11.000Z,loitering,1
f2e3a8863-31d9-c153-5235-8da7c20686b6,60563716,,35.0913,119.9234,4.539859000000001,4.539859000000001,46.0,46.0,2023-12-18T05:09:49.000Z,2024-01-03T05:03:53.000Z,loitering,1
e8a37f195-58fd-252c-7fcf-d3a455e0af52,100001668,YU.WANG.QU.598-03,35.0824,119.9294,5.849862,5.849862,48.0,48.0,2023-12-18T05:34:49.000Z,2024-01-09T04:34:14.000Z,loitering,1
b1bee53ca-a15a-3555-cb47-e2f8b05a5cd7,370581000,GMS.ENDURANCE.6101,26.4842,52.0712,4.447797,3.186818,81.0,80.0,2023-12-18T05:48:22.000Z,2024-02-10T10:59:20.000Z,loitering,1
ebe83159d-d349-4ef0-0084-ac265ce5d8b1,725003803,,-44.485,-54.615,739.857375,739.857375,736.0,736.0,2023-12-18T06:02:37.000Z,2024-01-07T17:19:27.000Z,loitering,1
d6f7a06c1-16b4-a2ec-4cd5-6e6cf4d52d52,234411389,YU.WANG.QU.189-01,34.9776,119.8552,4.312274,4.940042999999999,41.0,41.0,2023-12-18T06:57:04.000Z,2024-01-15T08:21:34.000Z,loitering,1
01bba02d3-35f5-1651-fc42-eba5dce77b5b,222200154,YU.WANG.QU.3639-05,34.9865,119.8709,2.874779,2.874779,43.0,43.0,2023-12-18T08:01:32.000Z,2024-01-08T07:34:53.000Z,loitering,1
2a274f26e-ed25-dab2-7c11-db14122dba36,994018403,994018403         9V,-15.0439,-34.61,453.01340600000003,496.885781,435.0,480.0,2023-12-18T08:15:22.000Z,2024-01-05T00:30:20.000Z,loitering,1
11fba6d3e-e741-3c46-c125-350a1311390c,168803678,KR3804  100%,10.264,-32.2017,953.05275,1010.39875,925.0,982.0,2023-12-18T10:10:12.000Z,2024-01-03T10:02:34.000Z,loitering,1
ec0108a64-4c8c-f1f8-51f5-3a335b8a937d,367514120,L/B ROBERT,28.4708,-92.1762,6.952064,7.287373,117.0,116.0,2023-12-18T13:34:05.000Z,2024-01-07T00:20:13.000Z,loitering,1
022c23cd5-5dcc-b81e-68a9-88a8231e41d2,550230007,LIAOYING55023-07-76%,37.5636,123.0765,39.637769999999996,39.507078,38.0,38.0,2023-12-18T15:40:59.000Z,2024-01-01T14:21:41.000Z,loitering,1
9c8e7f282-2003-f922-88a1-71cabd71075e,4618712,TIELONG61871-2-76%,26.9404,121.7375,74.18957,75.287461,83.0,87.0,2023-12-18T15:55:28.000Z,2024-01-02T23:35:59.000Z,loitering,1
091459249-9df6-b920-24ec-60948fa7c7cc,522138820,LIN21388--20-48%,31.4342,122.7228,16.944395,16.944395,63.0,63.0,2023-12-18T17:40:22.000Z,2024-01-01T13:25:05.000Z,loitering,1
a5f5fe605-5594-b203-c5d9-054cefcdf90f,519980057,LURONGYU51998-57-82%,37.2428,123.2827,48.78568,55.049648,52.0,59.0,2023-12-18T17:56:50.000Z,2024-01-01T13:10:19.000Z,loitering,1
a21978fbd-dc95-5253-aa86-fe72b75b0d81,677067900,AKOYA GAS,25.5771,56.9811,33.757965,33.554555,41.0,40.0,2023-12-18T17:59:49.000Z,2024-01-07T17:58:28.000Z,loitering,1
c3e8256cf-fb15-4339-1de6-9c145e7f661b,655010029,LUSHOUYU65501-29-99%,37.0628,123.465,71.64544500000001,72.478875,76.0,77.0,2023-12-18T18:00:41.000Z,2024-01-02T02:43:13.000Z,loitering,1
8e24ca332-2861-6bab-a057-17b4500e78e5,655010028,LUSHOUYU65501-28-99%,37.0793,123.4659,70.908477,71.750242,76.0,77.0,2023-12-18T18:12:12.000Z,2024-01-05T12:13:36.000Z,loitering,1
6442556c5-52c6-659d-5174-312d619b8816,655010032,LUSHOUYU65501-32-58%,37.0202,123.4639,72.864273,74.55993799999999,77.0,79.0,2023-12-18T18:12:41.000Z,2024-01-06T06:57:04.000Z,loitering,1
63b7d8113-37dd-0a97-4e9d-f042739d4249,533130934,FPSO HELANG,4.785,113.4933,26.964107,27.16948,56.0,56.0,2023-12-18T19:54:08.000Z,2024-02-03T04:36:11.000Z,loitering,1
1fc8e7ca8-848b-1502-220a-7646191a864c,100001579,YU.WANG.QU.598-09,35.0897,119.9211,4.805476,4.539859000000001,47.0,46.0,2023-12-18T21:35:28.000Z,2024-01-02T22:43:22.000Z,loitering,1
887f1e8f8-8f33-bf3d-6392-bbafa22e667b,258200052,LIAODANYU25820-5299%,37.3321,123.6081,83.986688,76.061031,85.0,77.0,2023-12-18T21:37:41.000Z,2024-01-02T06:28:47.000Z,loitering,1
da8e1a95c-c4d8-7346-c384-a92f287b197f,111112775,LQ2325,-5.51,-17.7999,470.51406199999997,447.472969,470.0,447.0,2023-12-18T22:50:50.000Z,2024-01-08T23:59:48.000Z,loitering,1
4bf897ed2-2697-e291-dcf0-dbb9578852f3,41230083,,35.071,119.818,5.0652479999999995,2.1324520000000002,42.0,39.0,2023-12-19T01:31:51.000Z,2024-04-29T06:51:04.000Z,loitering,1
608bc8e43-32d8-2a4a-1bf3-be64611cfc1b,232199823,ZHELINYU21998-23-,31.4416,122.7196,17.832883000000002,17.832883000000002,64.0,64.0,2023-12-19T01:52:05.000Z,2024-01-11T11:53:26.000Z,loitering,1
370114b45-5fd3-6752-1e39-a83b15421def,370896000,FRANBO PROSPECT,21.0156,87.7905,2.07591,2.07591,66.0,66.0,2023-12-19T01:54:47.000Z,2024-01-05T17:54:30.000Z,loitering,1
8665ea73f-f8ef-a6bf-0bcb-84a5ba1aed94,234610326,YU.WANG.QU.317-09,35.0263,119.8963,2.403118,2.403118,47.0,47.0,2023-12-19T01:57:31.000Z,2024-04-22T04:09:34.000Z,loitering,1
20926b546-68e9-35d6-65ea-b4eed144d209,521383006,ZHELINYU21383-6-52%,31.2497,122.6519,0.0,0.0,42.0,42.0,2023-12-19T02:59:29.000Z,2024-01-03T15:53:51.000Z,loitering,1
b810599ae-e651-da32-486a-b7cece22ef77,44252882,98 E11 P1        7V4,25.4672,121.0362,39.473078,39.048422,43.0,43.0,2023-12-19T03:30:02.000Z,2024-01-06T23:06:15.000Z,loitering,1
f4e2f3e40-05b4-58a8-9e3e-927c229dbec3,205083000,BOKA TIAMAT,-19.8815,115.1647,16.97141,17.195223000000002,63.0,64.0,2023-12-19T04:58:41.000Z,2024-01-09T12:59:59.000Z,loitering,1
c4e6f4364-4bad-d6c6-e0bc-376aa75cb7b0,910023567,,35.1033,119.7992,0.909741,0.909741,38.0,38.0,2023-12-19T05:49:39.000Z,2024-01-02T04:28:37.000Z,loitering,1
31e18293d-d546-db8b-83a1-128753336140,710000176,MARLIN II,0.9092,-29.3565,625.1014379999999,627.573625,621.0,624.0,2023-12-19T05:57:40.000Z,2024-01-02T17:12:03.000Z,loitering,1
ad9e21de0-0ea2-d67c-5dca-91ca90d0c273,111,BOOMVANG,27.3537,-94.6254,15.956734,15.956734,184.0,184.0,2023-12-19T06:58:45.000Z,2024-08-12T16:48:44.000Z,loitering,1
84ca3382f-f66c-842f-9208-3a7b1206e52a,357109000,PATHFINDER,34.1429,128.2862,39.002297,39.061023,45.0,47.0,2023-12-19T07:59:58.000Z,2024-01-18T17:58:05.000Z,loitering,1
43ff451eb-bda3-4c60-b236-72cc7f2738d5,538010665,NOBLE  VIKING,7.3452,115.8586,113.713414,113.713414,85.0,85.0,2023-12-19T08:53:54.000Z,2024-01-02T04:12:22.000Z,loitering,1
05fd3e429-9b9e-8416-b957-645c3052bf21,994168322,994168322         9V,-30.2842,105.9231,758.1725,801.766938,757.0,796.0,2023-12-19T09:56:52.000Z,2024-01-07T14:50:14.000Z,loitering,1
82e52415d-d5eb-43cb-1f7b-39914c7a3df1,577043000,MIST,7.9625,101.3852,114.40257799999999,111.363656,84.0,85.0,2023-12-19T10:27:51.000Z,2024-03-24T09:23:22.000Z,loitering,1
6faffe828-88e7-644d-265d-a67f1c2cb7a5,403593001,ZAMIL 65,28.3744,49.2502,0.0,1.956987,63.0,60.0,2023-12-19T11:50:21.000Z,2024-01-09T07:52:57.000Z,loitering,1
4c628b3fd-dc73-5ffa-a1c3-778f507cf1ca,574374000,CSB 9001,7.5492,108.8266,355.222562,355.821594,261.0,262.0,2023-12-19T11:58:03.000Z,2024-02-22T00:55:57.000Z,loitering,1
fc021d17b-b021-be38-8adc-4e30aaee43dc,470194000,RIG AL SILA,24.8897,53.5924,0.0,0.0,52.0,52.0,2023-12-19T13:16:48.000Z,2024-01-15T21:51:25.000Z,loitering,1
942c7defd-d345-cd8d-d963-9992523453fd,419382000,SAGAR VIJAY,18.4164,70.6709,40.674445,42.334797,230.0,232.0,2023-12-19T15:59:34.000Z,2024-01-11T02:16:36.000Z,loitering,1
354ccb4d6-67c5-2051-c2f8-7c34834d8bd9,111112999,,-11.6696,-134.6387,478.819406,442.02193800000003,472.0,435.0,2023-12-19T18:35:05.000Z,2024-01-08T20:06:02.000Z,loitering,1
45deae307-7b6b-0a73-8298-2668fd6fef70,994008863,BUOY-03           9V,-11.7171,-134.8036,450.607594,438.263188,444.0,432.0,2023-12-19T21:54:28.000Z,2024-01-02T17:19:11.000Z,loitering,1
0e685d6fe-ecab-c03e-96e0-ca32cd19ca1b,354590000,AEGIR,-53.0887,-67.3374,60.704004,61.963792999999995,58.0,59.0,2023-12-19T23:59:13.000Z,2024-01-26T02:59:07.000Z,loitering,1
02eb677f1-1d4f-cbdc-4018-f5c0154a9269,420002626,0026-26_8.0V,25.5679,120.7947,61.615211,62.944496,62.0,63.0,2023-12-20T01:44:46.000Z,2024-01-08T05:48:56.000Z,loitering,1
a128d8ddc-c17d-2559-3e43-f428d3a3ab80,419001410,MP WORKBOAT 1,18.7563,72.3382,3.062493,4.447797,50.0,52.0,2023-12-20T01:46:43.000Z,2024-01-04T14:52:06.000Z,loitering,1
d7779745d-d831-ee3d-afd4-4ad366c8181c,574128137,KIEM NGU - 466,8.175,113.3167,159.17203099999998,159.17203099999998,200.0,200.0,2023-12-20T01:47:16.000Z,2024-01-03T01:13:18.000Z,loitering,1
41f47579b-b814-a129-7f3f-b074c6c9b65c,900111005,,35.185,119.9068,4.447797,5.5597460000000005,39.0,39.0,2023-12-20T02:20:24.000Z,2024-01-05T15:05:20.000Z,loitering,1
f8278f8c2-2e9b-30e4-e787-b1e087f0872b,538003402,BALTIC BEAR,20.9878,87.7597,5.655837,2.454225,71.0,70.0,2023-12-20T02:56:19.000Z,2024-01-02T05:51:21.000Z,loitering,1
22d8238e8-87f4-994e-61ce-e988b07714c3,538006846,FALCON DIAMOND,26.9451,50.4862,0.9911939999999999,0.0,47.0,46.0,2023-12-20T03:59:34.000Z,2024-01-02T12:58:44.000Z,loitering,1
b37b750cb-b44e-057e-2a22-a9290252b845,576923000,MAIN PASS 1,28.3311,49.6129,2.251389,2.250909,69.0,72.0,2023-12-20T04:57:00.000Z,2024-01-20T06:58:34.000Z,loitering,1
bc38563de-ef63-2f41-4000-581e412e7d99,574128116,KIEM NGU - 409,8.8658,114.6758,148.939062,151.16478099999998,81.0,82.0,2023-12-20T05:09:57.000Z,2024-01-01T06:44:18.000Z,loitering,1
11cc55bce-e740-a9fe-4a46-12a0faaa05bf,341091000,MNG GOLLA,17.0322,39.8843,164.097578,163.361875,62.0,58.0,2023-12-20T05:31:41.000Z,2024-03-28T02:55:02.000Z,loitering,1
63c02e001-1ae1-cd3b-f7b0-0fcb55b2122c,661315802,,26.6007,121.006,18.854279,47.707184,22.0,48.0,2023-12-20T07:41:39.000Z,2024-01-01T05:39:30.000Z,loitering,1
8d0f3aec1-11f5-20fb-00a5-25eec772575d,538008496,SEACOR ANDES,-6.1154,11.3578,11.39815,9.899961,99.0,100.0,2023-12-20T07:59:20.000Z,2024-01-11T03:59:01.000Z,loitering,1
da1956d00-042e-39b7-37ca-198a5f14aac5,232199828,ZHELINYU21998-28-,31.477,122.5794,9.407147,9.407147,66.0,66.0,2023-12-20T08:36:34.000Z,2024-01-11T20:17:00.000Z,loitering,1
465249b3b-bbec-375b-bb86-15e5ee5e15b1,248523000,ALICE PRIMA,26.6625,51.9147,1.491373,1.98729,82.0,84.0,2023-12-20T08:47:46.000Z,2024-01-03T10:58:49.000Z,loitering,1
c9e13284f-f6d9-0fd9-efc5-f3de9d38545c,422706081,AMF FISH BOYA  82%,5.0127,56.9579,948.922312,1026.246,894.0,762.0,2023-12-20T11:10:20.000Z,2024-01-02T01:34:01.000Z,loitering,1
a542a3a1d-d387-a634-1f71-30e092b0e68d,994110388,BUOY-08           9V,13.8208,-34.4,1054.22075,1070.5285,1025.0,1041.0,2023-12-20T11:57:51.000Z,2024-01-01T03:31:01.000Z,loitering,1
534952064-4481-162c-17db-1ee7daa4f23c,636016440,NSC GL0RY,4.1384,7.913,5.655591,7.842515000000001,43.0,43.0,2023-12-20T13:58:54.000Z,2024-04-01T20:55:16.000Z,loitering,1
e4a9130ff-ff90-f6cf-fb49-3cdb223ec9d7,14930139,NET-ZSY01493-139-86%,27.9781,123.3897,38.050273000000004,194.351406,43.0,20.0,2023-12-20T13:59:22.000Z,2024-01-05T02:47:21.000Z,loitering,1
7958365d6-676f-d718-5523-a072d167036d,421234583,PTR313-03 80%,-19.3531,-113.213,952.515938,940.167062,944.0,932.0,2023-12-20T14:28:35.000Z,2024-01-02T07:49:29.000Z,loitering,1
e98b37811-1136-9142-3522-34906194510d,413251000,HUA TIAN LONG,7.9825,102.5617,229.336844,225.852781,105.0,102.0,2023-12-20T16:03:48.000Z,2024-01-17T20:57:33.000Z,loitering,1
04b13b7d0-0ac5-532c-c313-d291bbf0892a,636022667,DELFINA,29.5942,48.768,4.551646,4.551646,41.0,41.0,2023-12-20T16:59:03.000Z,2024-01-04T14:56:57.000Z,loitering,1
1c3ee27bf-f9b1-d4dc-e1ef-24600825ba42,111112998,TS020,-11.7148,-134.7101,448.706406,459.493156,442.0,453.0,2023-12-20T19:41:43.000Z,2024-01-03T17:49:53.000Z,loitering,1
1a5b54dac-c8b0-e6f6-d309-5eede35e4870,538007928,TRANSOCEAN NORGE,65.5532,7.1891,57.322663999999996,60.074953,176.0,175.0,2023-12-20T19:59:37.000Z,2024-02-20T16:59:24.000Z,loitering,1
c7f0a8129-9fe3-2f15-5d64-b720912cc43d,710031020,BRAM FORCE,-22.1513,-39.9607,1.111949,1.111949,107.0,108.0,2023-12-20T21:55:05.000Z,2024-01-16T20:55:25.000Z,loitering,1
a7ee0dc4c-cac4-124e-6bac-77e52e146b4a,403542000,RAYAH,28.6717,-94.6367,3.9024859999999997,2.9268650000000003,66.0,65.0,2023-12-20T21:57:41.000Z,2024-01-03T08:57:58.000Z,loitering,1
573643dfa-a7b0-a95a-e929-9589f980092e,2320212,MAGNUS PLATFOROM,61.6197,1.3051,0.528529,0.528529,142.0,142.0,2023-12-20T23:29:39.000Z,2024-01-26T22:30:12.000Z,loitering,1
975a379cb-b092-bebc-17df-cb1a4768c487,86560001,TIELONG-08656-1-99%,23.875,118.4969,38.664711000000004,41.561296999999996,55.0,59.0,2023-12-21T00:13:35.000Z,2024-01-02T05:55:11.000Z,loitering,1
eac7b7b7c-c75f-127e-9a10-fb8058e8ceb5,86560005,TIELONG-08656-5-90%,23.8921,118.5977,42.013641,44.682332,60.0,60.0,2023-12-21T00:14:16.000Z,2024-01-11T19:17:23.000Z,loitering,1
68e6d174d-dd77-62e8-4672-4ae0c3bd7338,412365728,TIELONG65278-3-71%,24.1256,119.1818,64.877176,61.104301,59.0,56.0,2023-12-21T00:55:34.000Z,2024-01-04T20:59:44.000Z,loitering,1
905e2b3e1-1dc2-f669-804b-57948785d0f0,168805324,SS8 BUOY-12  100%,-5.618,-11.2017,413.346719,459.884625,405.0,452.0,2023-12-21T01:04:34.000Z,2024-01-04T16:18:35.000Z,loitering,1
2491f76f6-6fd4-a541-74a5-fcc9902c6960,412187140,TIELONG61871-40-96%,27.026,121.6909,64.480363,63.657699,77.0,72.0,2023-12-21T01:45:45.000Z,2024-01-06T06:03:38.000Z,loitering,1
ecab8fcfc-c31a-8197-f9b5-cb4441e8707e,994008834,HCF-BUOY-04       9V,-6.2905,-1.8781,741.044688,718.6996879999999,999.0,979.0,2023-12-21T01:53:49.000Z,2024-01-07T14:43:14.000Z,loitering,1
dc56686b2-24ec-937b-211e-79a55af08b7a,226335000,ILE DE BREHAT,6.1684,126.1258,17.844684,112.227773,17.0,35.0,2023-12-21T01:57:03.000Z,2024-01-03T06:56:59.000Z,loitering,1
0d5988508-8d4a-740c-b984-eaae48e2a476,168803403,BUOY-07  100%,-5.6262,-11.1413,419.645375,463.968219,411.0,456.0,2023-12-21T02:10:13.000Z,2024-01-04T11:46:53.000Z,loitering,1
0570c42bb-bd29-1575-f44c-7cbec2517b1e,994008835,994008835         9V,-6.3212,-2.0982,734.662625,747.58075,995.0,1028.0,2023-12-21T02:28:11.000Z,2024-01-06T16:48:55.000Z,loitering,1
8d1bb4681-181f-9816-69e3-2c9f005e5832,994171575,994171575         9V,-13.9002,106.9206,406.710281,411.899375,391.0,397.0,2023-12-21T03:00:04.000Z,2024-01-03T21:25:45.000Z,loitering,1
03b9763d0-046f-ec37-7b73-6a19218325ef,994008836,HCF-BUOY-06       9V,-6.3433,-2.1337,728.2856879999999,760.669938,991.0,1040.0,2023-12-21T03:25:24.000Z,2024-01-05T17:20:42.000Z,loitering,1
040733eab-bd9f-99de-bc19-6c5d8fd676fd,219790004,21979-4-90%,29.0508,123.1554,15.420521,138.244766,31.0,138.0,2023-12-21T03:49:51.000Z,2024-01-05T09:50:58.000Z,loitering,1
8bf185312-2b67-35db-bb1f-24675d8b2127,636020791,MSXT EMILY,31.172,123.1021,26.639842,26.639842,51.0,51.0,2023-12-21T03:56:58.000Z,2024-01-08T05:58:18.000Z,loitering,1
001357d45-5c83-5250-059d-c452913dca5b,538001747,DIAMOND OCEAN APEX,-13.4433,123.3369,39.866645,49.353523,138.0,133.0,2023-12-21T03:57:43.000Z,2024-06-06T13:57:58.000Z,loitering,1
3dba5f36a-a24d-85c8-0dc7-053dba9e625b,508810055,LURONGYU50881-55-99%,37.2218,123.416,61.98128500000001,65.579844,65.0,70.0,2023-12-21T05:56:54.000Z,2024-01-14T23:59:36.000Z,loitering,1
52c319af2-2464-0734-4ac0-9dce9df8cb3a,352001069,BIANCA JOYSEL,2.1265,104.8238,65.14378500000001,67.17041400000001,47.0,48.0,2023-12-21T05:57:20.000Z,2024-01-11T00:51:26.000Z,loitering,1
927890d73-34a2-52b8-7079-b3a98f21a9b2,508810064,LURONGYU50881-64-99%,36.7232,123.6085,67.522438,127.054523,72.0,132.0,2023-12-21T06:14:33.000Z,2024-01-17T11:10:54.000Z,loitering,1
d221c7d7b-beb3-6e86-6605-3703825e49fd,658880051,TIELONG65888-51-78%,22.3154,116.3849,67.102711,68.107922,64.0,65.0,2023-12-21T06:54:11.000Z,2024-01-04T06:56:42.000Z,loitering,1
9ece770dc-c5ef-ea8f-3c9f-66f9b25529fa,244010235,,32.7921,34.3954,54.479035,53.741809,51.0,50.0,2023-12-21T07:03:15.000Z,2024-02-13T11:57:26.000Z,loitering,1
cf594c2c2-25da-6d53-44a8-7533c1c1facd,994080426,994080426         9V,-13.957,107.2856,428.286344,431.64431199999996,413.0,417.0,2023-12-21T07:28:26.000Z,2024-01-01T03:32:43.000Z,loitering,1
feb1af10f-f9cb-d3e8-d4e9-ac2199f3792a,636021833,ADMARINE 694,28.4914,49.3977,3.135786,2.248821,81.0,80.0,2023-12-21T07:56:35.000Z,2024-01-14T19:58:15.000Z,loitering,1
408b7c041-16f5-bd80-7c76-9d69f1e18681,994008345,CS 686 BUOY-05    9V,-2.0538,-149.7535,1028.218125,909.6418120000001,658.0,567.0,2023-12-21T08:57:02.000Z,2024-01-01T00:53:39.000Z,loitering,1
2648a010b-bfbb-2056-c25a-f023b05ca8bf,994008344,CS BUOY-04        9V,-2.0537,-149.8103,1023.269188,903.752938,652.0,561.0,2023-12-21T08:59:35.000Z,2024-01-01T00:05:17.000Z,loitering,1
73ecba43e-ecc7-1025-ed13-6bade052b85e,168805247,BUOY-21  100%,-5.7378,-11.0442,423.14653100000004,464.022375,415.0,455.0,2023-12-21T09:50:28.000Z,2024-01-03T16:08:41.000Z,loitering,1
82aab05af-f76f-a199-904a-3afd593b0ed6,422465000,PLB-132,25.8915,52.9219,0.0,2.2888580000000003,55.0,57.0,2023-12-21T10:18:26.000Z,2024-01-10T03:25:25.000Z,loitering,1
61fa4bdc5-5851-2e83-9ad6-abffe8950da3,994025020,994025020         9V,-5.7197,-11.2335,405.745156,449.15118800000005,397.0,441.0,2023-12-21T10:57:04.000Z,2024-01-03T14:29:32.000Z,loitering,1
9c5973fbd-d6d6-a27a-6db1-50dee82e5295,550710042,LIAOWAYU55071-42-75%,36.9324,123.2058,59.256527,56.186738,60.0,58.0,2023-12-21T11:12:19.000Z,2024-01-04T04:25:55.000Z,loitering,1
6dad2b5bd-dfcb-701b-7c3e-0c65a4c8a07f,168805508,BUOY-28  100%,-2.0437,-21.2044,925.84125,1068.8755,924.0,1068.0,2023-12-21T11:19:32.000Z,2024-01-02T11:14:37.000Z,loitering,1
a9a8a1a7b-bc08-0180-5614-5aeaf27a39e8,550710046,LIAOWAYU55071-46-69%,36.9252,123.2773,65.332785,62.495477,66.0,63.0,2023-12-21T11:25:18.000Z,2024-01-03T13:26:58.000Z,loitering,1
6e56bda4f-fa06-ae78-ff75-0c3a63bb3a43,60557831,,33.7242,123.9099,120.408266,116.229992,117.0,113.0,2023-12-21T11:36:14.000Z,2024-01-01T08:48:55.000Z,loitering,1
b810ece68-8dbe-ae8f-24eb-977aee76acb9,550710088,LIAOWAYU55071-88-76%,36.9185,123.3613,70.91229700000001,70.91229700000001,72.0,72.0,2023-12-21T11:39:56.000Z,2024-01-01T04:06:46.000Z,loitering,1
fcdcf5fea-a116-ab2e-93f0-7db63f5ba512,550710018,LIAOWAYU55071-18-87%,36.9406,123.2976,60.536496,69.674617,61.0,72.0,2023-12-21T11:40:29.000Z,2024-01-07T08:32:07.000Z,loitering,1
09a1ff433-362c-be1c-b3fe-4f827b5f5d00,994008350,CS 686 BUOY-10    9V,-2.0548,-149.489,1052.562375,937.766625,685.0,595.0,2023-12-21T11:40:53.000Z,2024-01-01T04:08:36.000Z,loitering,1
2f024a11e-e91e-a2cb-bc5a-2072ec97e8eb,10678582,,33.6148,123.9681,118.740781,116.42526600000001,116.0,113.0,2023-12-21T12:01:26.000Z,2024-01-01T10:30:02.000Z,loitering,1
4aa2aa627-76cf-1cb0-074c-65bd7efdfb48,519980101,LURONGYU51998-10172%,36.9759,123.3662,68.677766,67.351484,71.0,70.0,2023-12-21T12:13:32.000Z,2024-01-01T04:30:44.000Z,loitering,1
7338ef6d3-3da9-7312-bde5-2f5c762d6755,982307100,ZHE21262-9-62%,32.9033,124.9143,104.24553900000001,119.202281,104.0,118.0,2023-12-21T12:14:42.000Z,2024-01-01T19:35:19.000Z,loitering,1
74d993b5d-d892-a7c5-b649-5b1bc3e8db5e,519980117,LURONGYU51998-11751%,36.9788,123.3364,64.1325,68.123039,66.0,71.0,2023-12-21T12:17:16.000Z,2024-01-21T05:37:42.000Z,loitering,1
e63e1d56a-ad71-2a39-865b-2b61d169f0a8,519980148,LURONGYU51998-14865%,36.9987,123.3515,64.71176200000001,67.055148,68.0,70.0,2023-12-21T12:23:07.000Z,2024-01-03T00:39:22.000Z,loitering,1
5de721f1d-d916-84d0-cc41-89334bbf71e2,519980150,LURONGYU51998-15069%,37.0113,123.2989,61.069852,61.069852,64.0,64.0,2023-12-21T12:24:05.000Z,2024-01-04T04:03:18.000Z,loitering,1
269b35645-547c-07d5-ba0e-9a3593842b3f,219017214,ESVAGT AURORA,71.3105,22.2439,1.8074359999999998,1.1676739999999999,55.0,52.0,2023-12-21T12:57:57.000Z,2024-01-05T12:58:32.000Z,loitering,1
2913a24c0-0880-f475-57aa-7cfeacc46f61,525020390,MT.SC WARRIOR L,1.7369,104.8776,40.871019999999994,40.460648,65.0,64.0,2023-12-21T12:58:56.000Z,2024-01-04T08:57:18.000Z,loitering,1
77e407a9d-ddb8-a081-2f8b-f5b3cec3f320,422311230,ALLAHMADAT_FISHNET_,4.6954,60.7499,1127.363,1160.493625,1084.0,1076.0,2023-12-21T13:00:56.000Z,2024-01-01T05:54:57.000Z,loitering,1
ee5531511-1e42-48dc-6ab4-256dd7160025,657113700,JASCON 57,4.1356,7.9147,7.016071,5.655591,44.0,43.0,2023-12-21T13:58:51.000Z,2024-01-09T05:59:30.000Z,loitering,1
5d9fbd515-586f-ba88-7699-1a3924d9354a,519980078,LURONGYU51998-78-25%,37.3351,123.2659,46.907629,53.051362999999995,48.0,54.0,2023-12-21T14:15:32.000Z,2024-01-01T20:02:32.000Z,loitering,1
aae3fe730-0329-77d0-db3d-9b133c14a649,419000209,B S NEGI,19.369,72.0508,11.823808000000001,17.827898,72.0,71.0,2023-12-21T14:19:19.000Z,2024-01-04T11:01:30.000Z,loitering,1
44e9639ee-e485-99f0-3323-43541c93c3f4,614980056,TIELONG61498-56  90%,24.7862,119.8031,45.202508,53.336977,35.0,45.0,2023-12-21T14:24:58.000Z,2024-01-08T01:55:22.000Z,loitering,1
f6a0d39fb-bb41-8a4d-3be5-4eb9db446e51,310662000,FLOATEL VICTORY,27.228,-91.1904,22.746393,22.746393,204.0,204.0,2023-12-21T14:45:39.000Z,2024-01-16T04:03:20.000Z,loitering,1
277cb812c-cfc7-a948-b467-123e0ce955b0,900111001,,35.1997,119.9199,6.7333300000000005,6.7333300000000005,39.0,39.0,2023-12-21T14:55:30.000Z,2024-01-31T13:49:12.000Z,loitering,1
19be45ba7-7ded-9b7c-0889-c7a9db848092,60806801,,35.0875,119.9269,4.805476,4.805476,47.0,47.0,2023-12-21T14:57:17.000Z,2024-01-18T05:12:21.000Z,loitering,1
d5f9cc38a-a7f4-a2bf-3ad0-4bc5ab074e8a,538010194,SEA DRAGON,25.5094,54.8975,0.0,0.0,41.0,41.0,2023-12-21T14:57:47.000Z,2024-01-05T09:59:44.000Z,loitering,1
5ee8f7419-96be-53a5-b381-7c21ce7e98ab,614980068,TIELONG61498-68  90%,24.8774,119.818,35.194480000000006,44.759895,37.0,37.0,2023-12-21T15:13:38.000Z,2024-01-09T02:30:20.000Z,loitering,1
bbfe2d4c7-7c2f-1ad5-fc58-da6b84981466,615680035,TIELONG61568-35  90%,24.7849,119.9464,49.695828,59.879824,48.0,57.0,2023-12-21T15:26:43.000Z,2024-01-07T10:58:00.000Z,loitering,1
bffdc48af-f699-aca1-4b2a-4858b75380ff,980239224,02392-24-40%,24.7884,119.8997,50.153387,54.616617,49.0,48.0,2023-12-21T15:28:24.000Z,2024-01-06T01:58:20.000Z,loitering,1
483be0de2-2e24-a1c4-2ee4-c128880556e8,617730052,TIELONG61773-52  90%,24.8639,119.9104,42.45973,48.702742,46.0,47.0,2023-12-21T15:33:40.000Z,2024-01-04T22:14:59.000Z,loitering,1
5e2d5700a-a268-a308-82d6-ddc1fc512056,412440634,FU YUAN YU 6082,20.4085,-17.2861,52.45325,37.829383,53.0,41.0,2023-12-21T15:39:58.000Z,2024-01-01T01:17:43.000Z,loitering,1
53fc4552c-cf8c-c119-de3d-312ed52f742a,676880058,TIELONG67688-58  90%,24.8964,119.9034,34.927824,49.254637,39.0,47.0,2023-12-21T15:40:08.000Z,2024-01-04T02:46:35.000Z,loitering,1
45d135151-172e-28ec-7e1c-60b385a7f1c4,614980033,TIELONG61498-33  90%,24.7487,119.874,58.190699,52.801047,53.0,43.0,2023-12-21T15:42:08.000Z,2024-01-07T01:28:25.000Z,loitering,1
77f9c448f-fa25-4aba-58b1-46f5e6a0979a,615580038,TIELONG61558-38  90%,24.8301,119.9336,51.115816,48.68368,51.0,49.0,2023-12-21T15:46:08.000Z,2024-01-04T04:53:39.000Z,loitering,1
406213483-3dc6-e731-204c-c6048f93e7b6,617730053,TIELONG61773-53  90%,24.7977,119.9192,47.090413999999996,62.545913999999996,50.0,49.0,2023-12-21T15:51:38.000Z,2024-01-08T07:05:04.000Z,loitering,1
3a116467c-cd36-113c-96d4-61441af2062a,615680070,TIELONG61568-70  90%,24.8898,119.9611,41.066043,52.703566,43.0,49.0,2023-12-21T15:54:29.000Z,2024-01-04T03:34:34.000Z,loitering,1
9d2354ea6-6576-ee5c-67e7-0b6206001891,538007495,FRONT EMPIRE,35.0667,120.0733,3.521344,0.910076,60.0,58.0,2023-12-21T15:59:02.000Z,2024-01-02T01:59:15.000Z,loitering,1
e2f0de275-51ca-8803-ee56-c786b33b78ab,99880344,HUANGMING-44,8.1452,-30.7784,1000.654562,1030.404938,974.0,1003.0,2023-12-21T15:59:28.000Z,2024-01-09T13:14:01.000Z,loitering,1
9c42b68ab-b6df-a1a5-4fb0-00cdf28488d2,617730060,TIELONG61773-60  90%,24.796,119.9339,53.149440999999996,54.99866,56.0,47.0,2023-12-21T16:12:42.000Z,2024-01-08T00:39:20.000Z,loitering,1
7401b769b-b917-6822-1e1a-57fa47274c69,196903602,,24.7296,119.7677,57.053523,53.043375,50.0,34.0,2023-12-21T16:14:24.000Z,2024-01-01T19:24:01.000Z,loitering,1
33a32f334-4c4d-5a28-17cb-cf4f542930e3,615680069,TIELONG61568-69  90%,24.9719,120.0086,39.594972999999996,45.584004,42.0,47.0,2023-12-21T16:24:36.000Z,2024-01-06T01:56:56.000Z,loitering,1
0050718ee-eb65-deed-5693-5fe108cb350f,355001000,GOODMAN,18.503,72.2654,1.054488,1.054488,65.0,65.0,2023-12-21T16:26:43.000Z,2024-01-01T15:43:35.000Z,loitering,1
f41da308c-cb7d-12f8-8443-15b3698f7839,615580050,TIELONG61558-50  90%,24.7866,119.8862,45.182061999999995,62.154644999999995,48.0,48.0,2023-12-21T16:27:42.000Z,2024-01-02T21:54:10.000Z,loitering,1
03a1a4568-8f88-f84e-866b-36e12ea946dc,676880055,TIELONG67688-55  90%,24.871,120.0153,52.896332,48.010988,56.0,51.0,2023-12-21T16:35:08.000Z,2024-01-06T23:40:54.000Z,loitering,1
bcc030aa6-61a8-0ffa-57b0-2476b8362cce,108003912,61215,24.8751,119.9646,46.385008,49.169508,49.0,48.0,2023-12-21T16:50:13.000Z,2024-01-04T22:09:17.000Z,loitering,1
4a4fb3c82-288b-a240-0169-f836aa857b26,99880343,HUANGMING-43,8.1505,-30.6997,992.046125,1027.361062,965.0,1000.0,2023-12-21T16:50:33.000Z,2024-01-06T11:33:05.000Z,loitering,1
ee9fb4929-9d19-a101-deaa-269b4c51806a,994008743,BUOY-23           9V,-2.4133,-150.0001,1013.779688,919.205,652.0,493.0,2023-12-21T16:57:48.000Z,2024-01-03T17:02:55.000Z,loitering,1
aa342a84c-ce6b-8368-17e7-34140c1a0750,615680025,TIELONG61568-25  83%,24.8359,119.8572,39.577684,60.029957,41.0,42.0,2023-12-21T17:05:45.000Z,2024-01-02T23:42:35.000Z,loitering,1
a5eb36dae-e387-9d83-8412-341898deef02,994025032,994025032         9V,-5.7207,-10.9867,447.431469,453.280406,439.0,445.0,2023-12-21T17:47:51.000Z,2024-01-02T17:50:26.000Z,loitering,1
82be11d74-4073-88d0-1f2b-b7166bce0823,710003154,CBO CABRALIA,-22.1434,-39.9806,1.111949,0.0,105.0,106.0,2023-12-21T17:59:49.000Z,2024-01-02T16:59:46.000Z,loitering,1
4030e7f6a-afdc-daae-a8e4-457d29756a99,910452813,,25.3122,120.3953,42.265988,66.511516,41.0,64.0,2023-12-21T18:33:53.000Z,2024-01-04T00:59:10.000Z,loitering,1
1a5081ea9-9b1f-422c-77d0-485a1e0a4a0d,99002697,WANGBIAO-2697  100%,-19.1522,171.4284,232.07218799999998,177.54375,163.0,114.0,2023-12-21T22:14:09.000Z,2024-01-01T11:24:26.000Z,loitering,1
44d2fe3fb-bfed-87c6-c2ae-ee394767d2a9,412616003,TIELONG616-0003-55%,25.6626,120.7737,67.71664100000001,66.430766,71.0,73.0,2023-12-21T22:16:20.000Z,2024-01-04T15:24:12.000Z,loitering,1
5f8256efc-c7b8-d663-3135-2bc2d6b3e0e0,99002969,WANGBIAO-2969  100%,-19.0648,171.3408,240.86671900000002,160.131422,175.0,94.0,2023-12-21T22:23:32.000Z,2024-01-01T08:14:03.000Z,loitering,1
988d03994-4913-aa96-9fb0-45f68c97c9bd,941005805,O.BUOY 32,73.7351,16.3975,80.325406,129.058805,82.0,130.0,2023-12-21T23:25:17.000Z,2024-01-06T23:46:26.000Z,loitering,1
2ef964bed-d8f7-87e1-4599-6052cd114124,994025010,994025010         7V,-5.7712,-10.6036,484.512812,483.113812,476.0,474.0,2023-12-21T23:28:07.000Z,2024-01-02T23:38:25.000Z,loitering,1
e120068a9-9008-547e-cc63-9b962f276a20,566888000,FPSO PTSC LAM SON,10.1326,108.566,158.675453,158.675453,58.0,58.0,2023-12-21T23:33:30.000Z,2024-02-13T07:00:13.000Z,loitering,1
1fe322f0d-d614-3ace-f9b5-d3b7272a9f6b,235000082,PIPER,58.4605,0.2488,19.126617,19.126617,154.0,154.0,2023-12-22T00:05:02.000Z,2025-10-03T13:02:35.000Z,loitering,1
b5aa59242-2e9d-6807-be3e-817dac158ad2,235548818,,36.9439,123.4116,73.63592200000001,72.679516,77.0,75.0,2023-12-22T01:09:28.000Z,2024-01-09T02:51:30.000Z,loitering,1
ff2f9c0d2-2bd3-c695-1b68-3f239d56815b,303486131,SUQIYU03486-131-96%,33.3168,123.0007,153.084656,155.793391,183.0,186.0,2023-12-22T01:15:32.000Z,2024-01-05T04:55:46.000Z,loitering,1
c8e51b43a-acde-f539-809f-a529101d74b6,654250033,NET33-ZSY65425-99%,28.8908,123.3657,3.4709659999999998,216.766125,6.0,162.0,2023-12-22T01:16:39.000Z,2024-01-15T10:47:02.000Z,loitering,1
248abdd31-1acb-11ef-3d97-78a22e2e486f,303486134,SUQIYU03486-134-36%,33.3212,123.0025,153.084656,156.35321900000002,183.0,186.0,2023-12-22T01:17:19.000Z,2024-01-09T07:41:24.000Z,loitering,1
21715de88-8c1a-f652-34a6-88b648958292,352002412,LEONOR,1.9468,104.7412,44.818796999999996,44.818796999999996,59.0,59.0,2023-12-22T01:20:40.000Z,2024-01-07T22:19:50.000Z,loitering,1
99cf95c6d-d96e-4f8f-7361-1fd242c49255,303486129,SUQIYU03486-129-48%,33.3691,123.0032,153.614141,161.648859,183.0,192.0,2023-12-22T01:25:05.000Z,2024-01-10T06:09:56.000Z,loitering,1
e4aec2ce2-2bb9-2977-1e64-c875ed94b97a,303486139,SUQIYU03486-139-38%,33.3602,123.0028,154.691625,159.239359,185.0,189.0,2023-12-22T01:30:32.000Z,2024-01-08T06:45:20.000Z,loitering,1
5fc2394a0-0b24-d512-88d0-cfeb6212e93a,538008255,DELFIN,31.2595,122.6475,0.0,0.9504170000000001,42.0,45.0,2023-12-22T01:58:00.000Z,2024-01-01T12:58:34.000Z,loitering,1
043eca1e2-25d3-3e6c-3719-731e8c844941,236724000,POWER OF 2,6.924,-149.2869,1066.20475,1054.639875,1050.0,1038.0,2023-12-22T02:18:32.000Z,2024-01-22T18:37:13.000Z,loitering,1
9688e80b1-188e-5612-e472-27708a168fa0,574999530,CUU LONG,9.7996,108.0529,117.59854700000001,120.394391,96.0,100.0,2023-12-22T02:50:01.000Z,2024-05-27T04:02:59.000Z,loitering,1
e022908fb-bc11-9d68-216c-8fac2965f76b,355693000,PAN GLOBAL,34.0964,128.0173,40.408078,39.446141000000004,41.0,40.0,2023-12-22T02:55:19.000Z,2024-01-05T19:58:54.000Z,loitering,1
66c0e38fa-ab36-f956-114e-3574c1b78cfe,710033160,SKANDI RECIFE,-21.2735,-40.0281,1.0362049999999998,1.0362049999999998,78.0,78.0,2023-12-22T02:59:15.000Z,2024-01-10T01:56:34.000Z,loitering,1
c69e6d250-070b-4dac-d603-027a50a611a3,403633000,ZAMIL-L.B.3,28.1626,49.9865,1.111949,2.253626,48.0,54.0,2023-12-22T03:59:05.000Z,2024-01-03T05:47:09.000Z,loitering,1
c9ab8833d-d210-58da-d2f8-28a1fbda3028,752260049,75226-49-73%,37.4849,123.5998,83.375344,77.63100800000001,83.0,78.0,2023-12-22T04:37:44.000Z,2024-01-05T01:05:43.000Z,loitering,1
74f7b2f8d-ddf7-eeeb-2453-d455f4074d3a,357365000,PVT SYNERGY,2.0,104.6514,46.434464999999996,46.127539,51.0,51.0,2023-12-22T04:58:08.000Z,2024-01-12T05:58:59.000Z,loitering,1
4326ad774-4c71-514b-8f72-683b2824f468,636016242,YM MODESTY,29.4329,122.8594,37.365648,37.365648,62.0,62.0,2023-12-22T04:59:52.000Z,2024-01-02T11:57:54.000Z,loitering,1
770f03298-8673-b511-9a9e-8a0d3c129511,752260109,75226-99%,37.4789,123.5537,83.029523,69.08632,83.0,69.0,2023-12-22T05:05:38.000Z,2024-01-08T08:55:37.000Z,loitering,1
ae7a08199-9783-74d2-871d-2f691c2394e0,59045038,????????????????100%,-8.7821,139.2117,124.472477,137.12425,50.0,61.0,2023-12-22T05:29:32.000Z,2024-01-04T15:53:32.000Z,loitering,1
3b1c896d4-4344-710c-b6aa-6f7aafe4dc14,352001519,YONG DING,1.8349,104.7248,33.166598,33.353059,57.0,56.0,2023-12-22T05:59:32.000Z,2024-01-04T17:06:19.000Z,loitering,1
31487130e-efa7-a693-868a-7d6f290fdfb2,374100000,SPAR,1.7287,104.7215,24.048148,24.682426,52.0,52.0,2023-12-22T06:56:00.000Z,2024-01-09T15:59:31.000Z,loitering,1
7d8df2e3e-e32d-1d60-f2a6-d7e84bf38934,538001740,J.T.ANGEL,18.7177,72.2598,3.348017,3.498257,54.0,67.0,2023-12-22T06:57:10.000Z,2024-04-06T16:57:55.000Z,loitering,1
d28c26752-2d56-8f5c-0206-34ade60c04c1,356819000,SUPER INFINITY,16.0092,96.34,70.57105499999999,70.57105499999999,41.0,41.0,2023-12-22T07:02:53.000Z,2024-01-12T04:30:28.000Z,loitering,1
a313769e9-9895-f11a-2e45-31fe0d577142,994210464,MY5-04            9V,10.0009,-30.234,855.696062,800.102125,828.0,773.0,2023-12-22T07:13:44.000Z,2024-01-01T01:45:58.000Z,loitering,1
2ac57ff7b-b226-5d09-d0bc-16201c105ff7,910000019,BOHAI-19-99%,37.6334,123.0583,42.303441,42.303441,40.0,40.0,2023-12-22T07:23:07.000Z,2024-01-06T21:24:05.000Z,loitering,1
18947e86c-c48d-151f-57f4-3c2e9ccacd88,63313010,LURIKAIYU66313-10,35.3846,120.2124,28.875619,28.875619,39.0,39.0,2023-12-22T07:28:57.000Z,2024-01-05T09:19:07.000Z,loitering,1
8cfa995ae-e183-23d9-11de-8bf010ab7765,910000023,BOHAI-23-99%,37.5907,123.0647,40.028891,40.796859,38.0,39.0,2023-12-22T07:30:43.000Z,2024-01-12T07:06:08.000Z,loitering,1
950a64db2-2467-9298-e5ce-410bbcdd512c,910000020,BOHAI-20-99%,37.6186,123.0493,40.958617,40.958617,39.0,39.0,2023-12-22T07:33:06.000Z,2024-01-09T06:06:56.000Z,loitering,1
fa08b5aa9-9916-e706-5b5a-a643dff968b8,9130800,ONWA30800,-8.3222,136.5018,179.607312,170.869109,128.0,116.0,2023-12-22T08:04:06.000Z,2024-01-02T01:47:10.000Z,loitering,1
4572630e6-64b0-298f-5b5b-551471a166c3,225180168,LIAOYINGYU56699WANGD,37.581,122.951,46.550121,24.746951,47.0,26.0,2023-12-22T08:33:34.000Z,2024-01-21T02:43:31.000Z,loitering,1
b1db8a8c1-17ab-70b1-eded-2805f21c70db,658880054,TIELONG65888-54-62%,22.3235,116.3353,63.55935899999999,67.000586,59.0,64.0,2023-12-22T08:35:59.000Z,2024-01-04T17:56:41.000Z,loitering,1
c2d0ba2c3-3868-5a6f-692c-1ba554ccd78f,412158809,TIELONG15888-09-19%,22.3458,116.3386,61.040116999999995,65.893398,56.0,63.0,2023-12-22T08:38:36.000Z,2024-01-02T01:50:54.000Z,loitering,1
42d31593d-dad8-1b69-2e97-942251e1ad87,618210037,TIELONG61821-37 8V1,22.3471,116.3861,63.786957,63.679535,61.0,61.0,2023-12-22T08:48:07.000Z,2024-01-07T09:04:33.000Z,loitering,1
e5b2f0230-04ca-dee4-dd94-72eff260f988,352002422,ZAMIL-L.B.6,28.3911,49.2066,1.111949,1.9562490000000001,58.0,60.0,2023-12-22T08:56:38.000Z,2024-01-02T05:59:20.000Z,loitering,1
2e9c2e224-479d-b190-b1e2-65b9855dc1bf,636020606,ADENA,29.6075,48.758,2.223899,2.223899,39.0,39.0,2023-12-22T08:56:45.000Z,2024-01-02T02:56:51.000Z,loitering,1
9d8a85695-5ed2-e955-9baa-13a09c8f1f38,352986161,ANTHEA,1.7214,104.6584,18.866443,18.866443,46.0,46.0,2023-12-22T08:59:15.000Z,2024-01-22T02:57:04.000Z,loitering,1
bc0bebe22-2cdd-013a-c2dd-f33b2de90559,412158906,TIELONG61589-06-99%,26.8334,121.7943,87.450609,88.102281,96.0,98.0,2023-12-22T09:40:40.000Z,2024-01-03T09:10:25.000Z,loitering,1
69bbdd950-045a-4a1d-4b64-2df0362f91ca,233210835,ZHEDAIYU15396-5-53%,31.1714,122.8394,0.0,7.611385,35.0,40.0,2023-12-22T10:11:07.000Z,2024-01-02T03:09:14.000Z,loitering,1
f4277dfbf-ff26-a780-be70-e160e2dabbfd,305986000,BIANCA,15.2932,-62.0117,62.528402,65.68813300000001,60.0,64.0,2023-12-22T10:24:33.000Z,2024-01-06T09:53:59.000Z,loitering,1
40090190d-d160-9b5f-7374-4a4d461c1799,525400500,KEISHHA  04,2.0723,106.8973,164.56825,137.605828,107.0,75.0,2023-12-22T10:49:18.000Z,2024-01-01T01:49:38.000Z,loitering,1
bcbc195b4-49cb-35b2-448d-a9a777c284f5,636023136,AMETHYST MTS,13.4794,-61.9908,103.09291400000001,60.970137,102.0,61.0,2023-12-22T10:55:41.000Z,2024-01-03T09:53:57.000Z,loitering,1
849fbd66d-daaf-7278-7de8-72ca5b19925e,636019000,GULF DRILLER VI,19.2316,-92.3617,7.128003,7.432328,59.0,61.0,2023-12-22T10:58:28.000Z,2024-06-13T22:49:06.000Z,loitering,1
5dbf75e2b-be19-daec-669e-18c455f6a9c3,574090042,THU0NGTHUYEN NHATNGA,12.8889,113.6625,311.252594,426.752375,147.0,285.0,2023-12-22T11:19:16.000Z,2024-01-01T11:33:48.000Z,loitering,1
223e9fb2a-a186-5acb-56fb-b2340ccf51f6,572496220,RAWABI 503,28.1459,49.9815,0.980423,1.111949,50.0,48.0,2023-12-22T11:58:07.000Z,2024-01-15T15:59:25.000Z,loitering,1
10b89ae6b-ba31-802d-09f7-bfd3aeb359c2,373267000,PESCADORES SW,29.7192,123.0214,37.66157,36.695891,52.0,52.0,2023-12-22T11:59:13.000Z,2024-01-04T21:59:10.000Z,loitering,1
908c4e28c-cd0c-a44c-2112-87213e6a0b96,360128991,12899-1-74%,29.4528,122.8525,39.568449,31.449385,62.0,58.0,2023-12-22T12:18:00.000Z,2024-01-04T11:57:10.000Z,loitering,1
0e820114e-ed52-8b79-4b72-42f37731bccf,202139810,LIN21398--10-50%,31.3682,122.647,0.0,18.862338,45.0,67.0,2023-12-22T12:31:33.000Z,2024-01-09T01:21:30.000Z,loitering,1
0c70ef387-726f-76bf-d0f1-39b31824b46d,80090010,MINHUIYU08009-10-67%,23.2949,117.5552,20.785104,57.830461,32.0,56.0,2023-12-22T12:52:21.000Z,2024-01-03T04:50:41.000Z,loitering,1
673bbc0cf-fb53-2f60-39f7-efa240a683ca,897987098,12358-3-81%,29.4246,122.8329,40.502535,33.53475,60.0,59.0,2023-12-22T12:52:53.000Z,2024-01-02T12:50:55.000Z,loitering,1
853d303fa-ad67-fa6a-ac6d-3db52ac2ef7f,396128996,12899-6-93%,29.3762,122.8512,45.33825,37.711358999999995,63.0,62.0,2023-12-22T12:54:21.000Z,2024-01-01T17:58:59.000Z,loitering,1
a71d45c4d-d7ab-30aa-dd4a-97e0ed3467d6,591235804,ZHELINYU12358-04-99%,29.1969,122.7349,41.483254,39.697695,60.0,40.0,2023-12-22T12:54:57.000Z,2024-01-01T09:08:33.000Z,loitering,1
988bbc305-5b31-0883-a24d-5e3e3e69cc14,538090518,PETROBRAS 10000,-22.4067,-40.0098,1.0281959999999999,1.5141930000000001,110.0,112.0,2023-12-22T12:55:54.000Z,2024-01-24T19:50:11.000Z,loitering,1
de5ae3322-22f9-c1b5-0cf8-4cd7cbafd5e2,577316000,LANDRY TIDE,26.8944,50.5394,1.983092,0.0,48.0,46.0,2023-12-22T12:57:36.000Z,2024-02-24T01:59:08.000Z,loitering,1
5adea78cb-b9a9-8088-e251-2f5bc1652fc2,710005345,PARCEL DOS REIS,-22.3819,-40.0613,1.111949,1.028122,105.0,104.0,2023-12-22T12:58:09.000Z,2024-01-01T05:57:22.000Z,loitering,1
7db9ae76a-a621-39d7-e967-d2465e7ebc98,994110618,HC-08             9V,8.3129,-30.5765,978.203125,996.18875,951.0,969.0,2023-12-22T12:58:46.000Z,2024-01-05T00:39:10.000Z,loitering,1
91046356f-fa04-de5b-0516-1061dea40a4c,994110617,HC-07             9V,8.3033,-30.6006,978.203125,1000.706188,951.0,974.0,2023-12-22T12:59:19.000Z,2024-01-05T01:27:02.000Z,loitering,1
fde9e4983-31c3-aa7d-dba5-e45d14a81743,123580005,12358-05-99%,29.4095,122.8361,42.470441,33.53475,61.0,59.0,2023-12-22T13:14:18.000Z,2024-01-02T12:11:51.000Z,loitering,1
563064e79-91e2-2ef0-9f61-f83141464496,525400220,IGP18,-8.345,136.5923,168.975469,166.310484,115.0,110.0,2023-12-22T14:54:31.000Z,2024-01-01T23:57:12.000Z,loitering,1
bcf673ba4-4342-8e96-bfc2-a4054a2f6b4d,96458534,ZHEDAIYU04585-3441%,29.7617,123.0642,40.180108999999995,36.971719,46.0,56.0,2023-12-22T15:09:25.000Z,2024-01-04T12:42:51.000Z,loitering,1
e43b627b9-9145-359c-1fca-f1ea46fb6ec8,9128234,ONWA28234,10.288,102.2069,140.969484,140.969484,82.0,82.0,2023-12-22T15:16:43.000Z,2024-01-05T03:48:33.000Z,loitering,1
92eefc2b3-3d9a-b081-355e-32f56834aac6,257069000,NORNE,66.0269,8.0869,13.763454,13.763454,162.0,162.0,2023-12-22T15:23:47.000Z,2024-02-22T23:12:58.000Z,loitering,1
886a2cf5c-c910-4656-1fe6-995e6c6a7571,14530012,NET-ZSY01453-12-73%,31.2455,122.946,13.814427,15.90551,48.0,51.0,2023-12-22T16:06:31.000Z,2024-01-05T14:08:12.000Z,loitering,1
45f44946b-bc43-21aa-6701-3ebfc0e74fbe,413235450,BOHAI5HAO,38.0835,119.7477,3.335848,4.376955,60.0,61.0,2023-12-22T16:50:01.000Z,2024-01-05T11:50:03.000Z,loitering,1
4a99a595f-f8cc-20de-7442-69fd0cfbee02,994008346,CS 686 BUOY-06    9V,-2.3529,-150.0304,996.195062,921.31675,622.0,520.0,2023-12-22T17:12:18.000Z,2024-01-02T21:03:54.000Z,loitering,1
55d47190d-deb4-5fcb-e9e7-6bc3b2608dcc,412778787,LIAODAHU15020-7-69%,37.5026,123.3319,57.472418,57.472418,57.0,57.0,2023-12-22T17:21:32.000Z,2024-01-01T03:50:57.000Z,loitering,1
e057fe2cc-c85a-2ba5-6779-8b9cf0723e84,421234590,PTR313-10 77%,-19.1823,-112.8553,976.126125,921.7046879999999,968.0,914.0,2023-12-22T17:30:33.000Z,2024-01-01T16:48:49.000Z,loitering,1
1e7ce66c7-7b84-d4cb-d222-823da521d568,150200026,LIAODAHUA15020-2676%,37.5233,123.3407,58.910695,58.910695,58.0,58.0,2023-12-22T17:34:58.000Z,2024-01-01T11:06:39.000Z,loitering,1
7837bab52-2517-3afd-a208-3116494d8f88,150200008,LIAODAHUA15020-0899%,37.5439,123.3407,59.571358999999994,59.92991000000001,59.0,59.0,2023-12-22T17:37:03.000Z,2024-01-01T13:17:45.000Z,loitering,1
b61644876-650f-6523-36d6-27a51cab8386,150200024,LIAODAHUA15020-2480%,37.5225,123.3356,58.910695,58.064538999999996,58.0,58.0,2023-12-22T17:40:06.000Z,2024-01-01T07:20:49.000Z,loitering,1
3a62a8aa4-46d2-600a-358e-f617ef55407d,150200029,LIAODAHUA15020-2999%,37.5247,123.3341,58.327391000000006,59.098691,58.0,58.0,2023-12-22T17:44:30.000Z,2024-01-17T12:03:53.000Z,loitering,1
ec38fdf92-255f-602f-fd0d-06e7c0886b0f,373559000,NEREIDES,2.026,104.695,50.636727,51.013417999999994,49.0,49.0,2023-12-22T18:54:30.000Z,2024-01-09T04:59:12.000Z,loitering,1
395de790d-d0e5-9d03-816a-f16e83fbf121,412367393,SUQIYU03626,33.4764,123.7056,147.086297,145.762281,144.0,143.0,2023-12-22T19:51:50.000Z,2024-01-01T01:55:58.000Z,loitering,1
c7e4e0998-8b22-20e6-d662-ccab7a6e8fce,81060237,TUNA STAR-5,-11.72,-134.8535,438.055812,440.443906,431.0,434.0,2023-12-22T19:57:14.000Z,2024-01-01T17:59:02.000Z,loitering,1
d9b2adeab-b563-f55d-90c9-dfacbb689efc,598200806,82008-06_7.7V,28.5113,122.7172,26.521842,101.04988300000001,53.0,121.0,2023-12-22T19:57:22.000Z,2024-01-03T23:22:47.000Z,loitering,1
cef9c35a1-1353-de8a-ed28-5f0b2542afaa,374635000,PHOENIX I,29.9285,123.2077,38.05485899999999,36.460102,48.0,47.0,2023-12-22T19:58:22.000Z,2024-01-03T02:59:37.000Z,loitering,1
dd2524b73-376f-8b4e-3df5-d933642ecf69,235548819,,37.0018,123.4046,70.21467200000001,69.42129700000001,74.0,73.0,2023-12-22T20:18:49.000Z,2024-01-14T23:03:14.000Z,loitering,1
a9b88d17e-ed61-0162-c9ab-46f7d0f2990c,550710085,LIAOWAYU55071-85-78%,36.8384,123.2604,68.52268799999999,61.40348,69.0,62.0,2023-12-22T20:53:17.000Z,2024-01-03T19:37:43.000Z,loitering,1
16a8c5c03-37cb-ac24-ba7b-8f45c54b20d4,815510302,LIAOWAYU55103-02 90%,37.5795,123.1031,42.471266,42.944711000000005,41.0,41.0,2023-12-22T21:03:19.000Z,2024-01-01T14:35:55.000Z,loitering,1
f3f906118-89bd-1f10-c396-13dd63e1a912,282189393,ZHELINYU21893-93-,31.4014,122.5946,9.407801,2.4182759999999996,66.0,52.0,2023-12-22T21:23:22.000Z,2024-01-12T03:56:18.000Z,loitering,1
6428a0bd6-6aed-43d7-187c-3e63407245fc,232199821,ZHELINYU21998-21-,31.471,122.6448,13.52775,13.52775,67.0,67.0,2023-12-22T21:35:56.000Z,2024-01-08T12:32:20.000Z,loitering,1
34e8b7c96-6617-57c1-018e-8f8630e4c2c6,901477195,NET-ZSY01477-195-90%,26.1496,121.5456,123.43003900000001,67.23382799999999,96.0,65.0,2023-12-22T22:28:47.000Z,2024-01-08T17:54:02.000Z,loitering,1
1c093af44-49ee-8628-fa68-b64873fdb2c9,234610583,YU.WANG.QU.627-05,35.1848,119.8958,5.849444999999999,4.5397479999999995,37.0,39.0,2023-12-22T22:59:13.000Z,2024-01-05T19:54:21.000Z,loitering,1
8ba371469-9e29-ef90-0ec2-d3db367a5225,234610558,YU.WANG.QU.627-09,35.1881,119.8937,5.849444999999999,5.849444999999999,37.0,37.0,2023-12-22T22:59:14.000Z,2024-01-05T21:17:47.000Z,loitering,1
98061dfc5-55d4-a816-110c-3bc529fa44c9,574001040,CSB9003,7.6275,111.5975,256.918766,257.532016,372.0,373.0,2023-12-22T23:03:15.000Z,2024-01-01T21:33:19.000Z,loitering,1
f9ce2ea60-0a3b-2c9b-30cd-a18df29dbe27,574096562,THIET-GIAP,13.4675,114.2766,360.225656,476.167312,200.0,335.0,2023-12-22T23:08:39.000Z,2024-01-02T02:57:42.000Z,loitering,1
c0c97c765-5dcf-fa1c-508f-051fddaf2c92,123468637,ZHEDAIYU04686-37-70%,29.69,123.0952,47.517562,42.074715,54.0,63.0,2023-12-22T23:23:10.000Z,2024-01-04T09:32:16.000Z,loitering,1
f5916ec06-6b16-582f-22b7-209e3e26d5b5,90341116,SUQIYU03411-16_8.1V,33.4993,123.1087,174.453953,173.230141,193.0,194.0,2023-12-22T23:25:34.000Z,2024-01-01T13:15:14.000Z,loitering,1
4db8cd56f-fb77-261c-1d7e-2645f9ddff1a,96054671,SUQIYU01339-A4-80%,33.1455,123.6653,168.891469,168.221391,167.0,166.0,2023-12-22T23:26:53.000Z,2024-01-01T16:18:21.000Z,loitering,1
abc8eb9fa-ad33-4c8d-4699-7b61bf281d66,10120022,,29.7151,123.0068,40.180108999999995,28.817447,46.0,55.0,2023-12-22T23:37:09.000Z,2024-01-01T10:47:32.000Z,loitering,1
491dde520-0aa7-7fa8-d3dd-7be713b06110,617991018,TIELONG61799-18-63%,26.586,121.7171,101.202398,100.921977,109.0,108.0,2023-12-22T23:48:02.000Z,2024-01-04T08:58:46.000Z,loitering,1
08cfa0591-1064-5172-b4a8-599224c72e68,519980130,LURONGYU51998-13069%,37.0635,123.3483,62.57325,62.57325,67.0,67.0,2023-12-22T23:50:48.000Z,2024-01-02T23:47:28.000Z,loitering,1
923144f69-9c6c-c664-6439-1187fd643daa,48680060,SUSHEYU04868-60_8.1V,34.7863,120.1428,18.487016,23.303352,39.0,42.0,2023-12-22T23:59:55.000Z,2024-01-01T20:49:09.000Z,loitering,1
c872c6175-5753-cf74-20f8-49d300a8b8a1,235548816,,36.9784,123.482,75.181195,78.374852,79.0,82.0,2023-12-23T00:17:32.000Z,2024-01-07T21:48:49.000Z,loitering,1
560517d09-99ec-20ac-d16b-b854a38eae12,655010012,LUSHOUYU65501-12-27%,37.0554,123.4547,69.982477,72.865914,75.0,78.0,2023-12-23T00:34:18.000Z,2024-01-09T06:29:46.000Z,loitering,1
031756b2a-ace3-fb46-5049-893331e3d567,752260063,75226-63-99%,37.565,123.5012,76.550625,71.16681200000001,76.0,71.0,2023-12-23T00:37:39.000Z,2024-01-09T02:49:18.000Z,loitering,1
8b1b67f0b-b58f-3b34-162b-1ac24ed59305,608970088,08768-88-99%,33.1041,124.3795,125.930414,126.948555,125.0,126.0,2023-12-23T00:48:23.000Z,2024-01-01T04:49:26.000Z,loitering,1
7711a0c28-8bd9-ee2b-672e-838f0b8b07db,550710083,LIAOWAYU55071-83-77%,36.8668,123.3526,69.830859,73.85364100000001,70.0,74.0,2023-12-23T00:53:51.000Z,2024-01-04T06:49:30.000Z,loitering,1
2336af38b-b403-0d5e-867c-9350ef30a7ca,419902405,AWB URJA,19.0196,72.1999,11.575073,11.543935,61.0,63.0,2023-12-23T00:59:19.000Z,2024-01-17T08:49:49.000Z,loitering,1
f3fd2bfb1-161b-54dd-300b-9b02763ebe82,10979326,,29.7079,123.1172,47.269531,43.941301,53.0,64.0,2023-12-23T00:59:49.000Z,2024-01-03T20:58:22.000Z,loitering,1
a0ab7a076-6c9a-5526-3912-05b5257d6349,352003199,GESI,1.8854,104.76,40.284363,39.807012,63.0,62.0,2023-12-23T00:59:59.000Z,2024-01-08T00:59:17.000Z,loitering,1
2a029ab6b-b745-2630-cd32-359bbcd1a2de,550710072,LIAOWAYU55071-72-99%,36.8194,123.2834,70.982734,61.922707,72.0,64.0,2023-12-23T01:09:16.000Z,2024-01-10T01:48:12.000Z,loitering,1
431439cc1-1f19-b2f1-3013-71777f32bc38,92070174,NET-ZSY09207-74-99%,30.9852,122.9339,5.253546999999999,18.824809000000002,33.0,22.0,2023-12-23T01:18:48.000Z,2024-01-07T20:44:40.000Z,loitering,1
9f398020c-c010-bd03-b945-560f545da25a,234610502,YU.WANG.QU.627-08,35.1703,119.909,6.914937,2.1315,37.0,43.0,2023-12-23T01:21:07.000Z,2024-01-02T01:18:08.000Z,loitering,1
9823b1fb2-23b9-cbf4-fd1f-bc2114534ed9,412236600,SURUYU02336-00-94%,33.1585,123.102,156.255719,154.527953,180.0,179.0,2023-12-23T01:30:57.000Z,2024-01-01T05:30:01.000Z,loitering,1
07edb1a0f-fa1b-6769-218f-bfeaa63142fd,911023458,LULANYUYANG69578-01,35.0698,119.9332,7.185713,5.849862,50.0,48.0,2023-12-23T01:34:53.000Z,2024-02-27T13:29:03.000Z,loitering,1
9dedc0455-5e51-184e-2a77-bdfd6b735592,96055604,ZSY07723-17-92%,32.3509,125.195,137.948172,136.849938,136.0,135.0,2023-12-23T01:40:02.000Z,2024-01-01T18:23:10.000Z,loitering,1
27963a914-4289-7e75-cd2b-4b27a2591869,230982520,FUDING09825-20--70%,33.026,123.9997,154.373984,154.373984,154.0,154.0,2023-12-23T01:43:05.000Z,2024-01-01T03:20:18.000Z,loitering,1
a18bd4455-5d8e-6b96-0ed6-a71f5d87b617,42270024,,29.733,123.0883,46.84568,37.93075,52.0,56.0,2023-12-23T01:46:08.000Z,2024-01-04T10:59:01.000Z,loitering,1
7dd3839e8-81eb-05f2-9384-7196c4080b4b,92070189,NET-ZSY09207-89-99%,31.1442,122.8914,5.7103459999999995,7.612992,36.0,38.0,2023-12-23T01:46:48.000Z,2024-01-09T01:34:55.000Z,loitering,1
056af7717-79ed-6ef9-df55-8d3ab98cd622,354262000,GAZ VENEZIA,1.8916,104.721,37.948254,37.948254,59.0,59.0,2023-12-23T01:48:12.000Z,2024-01-04T13:58:52.000Z,loitering,1
99e267658-8abc-9e7b-caca-1f51d6b586d1,14690006,NET6-ZSY01469-50%,31.1458,122.9145,8.564615,8.564615,38.0,38.0,2023-12-23T01:53:45.000Z,2024-01-04T11:26:03.000Z,loitering,1
71a1a0d55-5b63-1488-9075-89d811774622,278121558,LIN12155-8-56%,28.6374,122.6284,38.117277,82.572844,46.0,83.0,2023-12-23T01:56:37.000Z,2024-01-01T10:48:41.000Z,loitering,1
c40b6f008-8e33-1e1b-3ad4-5093987225dd,210001491,ZSY01491-2143%,31.1831,122.8076,0.951323,0.951323,37.0,37.0,2023-12-23T01:57:02.000Z,2024-01-09T04:22:16.000Z,loitering,1
1047fb7e4-456b-96ae-7cab-d1190485cab4,354721000,BALDER,28.7525,-89.9498,9.106922,9.106922,46.0,46.0,2023-12-23T01:59:34.000Z,2024-01-25T04:58:48.000Z,loitering,1
39058cdc1-1de2-15a6-bfdf-88321d8b7dbb,14590084,NET-ZSY01459-84-99%,30.0845,123.4361,13.199826999999999,109.300562,23.0,119.0,2023-12-23T02:06:16.000Z,2024-01-13T14:24:14.000Z,loitering,1
977e8264e-e75a-88e1-4c44-89498765f8d1,96366319,SUGANYU03663-19-60%,33.0127,124.0144,153.952,156.235703,153.0,155.0,2023-12-23T02:08:19.000Z,2024-01-01T02:48:48.000Z,loitering,1
c549f2860-06dc-7eff-c32a-7833e002109e,96046143,ZHEDAIYU04614-0384%,29.7085,123.097,43.508199,45.613426,53.0,60.0,2023-12-23T02:08:21.000Z,2024-01-02T11:28:44.000Z,loitering,1
9ddecc609-9078-9d6d-c022-8588bb74cc21,92100043,NET-ZSY09210-43-99%,31.1542,122.8889,6.752496,6.6613679999999995,38.0,37.0,2023-12-23T02:08:33.000Z,2024-01-02T00:34:39.000Z,loitering,1
1567e368b-be92-a290-379f-c23180cd86c3,909210008,SHENG09210-899%,31.1603,122.8889,6.752496,6.752496,38.0,38.0,2023-12-23T02:09:36.000Z,2024-01-02T00:23:37.000Z,loitering,1
9fe99fbbd-d7f7-65b5-cf0f-c37267fc1991,92100022,NET-ZSY09210-22-99%,31.1655,122.8879,6.659962,6.659962,39.0,39.0,2023-12-23T02:10:30.000Z,2024-01-01T13:33:19.000Z,loitering,1
4844e7c15-5204-1d37-45e0-45431eb81464,14690014,NET14-ZSY01469-64%,31.1699,122.9257,10.465654,10.465654,41.0,41.0,2023-12-23T02:10:34.000Z,2024-01-01T19:48:21.000Z,loitering,1
456fd1689-90ef-0a16-d118-e2e3049c0621,131190002,13119-2-71%,33.1506,124.2808,127.327328,127.327328,127.0,127.0,2023-12-23T02:14:32.000Z,2024-01-01T04:38:04.000Z,loitering,1
41f13990f-f0a4-791d-8941-97144840aa29,10670753,,32.9913,123.9976,156.853172,158.303875,156.0,157.0,2023-12-23T02:16:06.000Z,2024-01-01T03:13:54.000Z,loitering,1
a45461e05-53ca-9646-8b0e-0c0b1d613e62,92100021,NET-ZSY09210-21-99%,31.1561,122.892,6.659962,6.66207,39.0,36.0,2023-12-23T02:18:27.000Z,2024-01-08T07:54:32.000Z,loitering,1
f56ac0f2d-d7d9-d4bf-b725-7a4a51daf41b,994171541,IMULA 0772CHW NET 4,-10.5072,76.0608,555.719938,522.216562,543.0,508.0,2023-12-23T02:19:42.000Z,2024-01-01T12:29:05.000Z,loitering,1
d96635248-8d8a-d882-c679-5ec226473244,96422733,ZHEDAIYU04227-3370%,29.7124,123.1269,47.709061999999996,44.373746,54.0,63.0,2023-12-23T02:20:27.000Z,2024-01-03T20:51:43.000Z,loitering,1
34e357311-1a3e-faae-50a8-d852c7069911,100101724,LURONGYU58822-01-64%,33.0184,123.9981,155.196812,156.646938,154.0,156.0,2023-12-23T02:23:27.000Z,2024-01-01T03:04:21.000Z,loitering,1
b60be9fbb-bd81-007a-afa6-ad5b000b03b2,96013091,SUQIYU01330-8-65%,33.2393,123.6677,162.408875,162.408875,160.0,160.0,2023-12-23T02:25:29.000Z,2024-01-01T07:01:17.000Z,loitering,1
76eb2b675-52ca-86d6-3c29-7a430dbf114b,752260051,75226-51-99%,37.4859,123.5027,71.888555,71.695148,72.0,72.0,2023-12-23T02:26:49.000Z,2024-01-05T01:32:58.000Z,loitering,1
837bfdbaf-ff4f-965a-2ee4-c261e54f76ef,92070118,NET118-ZSY0920799%,31.1568,122.9018,7.692576,7.692576,39.0,39.0,2023-12-23T02:31:18.000Z,2024-01-09T05:45:37.000Z,loitering,1
ac60ded32-221f-d371-cabf-a975ee203cb1,92100025,NET-ZSY09210-25-99%,31.2006,122.8893,7.020787,8.00745,41.0,43.0,2023-12-23T02:36:38.000Z,2024-01-08T04:48:24.000Z,loitering,1
5d1401235-5d2d-a680-63ef-19e3b8cf822f,92070110,NET110-ZSY0920799%,31.1527,122.8993,7.612992,7.612992,38.0,38.0,2023-12-23T02:40:13.000Z,2024-01-09T00:12:06.000Z,loitering,1
e10ef3962-2299-f6c2-81b3-45bd09514b49,92100028,NET-ZSY09210-28-99%,31.1825,122.8891,7.447746,6.659962,42.0,39.0,2023-12-23T02:42:43.000Z,2024-01-08T03:56:34.000Z,loitering,1
2f291b61c-c6a1-5524-052d-98b32b300f94,92070100,NET-ZSY09207-100-99%,31.1744,122.8997,7.611385,7.691781,40.0,41.0,2023-12-23T02:43:35.000Z,2024-01-09T08:40:53.000Z,loitering,1
af9c44aad-d8de-b2bf-6528-3b6c6db0d57d,92070114,NET114-ZSY0920799%,31.1831,122.8995,7.611385,8.309194,40.0,43.0,2023-12-23T02:44:11.000Z,2024-01-17T03:08:25.000Z,loitering,1
59c5ef7f4-4135-8831-f77c-a85cbbd4a954,752260103,75226-99%,37.5266,123.5966,82.878461,80.24655499999999,83.0,80.0,2023-12-23T02:47:07.000Z,2024-01-01T01:50:59.000Z,loitering,1
612d4605f-f29c-e663-df50-ec1b0902fe99,92070097,NET-ZSY09207-97-99%,31.1773,122.8969,7.691781,6.751802,41.0,40.0,2023-12-23T02:47:40.000Z,2024-01-09T08:07:18.000Z,loitering,1
b5a0c2259-9520-fa52-62ab-94aed178ddc3,92100075,NET75-ZSY0921099%,31.2108,122.8894,7.447746,8.67424,42.0,44.0,2023-12-23T02:52:50.000Z,2024-01-08T04:37:05.000Z,loitering,1
b25eb83f9-966e-f689-d9d0-a9f6466a0e4c,249117000,AUDACIA,-9.9602,130.2392,253.430984,233.36176600000002,111.0,140.0,2023-12-23T02:53:29.000Z,2024-01-11T09:55:57.000Z,loitering,1
08429ed96-6205-d58b-a664-31f1735083a0,701453031,SHENG01453-31,31.1973,122.9428,11.892695999999999,11.892695999999999,45.0,45.0,2023-12-23T02:54:36.000Z,2024-01-05T13:41:16.000Z,loitering,1
a4d16bf0c-cc9a-7a51-bd47-9855a728be56,131190004,13119-4-65%,33.1504,124.292,126.75682,126.75682,126.0,126.0,2023-12-23T02:55:55.000Z,2024-01-01T05:05:17.000Z,loitering,1
9a843cce7-7261-e27c-2fb9-c6d47596adbd,131190003,13119-3-71%,33.1472,124.2931,126.75682,127.639266,126.0,127.0,2023-12-23T02:56:06.000Z,2024-01-01T01:19:05.000Z,loitering,1
43b3c024a-a476-2a15-c8a2-b0ead48a32ce,92070105,NET105-ZSY0920799%,31.173,122.8972,7.613795,7.447746,37.0,42.0,2023-12-23T02:56:18.000Z,2024-01-17T03:06:32.000Z,loitering,1
59bceb834-4f42-58d8-4856-ce30f3e20e8a,66225507,62255-7 90%,31.1648,122.8642,3.807299,5.060295,34.0,41.0,2023-12-23T02:57:30.000Z,2024-01-25T05:33:05.000Z,loitering,1
a526f7e05-5bee-97f8-556e-1096ce18ba6c,122790006,ZHELINYU12279-6-55%,31.1476,122.909,8.564615,8.564615,38.0,38.0,2023-12-23T03:02:21.000Z,2024-01-01T21:34:59.000Z,loitering,1
02b8aa686-615d-1a28-5270-e8b310d562fc,122790028,ZHELINYU12279-28-55%,31.1572,122.9087,8.564615,8.635152,38.0,39.0,2023-12-23T03:02:58.000Z,2024-01-16T09:37:51.000Z,loitering,1
86e5ecd5c-cce8-221b-8234-ce6826927e76,122790038,ZHELINYU12279-38-55%,31.142,122.9079,8.565520000000001,8.565520000000001,37.0,37.0,2023-12-23T03:04:50.000Z,2024-01-01T22:19:56.000Z,loitering,1
7b44c9705-576f-6126-07f2-32801289eb37,92100074,NET74-ZSY09210-99%,31.1911,122.8899,8.00745,6.659962,43.0,39.0,2023-12-23T03:05:12.000Z,2024-01-08T03:36:40.000Z,loitering,1
bb68a86ed-de38-263f-2c3c-10decca10f5a,412446339,MINGFUDINYU09885,32.9241,124.4918,143.990578,132.974953,143.0,132.0,2023-12-23T03:06:00.000Z,2024-01-01T02:48:42.000Z,loitering,1
7440b5f5f-f3b3-d8ec-05a2-9eca93febc60,412187349,TIELONG61873-49-99%,26.9323,121.6464,75.438836,73.444508,84.0,74.0,2023-12-23T03:08:11.000Z,2024-01-08T20:42:15.000Z,loitering,1
bc239967a-a58a-2f5c-dc5b-b984c7e756ef,108004459,ZHESHENGYU05689-43,30.895,123.302,18.416879,40.512913999999995,33.0,71.0,2023-12-23T03:10:44.000Z,2024-01-09T16:54:40.000Z,loitering,1
b60be017f-f9ac-35cd-7a84-4cd7a68280f2,92070116,NET116-ZSY0920799%,31.1822,122.8947,7.691781,6.751802,41.0,40.0,2023-12-23T03:13:10.000Z,2024-01-09T09:14:39.000Z,loitering,1
d1c4787a0-0bec-beb9-5877-2b96ac2b5299,92070186,NET-ZSY09207-86-99%,31.1669,122.8963,7.611385,7.692576,40.0,39.0,2023-12-23T03:14:27.000Z,2024-01-09T05:45:24.000Z,loitering,1
7d85286ee-eebe-56d1-6987-faa2043ec28a,721257099,LIN21257-99-53%,31.1623,122.9078,8.635152,8.635152,39.0,39.0,2023-12-23T03:15:45.000Z,2024-01-01T09:46:25.000Z,loitering,1
c1af1ad41-1069-3bf5-7c45-27d466ef899c,20046605,,33.5263,123.0884,175.152297,172.809766,195.0,193.0,2023-12-23T03:17:42.000Z,2024-01-01T07:11:09.000Z,loitering,1
534e74984-4899-9edd-bf99-2429ce580ee3,220160030,16051-30-63%,30.185,123.1905,24.057548999999998,24.133303,38.0,37.0,2023-12-23T03:19:34.000Z,2024-01-01T01:43:46.000Z,loitering,1
dc4d7f91d-d428-538a-35dc-33013e1b3e3f,68280013,ZHEDAIYU06828-13-99%,30.1891,123.1877,24.133303,23.097346,37.0,37.0,2023-12-23T03:20:32.000Z,2024-01-01T01:46:56.000Z,loitering,1
a38e0c486-656f-60ee-4f73-46f8b707b2ea,122790002,ZHELINYU12279-2-83%,31.1694,122.9077,8.562808,8.562808,40.0,40.0,2023-12-23T03:20:35.000Z,2024-01-16T11:05:13.000Z,loitering,1
a43c7df91-1634-068a-9826-95c6bc0838cd,550230006,LIAOYING55023-06-77%,37.567,123.0946,40.387269999999994,41.721961,39.0,40.0,2023-12-23T03:21:08.000Z,2024-01-01T14:40:19.000Z,loitering,1
d15b67d37-7e3f-55fd-5e8c-0b2304375bf6,92070096,NET-ZSY09207-96-99%,31.1561,122.8952,7.692576,6.6613679999999995,39.0,37.0,2023-12-23T03:26:24.000Z,2024-01-09T05:44:20.000Z,loitering,1
f96b522c5-5735-95ca-9b86-bca9883f06aa,82880030,NET-ZSY08288-30-99%,30.1811,123.1846,24.133303,23.071736,37.0,38.0,2023-12-23T03:28:09.000Z,2024-01-01T01:53:38.000Z,loitering,1
3463f78e5-59da-20fa-b919-ae3dabda98de,82180012,NET12-ZSY08218-58%,31.1887,122.9326,10.698248,10.698248,43.0,43.0,2023-12-23T03:30:55.000Z,2024-01-01T16:04:23.000Z,loitering,1
ad006bcea-aaa3-ed4e-fc4a-fdf92dbdb04e,60552841,,31.1862,122.7432,0.0,0.0,34.0,38.0,2023-12-23T03:33:33.000Z,2024-01-01T09:58:57.000Z,loitering,1
0402f15e8-8a84-9ea0-9f7f-e949b6e906b9,622550044,62255-44-99%,31.1684,122.8635,3.806496,4.407489,36.0,40.0,2023-12-23T03:36:39.000Z,2024-01-25T04:08:44.000Z,loitering,1
931b14bb2-207f-2f64-4533-9eb61815b2c6,122790054,ZHELINYU12279-54-78%,31.1864,122.9063,8.634255999999999,9.188379999999999,41.0,43.0,2023-12-23T03:37:03.000Z,2024-01-09T10:06:35.000Z,loitering,1
a3b954015-5c92-b1f0-8a11-a03f2f792921,100900036,SUHAIANYU00426-3690%,33.5727,123.0832,176.64175,175.985578,193.0,193.0,2023-12-23T03:39:26.000Z,2024-01-01T01:49:23.000Z,loitering,1
a81656e2e-e8df-2722-86ad-aee5a69d657b,131190006,13119-6-74%,33.1497,124.3167,125.070836,125.070836,124.0,124.0,2023-12-23T03:42:02.000Z,2024-01-01T01:16:33.000Z,loitering,1
5fb366e31-14cd-d4e3-7ca8-6242f1651149,122790034,ZHELINYU12279-34-82%,31.1782,122.908,8.634255999999999,8.634255999999999,41.0,41.0,2023-12-23T03:44:26.000Z,2024-01-16T11:19:27.000Z,loitering,1
f1c286581-1fcb-fb8a-580a-50f7d79463f7,48360094,,30.1608,123.2201,26.938615000000002,27.127004,40.0,42.0,2023-12-23T03:45:23.000Z,2024-01-01T01:46:46.000Z,loitering,1
a0335a724-46fa-589f-a40a-d799e8072a53,801429085,SHENG01429-85,31.1585,122.968,14.31535,14.31535,43.0,43.0,2023-12-23T03:47:23.000Z,2024-01-01T20:36:03.000Z,loitering,1
109e5ab4e-ea55-10a2-d40d-210a9ebbeca1,14690122,NET-ZSY01469-122-99%,31.1985,122.9078,15.312561,3.063074,48.0,39.0,2023-12-23T03:48:09.000Z,2024-01-13T14:51:40.000Z,loitering,1
bb74be852-275b-9dae-5374-24f536c901d5,234311089,LIAOYINGYU26450-74%,37.772,122.9477,45.394371,45.394371,45.0,45.0,2023-12-23T03:51:58.000Z,2024-01-04T07:45:14.000Z,loitering,1
f5f171055-50e0-6786-0098-9c4ce1652571,470243000,MUTAWA 105,25.4843,53.1284,1.0037129999999999,1.4979829999999998,44.0,43.0,2023-12-23T03:52:42.000Z,2024-01-05T16:58:44.000Z,loitering,1
1bdc644ed-da24-ab6b-1381-40f3a52cb661,68280025,ZHEDAIYU06828-25-95%,30.1923,123.1835,24.25984,23.097346,37.0,37.0,2023-12-23T03:53:38.000Z,2024-01-01T01:49:53.000Z,loitering,1
9f37ba422-2677-72ee-9a3b-8166ddd2f6b2,212170040,ZHELINYU21217-40-99%,31.1699,122.8441,1.902846,1.902846,37.0,37.0,2023-12-23T03:56:02.000Z,2024-01-09T07:25:12.000Z,loitering,1
a175de52f-f859-125c-9274-26c9cb18bc3a,622550046,62255-46-99%,31.1715,122.8632,3.965004,3.9646179999999998,37.0,39.0,2023-12-23T03:57:33.000Z,2024-01-25T02:37:12.000Z,loitering,1
350028026-6abc-4245-e201-cf3eddec7fd6,311105000,DEEP BLUE,-24.6329,-42.2505,0.0,1.010701,181.0,182.0,2023-12-23T03:58:39.000Z,2024-01-06T18:57:06.000Z,loitering,1
2c343f865-5b13-cfd7-56fd-6f3774be6193,14530011,NET-ZSY01453-11-99%,31.1767,122.9049,12.250611000000001,4.758622,45.0,35.0,2023-12-23T03:59:26.000Z,2024-01-18T04:44:45.000Z,loitering,1
bd0057c5c-c9e1-fd1b-f275-be73f7e6c526,14530028,NET-ZSY01453-28-82%,31.2508,122.9418,14.46966,14.46966,49.0,49.0,2023-12-23T04:03:31.000Z,2024-01-07T09:59:29.000Z,loitering,1
aa7b2bc39-9069-9b78-54a2-434d9935d665,630290013,YUWANGQU63029-13-99%,35.175,119.8766,4.308884,5.217335,38.0,37.0,2023-12-23T04:04:49.000Z,2024-01-05T14:48:51.000Z,loitering,1
6eda533de-e858-6ed1-1869-0f24c7383ab5,133200126,NET-ZSY13320-126-99%,31.1893,122.8445,3.063074,3.840255,39.0,40.0,2023-12-23T04:06:24.000Z,2024-01-09T10:45:32.000Z,loitering,1
a59b9a8d8-82ce-b4dc-d72c-a2578088d156,622550043,62255-43-99%,31.1728,122.864,3.805692,3.805692,38.0,38.0,2023-12-23T04:07:59.000Z,2024-01-09T06:24:34.000Z,loitering,1
61d50ab58-8bd2-5953-9092-bcee5a8c7743,622550041,62255-41-99%,31.1785,122.8638,3.9646179999999998,3.9646179999999998,39.0,39.0,2023-12-23T04:13:00.000Z,2024-01-09T05:55:20.000Z,loitering,1
fa425bb93-3c62-0a54-1130-09af4d8a9fd3,122790033,ZHELINYU12279-33-80%,31.1831,122.9071,8.634255999999999,8.634255999999999,41.0,41.0,2023-12-23T04:14:08.000Z,2024-01-01T06:59:41.000Z,loitering,1
eb204e97f-f8af-1856-e73f-b77f3f5e7351,14690125,NET-ZSY01469-125-99%,31.2,122.843,2.2038320000000002,5.852949,38.0,42.0,2023-12-23T04:15:22.000Z,2024-01-09T12:30:01.000Z,loitering,1
50d2dafff-f1f3-963e-702b-bcd2e94c1cde,122790010,ZHELINYU12279-10-78%,31.1961,122.9065,8.846011,9.188379999999999,42.0,43.0,2023-12-23T04:15:49.000Z,2024-01-01T05:38:19.000Z,loitering,1
797691684-46f2-7554-7a07-171d8271839c,122790017,ZHELINYU12279-17-99%,31.1751,122.9077,8.562808,8.634255999999999,40.0,41.0,2023-12-23T04:15:59.000Z,2024-01-16T13:04:44.000Z,loitering,1
fc765a866-6a16-70b5-8634-4dbec0173a96,14290042,ZHESHENG01429-42-81%,31.1729,122.9672,14.271346,14.271346,43.0,43.0,2023-12-23T04:16:27.000Z,2024-01-07T11:15:30.000Z,loitering,1
02627e84c-c718-1f36-1d10-5a84b05239cf,901429112,NET-ZSY01429-112-99%,31.1923,122.9514,12.565557,12.565557,44.0,44.0,2023-12-23T04:18:11.000Z,2024-01-02T08:25:42.000Z,loitering,1
e161a03fe-ec82-f436-dd37-f031643cd577,212170063,ZHELINYU21217-63-99%,31.178,122.8439,2.2038320000000002,2.2038320000000002,38.0,38.0,2023-12-23T04:19:03.000Z,2024-01-09T07:54:13.000Z,loitering,1
1e261259b-b778-46f0-1f8d-a97766da4095,12387380,SUQIYU01238-80_8.2V,33.6794,123.0572,181.307938,182.722141,192.0,191.0,2023-12-23T04:20:22.000Z,2024-01-01T07:25:38.000Z,loitering,1
12b8d2b83-31cd-67e1-9c84-2e5745563894,901429120,NET-ZSY01429-120-99%,31.1997,122.9507,12.808561,12.808561,45.0,45.0,2023-12-23T04:21:56.000Z,2024-01-04T22:10:32.000Z,loitering,1
800edede6-6c4f-084f-0b2c-b4f92abaebe1,901453003,SHENG01453-0399%,31.2032,122.9065,13.814427,4.885587999999999,48.0,37.0,2023-12-23T04:23:14.000Z,2024-01-18T00:42:24.000Z,loitering,1
27c0ea61c-c074-23d7-bf02-39c78675563b,622550040,62255-40-99%,31.173,122.8631,3.965004,3.9646179999999998,37.0,39.0,2023-12-23T04:23:34.000Z,2024-01-10T23:24:02.000Z,loitering,1
dbb191fce-e065-a990-0aaa-1e42ea569a6b,212170056,ZHELINYU21217-56-99%,31.1833,122.8439,2.2038320000000002,2.2038320000000002,38.0,38.0,2023-12-23T04:24:06.000Z,2024-01-09T08:17:05.000Z,loitering,1
cc50d0c60-018a-46af-1f19-a7d1fe3380c9,215990023,ZHELINYU21599-23,31.1902,122.7501,0.0,0.0,36.0,38.0,2023-12-23T04:24:08.000Z,2024-01-30T05:51:47.000Z,loitering,1
17f679521-113d-f850-249e-19aa2e636d4d,100108335,LU.LAN.YU.YANG291-02,34.9639,119.84,3.335848,3.335848,39.0,39.0,2023-12-23T04:25:04.000Z,2024-01-15T21:39:19.000Z,loitering,1
d33ee2c58-8848-dd8b-a966-755c5e9201cd,622550048,62255-48-99%,31.1872,122.8638,4.407489,4.407489,40.0,40.0,2023-12-23T04:25:07.000Z,2024-01-09T07:07:03.000Z,loitering,1
7249d47d7-76f2-57f3-8870-48230c018de9,212170021,ZHELINYU21217-21-99%,31.1898,122.8432,2.926736,2.926736,39.0,39.0,2023-12-23T04:27:24.000Z,2024-01-09T10:07:53.000Z,loitering,1
4ba928127-7957-568f-6926-7edec74d60ac,213780053,ZHELINYU21378-53-47%,31.2043,122.9419,11.892695999999999,11.892695999999999,45.0,45.0,2023-12-23T04:27:27.000Z,2024-01-07T10:12:30.000Z,loitering,1
2a7e12f4a-af2f-f026-9fb5-baa128fdf651,14190140,NET-ZSY01419-140-99%,31.1967,122.8879,11.369544,2.2038320000000002,45.0,38.0,2023-12-23T04:32:52.000Z,2024-01-18T11:26:14.000Z,loitering,1
cf125c7ee-ecff-3cf3-2538-033eb096f087,907785061,NET-ZSY07785-61-72%,31.1534,122.9404,11.420691000000001,11.417076999999999,39.0,42.0,2023-12-23T04:37:01.000Z,2024-01-09T09:20:06.000Z,loitering,1
3b3ea444d-d880-97b3-9ee4-ccc36d5270f7,122790023,ZHELINYU12279-23-99%,31.1855,122.9068,9.188379999999999,8.562808,43.0,40.0,2023-12-23T04:38:32.000Z,2024-01-03T02:05:21.000Z,loitering,1
02b149f2c-c821-199c-0e11-6584623b45cf,525100486,ILE DE RE,-4.7402,115.7436,118.40048399999999,115.73223399999999,47.0,29.0,2023-12-23T04:39:22.000Z,2024-01-12T23:59:53.000Z,loitering,1
6d1bbdd3b-b718-59bd-66e2-6286e7011726,901429121,NET-ZSY01429-121-76%,31.2242,122.9673,15.312561,15.312561,48.0,48.0,2023-12-23T04:41:52.000Z,2024-01-08T18:11:21.000Z,loitering,1
f8d874ae2-2dd5-78c0-aba1-af81df2a2d98,53721953,21953-5_8.1V,31.2146,122.7502,0.0,5.058783,36.0,43.0,2023-12-23T04:41:58.000Z,2024-01-25T07:43:17.000Z,loitering,1
3cab64966-66d2-2c6e-6b3a-294d3566130f,622550045,62255-45-99%,31.1999,122.862,5.060295,5.060295,41.0,41.0,2023-12-23T04:44:10.000Z,2024-01-01T02:47:02.000Z,loitering,1
da2709c0e-e719-524c-cf82-935b8b5faf8c,14530022,NET-ZSY01453-22-99%,31.1748,122.8696,5.250818000000001,4.885587999999999,40.0,37.0,2023-12-23T04:44:41.000Z,2024-01-18T00:37:01.000Z,loitering,1
13ce4bf85-5802-2e0f-229f-d44388f41891,801429079,SHENG01429-79,31.1724,122.9526,12.3685,12.3685,42.0,42.0,2023-12-23T04:45:51.000Z,2024-01-01T11:28:21.000Z,loitering,1
397846323-3389-0fb4-a507-aa2af1136791,14530018,NET-ZSY01453-18-99%,31.1715,122.868,4.885099,4.885587999999999,39.0,37.0,2023-12-23T04:46:32.000Z,2024-01-01T03:39:24.000Z,loitering,1
e7b108f0e-e789-a123-8bcb-f2021a699afe,92070113,NET113-ZSY0920799%,31.1413,122.8984,7.613795,7.613795,37.0,37.0,2023-12-23T04:46:51.000Z,2024-01-02T04:27:00.000Z,loitering,1
69f171a6a-a3ac-03ab-21ce-41edd854e612,92070106,NET105-ZSY0920799%,31.1405,122.9002,7.613795,7.613795,37.0,37.0,2023-12-23T04:51:54.000Z,2024-01-02T00:47:40.000Z,loitering,1
2b84b6f5c-c313-3fee-517d-b6b5d2b660df,622550047,62255-47-99%,31.1838,122.8636,3.9646179999999998,3.9646179999999998,39.0,39.0,2023-12-23T04:52:20.000Z,2024-01-09T12:11:21.000Z,loitering,1
987a05a10-0df7-9eb7-3e1f-f2fac1b14beb,108003483,27777-23,33.6281,123.9456,121.159141,116.841984,118.0,114.0,2023-12-23T04:53:10.000Z,2024-01-01T10:17:13.000Z,loitering,1
8bbfaf8c9-9f7b-40cb-d5fd-4ea399affd19,99280020,0992899%,33.5112,124.0615,114.117148,116.706539,112.0,114.0,2023-12-23T04:54:54.000Z,2024-01-08T10:29:05.000Z,loitering,1
17e6ba482-22b6-174a-1c0a-a5e6b87f0a87,212170100,ZHELINYU21217-10099%,31.2134,122.8433,4.837581,5.852949,41.0,42.0,2023-12-23T04:55:15.000Z,2024-01-09T12:03:41.000Z,loitering,1
d2f311339-9398-305b-0c68-ec4937d18ae5,215990003,ZHELINYU21599-3-69%,31.1897,122.7478,0.0,0.0,37.0,37.0,2023-12-23T04:56:04.000Z,2024-01-01T12:46:40.000Z,loitering,1
22f38d529-9e22-55dd-0e9f-cbf3cbefeada,636022826,MADESTA,17.1948,39.7538,180.401109,176.765297,80.0,76.0,2023-12-23T04:56:08.000Z,2024-01-12T16:41:35.000Z,loitering,1
4eef1e471-19c1-5ff0-bd46-af03027cf6fe,212170053,ZHELINYU21217-53-99%,31.21,122.8437,4.837581,4.837581,41.0,41.0,2023-12-23T04:56:51.000Z,2024-01-09T08:16:24.000Z,loitering,1
d34d463f9-97df-86cb-e770-b3c587d2204c,212170072,ZHELINYU21217-72-99%,31.2054,122.8429,3.840255,4.837581,40.0,41.0,2023-12-23T04:56:53.000Z,2024-01-09T10:42:00.000Z,loitering,1
46cf5c4b7-7940-53f4-42d6-b49907310c8a,271046765,YAVUZ,42.8404,31.2826,149.022484,149.022484,150.0,150.0,2023-12-23T05:01:52.000Z,2024-01-09T23:02:06.000Z,loitering,1
d3b8b26ac-c73f-19f6-1292-bd74d3b4e48f,577760001,IURONGYU57776-01 8V0,33.6155,123.946,119.860977,118.629391,117.0,116.0,2023-12-23T05:07:42.000Z,2024-01-01T11:22:39.000Z,loitering,1
71022ba9e-ec12-1892-2cd9-d14e898a5824,902125712,LIN21257-12-58%,31.2094,122.8643,6.7369449999999995,5.060295,43.0,41.0,2023-12-23T05:08:11.000Z,2024-01-01T08:00:09.000Z,loitering,1
8e1500820-0199-25a7-9dfe-4a4bce4e15f8,96027276,ZHEYU07723-12-99%,32.3655,125.206,135.489609,134.814031,133.0,133.0,2023-12-23T05:13:28.000Z,2024-01-01T10:34:58.000Z,loitering,1
fb90b56a4-43e4-57c8-41fe-c66028a9296d,658880053,TIELONG65888-53-89%,22.3314,116.3864,67.102711,64.786383,64.0,62.0,2023-12-23T05:16:31.000Z,2024-01-05T21:22:38.000Z,loitering,1
6c7ff24f2-256c-5b91-cc6f-51e79349d78f,55280008,NET-ZSY05528-08-99%,31.1964,122.7405,0.0,0.0,36.0,38.0,2023-12-23T05:16:58.000Z,2024-01-01T09:54:02.000Z,loitering,1
743adff74-4d60-b06e-9488-c6560eaf7080,2417006,ZHEDAIYU02417-06-83%,32.1347,125.6078,140.082094,128.55053900000001,137.0,125.0,2023-12-23T05:18:18.000Z,2024-01-01T02:25:27.000Z,loitering,1
2732e782c-c67a-9671-860d-9a369c9458ba,622550049,62255-49-99%,31.2172,122.8636,6.7369449999999995,5.853211,43.0,42.0,2023-12-23T05:21:25.000Z,2024-01-01T06:57:23.000Z,loitering,1
5ef2dac9b-b2be-ec06-95ab-1ca6ece7d8f2,412187346,TIELONG61873-46-87%,26.8563,121.7448,78.33765600000001,88.779758,89.0,94.0,2023-12-23T05:30:58.000Z,2024-01-03T20:44:27.000Z,loitering,1
c7afd5275-5cb2-8d4f-3c13-c8254c49c2ac,14690127,NET-ZSY01469-127-99%,31.2213,122.853,12.289783,1.46327,47.0,39.0,2023-12-23T05:32:09.000Z,2024-01-09T01:56:54.000Z,loitering,1
5c9509ad9-9fe0-36ed-53e2-95128a1bca42,20320920,SUGANYU02032-20  8V2,33.6222,124.0812,108.12682799999999,108.12682799999999,105.0,105.0,2023-12-23T05:34:58.000Z,2024-01-01T00:18:28.000Z,loitering,1
9a404cfe4-4d69-95b5-bdbe-7a08256a2df2,572606210,RAWABI 14,28.3475,49.267,0.0,0.9785860000000001,60.0,61.0,2023-12-23T05:36:56.000Z,2024-01-02T09:55:40.000Z,loitering,1
eab4be2fc-cfe1-8872-354c-6a6410a067f9,215990045,ZHELINYU21599-4599%,31.2031,122.7486,0.0,1.111949,38.0,39.0,2023-12-23T05:42:06.000Z,2024-01-09T16:55:26.000Z,loitering,1
8d9b982de-e23a-d8df-1dcb-513828f7cd02,215990042,ZHELINYU21599-4299%,31.2155,122.7475,0.0,3.335848,38.0,41.0,2023-12-23T05:42:08.000Z,2024-01-04T10:00:21.000Z,loitering,1
c15e8a177-7b68-42fc-e1c9-1bef546b6d94,863827,MINYU08638-27_60%,33.8934,123.8488,121.369758,117.377273,117.0,113.0,2023-12-23T05:44:52.000Z,2024-01-01T08:53:22.000Z,loitering,1
02456eb36-6c8c-62d2-13fb-3dbe815288dc,921257037,NET21257-3799%,31.1953,122.7418,0.0,0.0,38.0,38.0,2023-12-23T05:47:30.000Z,2024-01-01T20:18:34.000Z,loitering,1
61215cf16-6cb0-5dfa-d24c-000431981f32,150200013,LIAODAHUA15020-1399%,37.5724,123.2794,56.619094,55.000281,56.0,54.0,2023-12-23T05:50:30.000Z,2024-01-12T02:57:55.000Z,loitering,1
fa8cc737e-ebfe-e2b7-be2b-0e1237facc52,215990044,ZHELINYU21599-4499%,31.2227,122.7512,0.0,5.058783,37.0,43.0,2023-12-23T05:50:40.000Z,2024-01-17T06:02:05.000Z,loitering,1
753ecac30-04b7-4c8f-0562-88eb1e4f12fb,96048054,LIAOYING08668-6-99%,33.6165,123.9454,120.266414,119.09800800000001,117.0,116.0,2023-12-23T05:50:45.000Z,2024-01-01T11:23:18.000Z,loitering,1
295113927-7a45-bc5f-4554-2c9a8f187fdf,96064612,ZHEYU07210-8-01%,33.8925,123.8379,121.369758,119.20304700000001,117.0,115.0,2023-12-23T05:55:36.000Z,2024-01-01T09:00:18.000Z,loitering,1
6511d2dce-e5e9-3512-71fe-d9adaca8185e,921257056,LIN21257-5699%,31.1665,122.8542,2.85427,2.85427,38.0,38.0,2023-12-23T05:56:28.000Z,2024-01-08T07:22:23.000Z,loitering,1
65e4b7502-25f5-82de-202e-3fb78d657596,631978833,LIN19788--33-44%,31.4442,122.6106,9.745162,9.745162,64.0,64.0,2023-12-23T05:56:31.000Z,2024-01-09T08:40:02.000Z,loitering,1
adc7ad22d-d820-9c12-0d9a-0a79147d11c2,62222019,NET019-ZHEPUYU62222,33.6158,123.9432,120.266414,119.936875,117.0,117.0,2023-12-23T05:57:29.000Z,2024-01-01T11:16:32.000Z,loitering,1
df7256552-2797-1078-5300-ff6662f4498e,112125761,LIN21257-61,31.1705,122.8538,2.85427,2.85427,38.0,38.0,2023-12-23T05:58:43.000Z,2024-01-08T07:20:24.000Z,loitering,1
ddcc75d12-2722-c70b-0072-66316c861314,679370059,TIELONG67937-59-91%,22.3219,116.3377,64.534797,67.000586,60.0,64.0,2023-12-23T06:05:02.000Z,2024-01-04T20:35:59.000Z,loitering,1
2bc6d8b0e-eeb8-7de1-6f44-6595f32cb15f,215990046,ZHELINYU21599-4671%,31.2028,122.7497,0.0,1.111949,38.0,39.0,2023-12-23T06:08:27.000Z,2024-01-09T00:27:00.000Z,loitering,1
9a33b4003-39ad-9ab0-2de2-e60e311e5fb0,122840023,ZHELINYU12284-23-52%,31.2015,122.6989,0.0,0.0,37.0,37.0,2023-12-23T06:09:04.000Z,2024-01-01T08:44:41.000Z,loitering,1
336557a0d-da7c-813f-d4e1-323420e055ed,60561741,,35.0123,119.9293,3.6429769999999997,3.6429769999999997,49.0,49.0,2023-12-23T06:15:15.000Z,2024-01-06T12:32:45.000Z,loitering,1
2949cb094-418e-634f-7862-508c1ed4ad85,132121271,LXKJ21271-13_8.1V,31.2148,122.7034,0.0,0.0,38.0,39.0,2023-12-23T06:16:38.000Z,2024-01-01T06:40:38.000Z,loitering,1
f4bd3dbb7-7ac4-59aa-81e6-4e4c18981969,421257004,ZLY21257-4-54%,31.1957,122.8537,4.3900060000000005,4.3900060000000005,41.0,41.0,2023-12-23T06:23:35.000Z,2024-01-08T06:12:52.000Z,loitering,1
3a435d790-0f60-1898-67d9-d018e20e72ce,122840025,,31.2093,122.6979,0.0,0.0,38.0,38.0,2023-12-23T06:26:15.000Z,2024-01-06T08:11:14.000Z,loitering,1
953404257-7177-ab30-28a5-58a432fdcfdd,86200008,MINFUDINGYU08620-08,32.1982,125.3953,137.614297,138.157125,135.0,135.0,2023-12-23T06:30:40.000Z,2024-01-01T17:56:55.000Z,loitering,1
cd67213af-f615-30a1-735d-6a3d49dec8a5,112125759,LIN21257-59,31.1809,122.8531,3.063074,3.063074,39.0,39.0,2023-12-23T06:30:52.000Z,2024-01-04T11:23:41.000Z,loitering,1
b258234c8-8768-6f10-8d5d-451a2e643eeb,143221271,LXK21271-14_8.1V,31.2192,122.7023,0.0,0.0,39.0,39.0,2023-12-23T06:31:21.000Z,2024-01-01T05:58:04.000Z,loitering,1
f1bc28737-727c-12eb-90ac-6c66e0078c63,902125714,LIN21257-14-49%,31.1902,122.8539,3.6181289999999997,3.6181289999999997,40.0,40.0,2023-12-23T06:31:32.000Z,2024-01-07T19:09:49.000Z,loitering,1
2e9184be1-1251-c82a-f4eb-e259b40bf347,962255001,ZHEPUYU62255-1-99%,31.2067,122.8622,5.853211,5.853211,42.0,42.0,2023-12-23T06:32:13.000Z,2024-01-01T04:14:59.000Z,loitering,1
41af013db-b9fd-57c3-93e6-a16a38e1569e,901453005,SHENG01453-0599%,31.2287,122.942,13.220384,13.220384,47.0,47.0,2023-12-23T06:38:22.000Z,2024-01-01T00:07:41.000Z,loitering,1
1b3f216c0-0172-d9eb-c402-5afde6e80393,110399813,,32.1637,125.5309,134.84973399999998,133.836219,132.0,131.0,2023-12-23T06:44:31.000Z,2024-01-01T09:50:09.000Z,loitering,1
28e65a539-90cf-1f75-6fcd-47770b33828b,122840007,ZHELINYU12284-7-70%,31.2102,122.6994,0.0,0.0,39.0,37.0,2023-12-23T06:45:40.000Z,2024-01-01T08:51:08.000Z,loitering,1
c986a09e8-8191-dab1-bea8-8ab6f627d548,921257055,LIN21257-5599%,31.2917,122.8563,4.3900060000000005,20.948044999999997,41.0,60.0,2023-12-23T06:45:40.000Z,2024-01-05T00:58:58.000Z,loitering,1
24d980daf-f8d8-9919-4cb2-19322cc5830f,60552850,,31.2079,122.7417,2.2031370000000003,0.0,40.0,36.0,2023-12-23T06:49:38.000Z,2024-01-14T20:57:00.000Z,loitering,1
cb81229be-e2b8-b299-a421-3b7e252699d6,902125718,LIN21257-18-48%,31.2165,122.8538,6.249267,6.249267,43.0,43.0,2023-12-23T06:52:00.000Z,2024-01-06T15:51:51.000Z,loitering,1
0c08d7434-4d96-8ea3-6fa7-83981a5422ec,215990040,ZHELINYU21599-4099%,31.2171,122.7526,1.111949,2.223899,39.0,40.0,2023-12-23T06:53:20.000Z,2024-01-12T22:03:26.000Z,loitering,1
f2167ca63-3564-3ca7-ea9e-769754ffeb64,122790009,ZHELINYU12279-9-78%,31.2129,122.9071,9.647466,9.647466,44.0,44.0,2023-12-23T06:54:01.000Z,2024-01-06T14:53:02.000Z,loitering,1
fb23ee4ea-a201-1c56-c2fa-195f812df246,311210018,YOULONG-31121-18-91%,37.565,123.1397,44.748328,44.208531,43.0,43.0,2023-12-23T06:54:33.000Z,2024-01-07T09:17:33.000Z,loitering,1
95c7dc7e1-18e5-6389-7886-a8d551afd262,60552832,,31.2124,122.7411,2.2031370000000003,0.0,40.0,38.0,2023-12-23T06:57:09.000Z,2024-01-17T07:49:01.000Z,loitering,1
ca6c37c45-5359-500d-ff07-e7ef2efd1e69,55280007,NET-ZSY05528-07-99%,31.2096,122.7399,2.2031370000000003,0.0,40.0,36.0,2023-12-23T06:59:40.000Z,2024-01-17T06:06:24.000Z,loitering,1
5757b00d2-2b7a-ddaa-3a36-34eea4656df5,721257079,LIN21257-79,31.2107,122.8537,5.284535,5.284535,42.0,42.0,2023-12-23T06:59:49.000Z,2024-01-08T06:26:02.000Z,loitering,1
ee0e88e31-1f48-055e-d3a6-9a8d5a7e5724,60552845,,31.2062,122.7405,2.2031370000000003,0.0,40.0,36.0,2023-12-23T06:59:58.000Z,2024-01-30T11:25:12.000Z,loitering,1
3c1de9e31-193e-ef9d-0a7e-c638cc0e5a25,215990047,ZHELINYU21599-4799%,31.2299,122.7522,1.111949,5.058783,39.0,43.0,2023-12-23T07:00:51.000Z,2024-01-08T17:45:19.000Z,loitering,1
b9de0adfd-dcf1-b6f7-6382-08f7d7117b4b,14690144,NET144-ZSY0146999%,31.2104,122.8586,11.617861999999999,1.111949,46.0,38.0,2023-12-23T07:00:54.000Z,2024-01-18T03:09:57.000Z,loitering,1
90400f0a2-2e81-6e3d-ff71-ece1f0df3440,962255014,ZHEPUYU62255-14-99%,31.2171,122.8631,6.7369449999999995,6.7369449999999995,43.0,43.0,2023-12-23T07:03:41.000Z,2024-01-01T06:03:00.000Z,loitering,1
f39e39396-60fb-35f1-4e5a-b2b02c0a1e0b,221000226,ZHEDAIYU02686-106,33.6763,124.0131,111.293594,111.293594,108.0,108.0,2023-12-23T07:07:37.000Z,2024-01-01T10:32:46.000Z,loitering,1
3fe6f7ab9-988b-70df-4cf7-0b55e5d85c8f,589121271,ZHELINYU21271-18_8.2,31.2304,122.702,1.111949,2.20279,40.0,41.0,2023-12-23T07:11:31.000Z,2024-01-01T03:30:58.000Z,loitering,1
deda214cc-c4ab-842a-ec17-ff601629627c,122840019,ZHELINYU12284-19-79%,31.227,122.6979,1.111949,1.111949,40.0,40.0,2023-12-23T07:15:28.000Z,2024-01-01T06:06:58.000Z,loitering,1
d5118ebf6-60fa-7ca8-dbdd-4c4fd4bfd7b5,14530025,NET-ZSY01453-25-99%,31.2113,122.8676,6.511796,6.511796,42.0,42.0,2023-12-23T07:16:48.000Z,2024-01-12T01:49:17.000Z,loitering,1
4921c87ff-fa6b-ad33-ecb8-aa70c1c90106,801245049,SHENG01453-49,31.1935,122.8684,4.885587999999999,8.193127,37.0,45.0,2023-12-23T07:17:16.000Z,2024-01-01T01:07:02.000Z,loitering,1
6e3a52ee5-5a1d-e77c-3783-851b55926b4d,92070109,NET109-ZSY0920799%,31.1491,122.8986,7.612992,7.612992,38.0,38.0,2023-12-23T07:17:35.000Z,2024-01-02T01:22:50.000Z,loitering,1
a0d9d1fe1-1005-c8ce-0941-03aa7983e154,122840015,ZHELINYU12284-15-74%,31.2259,122.6981,0.0,1.111949,39.0,40.0,2023-12-23T07:21:34.000Z,2024-01-01T06:09:00.000Z,loitering,1
46b3deead-daa2-9127-5bc2-4f5c8ae65fb1,232199860,ZHELINYU21998-60-,31.4082,122.697,19.218580000000003,8.298866,68.0,52.0,2023-12-23T07:23:43.000Z,2024-01-13T03:55:07.000Z,loitering,1
7d635dd0d-d694-6dbe-7c3d-f5a282a70e78,122790016,ZHELINYU12279-16-79%,31.1396,122.9075,8.565520000000001,8.565520000000001,37.0,37.0,2023-12-23T07:29:08.000Z,2024-01-01T22:29:28.000Z,loitering,1
8c99a74b8-8380-f2c4-8c83-7bc4232155c1,29890909,SUGANYU02989-9   7V1,34.7956,120.0054,15.9907,15.806854,38.0,38.0,2023-12-23T07:29:54.000Z,2024-01-03T09:07:21.000Z,loitering,1
3cd41d90e-e7a6-549b-eb10-d7b8b1560083,60552825,,31.2057,122.7353,3.616939,0.0,42.0,34.0,2023-12-23T07:36:26.000Z,2024-01-02T02:54:50.000Z,loitering,1
a880a75d4-41b8-b1a0-6392-5d90af425e60,962255008,ZHEPUYU62255-8-61%,31.2225,122.8622,6.7369449999999995,6.7369449999999995,43.0,43.0,2023-12-23T07:40:37.000Z,2024-01-01T05:22:06.000Z,loitering,1
921bd79e3-36d3-d49e-917e-bb27e79f4d79,215990043,ZHELINYU21599-4399%,31.2362,122.7469,3.335848,4.389222,41.0,42.0,2023-12-23T07:41:13.000Z,2024-01-12T19:07:06.000Z,loitering,1
2c623e590-0178-79a1-d745-9581ac16462a,96021271,ZHE21271-2-74%,31.2363,122.7016,1.111949,2.20279,40.0,41.0,2023-12-23T07:41:24.000Z,2024-01-01T02:47:17.000Z,loitering,1
ee55181f0-0ea5-43bc-c1ba-ef61ed07bd2a,122790037,ZHELINYU12279-37-68%,31.1679,122.9062,8.564615,8.846011,38.0,42.0,2023-12-23T07:41:39.000Z,2024-01-16T13:28:54.000Z,loitering,1
2ce8919b8-8646-5743-b49f-90d0973daa10,215990049,ZHELINYU21599-4975%,31.244,122.7489,4.389222,5.058783,42.0,43.0,2023-12-23T07:43:30.000Z,2024-01-09T02:12:55.000Z,loitering,1
78c0cd482-2d7e-14b9-63f8-10770d6bfb3c,92070119,NET119-ZSY0920799%,31.1637,122.8976,6.6613679999999995,7.611385,37.0,40.0,2023-12-23T07:44:29.000Z,2024-01-09T06:11:58.000Z,loitering,1
539bc0c64-47b4-b316-88ff-3e1fe2e04afb,86090025,,33.7114,124.0431,106.626641,108.35493799999999,103.0,105.0,2023-12-23T07:50:23.000Z,2024-01-05T19:02:46.000Z,loitering,1
27b932a8d-d174-4f6d-e9f9-6a4306683494,413177911,TIELONG61779-55%,25.3111,120.3674,48.302406000000005,65.717758,48.0,72.0,2023-12-23T07:51:35.000Z,2024-01-06T23:04:04.000Z,loitering,1
70ecb2b24-4657-3aed-473a-603a4706054b,801245048,SHENG01453-48,31.2082,122.8671,6.511796,6.511796,42.0,42.0,2023-12-23T07:52:53.000Z,2024-01-10T23:20:26.000Z,loitering,1
9a6cf7b07-7f76-ce52-1094-b0475d59a551,66160003,,33.5908,124.0682,109.657758,112.11659399999999,107.0,110.0,2023-12-23T07:57:06.000Z,2024-01-08T07:41:24.000Z,loitering,1
a280b2c9c-c189-c346-8131-55436129d50c,86090035,,33.7174,124.0403,105.366227,108.834992,102.0,106.0,2023-12-23T07:57:57.000Z,2024-01-05T18:17:58.000Z,loitering,1
02e7a25fc-c2f5-ac19-e24f-eadf58b01d3b,419000346,SUMAYLA ONE,18.5078,72.3239,3.866638,6.705697,61.0,58.0,2023-12-23T07:59:32.000Z,2024-01-01T03:50:53.000Z,loitering,1
c569ccc88-842d-eb2c-dfa3-cd86c9666c62,92070112,NET112-ZSY0920799%,31.1512,122.8935,6.6613679999999995,7.612992,37.0,38.0,2023-12-23T08:02:51.000Z,2024-01-01T23:29:06.000Z,loitering,1
cd1493ce9-9c52-9913-61f4-9f924a5e0628,223700077,JIAOZHONG-02-99%,33.5884,124.0684,108.841484,112.11659399999999,106.0,110.0,2023-12-23T08:03:07.000Z,2024-01-05T15:51:26.000Z,loitering,1
f537d6d38-8a8f-a5bd-ebe7-b153898fe5ab,55280057,NET-ZSY05528-57-99%,31.2079,122.7375,4.389025999999999,0.0,43.0,33.0,2023-12-23T08:03:44.000Z,2024-01-02T00:12:38.000Z,loitering,1
0d48c0dd7-7639-2d74-a2d5-3dfcee0dce1b,216380012,21638-12-79%,30.1712,123.205,25.955699,24.994379000000002,40.0,39.0,2023-12-23T08:04:58.000Z,2024-01-01T01:29:20.000Z,loitering,1
a69b44103-39a5-e624-1df4-277a13cfcb5c,86090019,,33.7105,124.0541,105.763992,106.626641,103.0,103.0,2023-12-23T08:05:05.000Z,2024-01-09T17:44:44.000Z,loitering,1
13d6380ed-da09-9d2f-b377-002a3332108c,26010050,ZHEDAIYU02601-50-97%,33.5844,124.0169,114.589688,115.095648,112.0,112.0,2023-12-23T08:07:38.000Z,2024-01-01T00:20:41.000Z,loitering,1
096612b28-86d8-26d3-26cf-0a0fd2a3e599,92070004,NET4-ZSY09207-49%,31.1622,122.8943,6.752496,7.692576,38.0,39.0,2023-12-23T08:10:15.000Z,2024-01-02T02:27:05.000Z,loitering,1
cc05c5ea6-621e-298e-cdad-f3e4f609ac5f,86090009,,33.7087,124.0407,105.763992,109.615984,103.0,106.0,2023-12-23T08:11:02.000Z,2024-01-05T14:52:34.000Z,loitering,1
a5546c853-3edb-16a1-1179-179d50876266,96117882,ZHEDAIYU01178-82A99%,33.6078,123.9322,122.851422,119.471453,120.0,117.0,2023-12-23T08:12:49.000Z,2024-01-01T11:14:26.000Z,loitering,1
7b42b91ad-da5c-2cc2-bf84-529445ca7051,233101139,MFJY-09168-6-72%,33.532,124.0781,111.369484,114.54473399999999,109.0,112.0,2023-12-23T08:14:21.000Z,2024-01-16T07:45:21.000Z,loitering,1
8e6ce57fc-c61f-bea6-988b-dadb272706a0,259220905,ZHESHENGYU05259-5,33.5414,123.9836,120.451148,120.451148,118.0,118.0,2023-12-23T08:15:52.000Z,2024-01-01T01:10:20.000Z,loitering,1
b2d7fa626-6e62-7105-4264-e92efd9b2a9a,104000072,ZHEDAIYU02686-94-97%,33.6363,123.9706,116.870883,115.57606200000001,114.0,113.0,2023-12-23T08:16:09.000Z,2024-01-01T11:10:08.000Z,loitering,1
e7a3479db-bf61-24a2-cdbe-a807f8368882,223700092,JIAOZHONG-08-86%,33.5856,124.0783,108.562711,111.295352,106.0,109.0,2023-12-23T08:17:22.000Z,2024-01-02T09:45:56.000Z,loitering,1
150b5b722-261d-ff4f-93b2-c9d1a54fac34,602264084,,33.5158,123.9676,122.333844,122.333844,120.0,120.0,2023-12-23T08:19:36.000Z,2024-01-01T01:23:15.000Z,loitering,1
4803b1431-199a-86d0-7210-7d0365f4d0ae,596230906,LU LAN YU05596-6-78%,33.5929,123.942,119.936875,122.085852,117.0,119.0,2023-12-23T08:20:29.000Z,2024-01-01T00:01:34.000Z,loitering,1
9e7047bfe-eb3d-175d-46d6-6e012dd814bd,710003080,DEBORAH KAY,-22.6196,-40.0978,2.223899,1.0263390000000001,114.0,116.0,2023-12-23T08:20:34.000Z,2024-01-03T00:56:24.000Z,loitering,1
7d6a73885-5a73-32c7-13d9-5be7d2bde617,51860052,NET52-ZSY05186-99%,31.1771,122.8641,3.9646179999999998,4.885099,39.0,39.0,2023-12-23T08:20:45.000Z,2024-01-01T09:51:19.000Z,loitering,1
19ebc02cf-fe25-3e81-b41e-593f61061145,666666016,666666-16-79%,33.5381,123.9857,119.636719,119.636719,117.0,117.0,2023-12-23T08:21:39.000Z,2024-01-01T00:14:06.000Z,loitering,1
299e88211-1a1e-3819-e730-150dfcb3438d,890335831,SUSHEYU03358-31_7.7V,33.5513,123.8482,130.687945,130.687945,128.0,128.0,2023-12-23T08:23:10.000Z,2024-01-01T01:34:42.000Z,loitering,1
3c174e1ab-b832-e270-bd73-8333a4c318c9,14690162,NET162-ZSY0146999%,31.0078,122.9517,10.080665000000002,17.153525000000002,44.0,17.0,2023-12-23T08:29:07.000Z,2024-01-07T20:50:26.000Z,loitering,1
8177c7c5c-cded-a10a-d2e8-f97f632e5508,26010051,ZHEDAIYU02601-51-91%,33.5748,124.0172,115.095648,115.610094,112.0,113.0,2023-12-23T08:29:22.000Z,2024-01-01T00:21:11.000Z,loitering,1
d782ad707-7276-3917-41b7-5a167e7a51fd,690009225,ZSY09225-6999%,33.6939,124.0568,107.031375,106.589875,104.0,104.0,2023-12-23T08:30:04.000Z,2024-01-02T01:04:47.000Z,loitering,1
806c06cd6-6911-4137-3976-2260c790e5ac,577760022,LURONGYU57776-22 7V8,33.5903,123.9516,119.936875,120.893023,117.0,118.0,2023-12-23T08:32:56.000Z,2024-01-01T00:19:50.000Z,loitering,1
9a55a766c-ca31-3eff-326e-e374f0476ec4,999724579,REOBOTE - B6,-17.0371,-38.4222,250.52401600000002,246.005062,77.0,76.0,2023-12-23T08:38:51.000Z,2024-01-04T17:18:43.000Z,loitering,1
1861ec470-03f8-244b-761a-a23b82dbea6e,222902711,ZHEDAIYU94839-24-71%,30.179,123.2046,25.978191,25.017834,39.0,39.0,2023-12-23T08:39:02.000Z,2024-01-01T01:46:29.000Z,loitering,1
59a6a8792-2a15-cfde-d04e-6bf7e06e5549,220300899,ZHEDAIYU02604-A10,33.6957,124.0543,106.171914,107.446094,103.0,104.0,2023-12-23T08:43:46.000Z,2024-01-02T01:17:54.000Z,loitering,1
c4a088552-2fa0-cd9b-2bd2-92f982655739,21320201,ZHEDAIYU02132-1A-94%,33.4916,123.8977,128.562133,130.170852,126.0,128.0,2023-12-23T08:47:49.000Z,2024-01-01T01:45:08.000Z,loitering,1
c8f0cdf41-1772-62e1-1c39-4b8d0a8c6e73,33730056,SUSHEYU03373-56_8.0V,33.5625,123.8385,132.362688,129.744922,130.0,127.0,2023-12-23T08:48:55.000Z,2024-01-01T01:51:25.000Z,loitering,1
a05197080-0e76-c14e-2874-579b82f691e6,304667035,,30.1658,123.2056,25.955699,25.955699,40.0,40.0,2023-12-23T08:50:19.000Z,2024-01-01T01:43:32.000Z,loitering,1
55ddffb69-920b-301e-7549-5348ae08dafd,62588544,,33.4691,123.8757,132.33293799999998,133.140906,130.0,131.0,2023-12-23T08:50:49.000Z,2024-01-01T11:40:40.000Z,loitering,1
982432f33-3ba7-9d38-e2ec-b21b64102560,413293090,HUANGPUZHENGLI001,38.6849,117.9908,2.8209969999999998,6.1390150000000006,35.0,38.0,2023-12-23T08:52:01.000Z,2024-01-02T20:57:11.000Z,loitering,1
c58ae0401-12c5-bdee-aa83-d4dae103bbd9,21320506,ZHEDAIYU02132-506,33.5071,123.8974,128.562133,128.562133,126.0,126.0,2023-12-23T08:52:55.000Z,2024-01-01T01:39:50.000Z,loitering,1
5fa7b5d29-92fb-632b-b0b4-b3eb5690f35b,66552217,,31.1721,122.8633,3.805692,4.757116,38.0,38.0,2023-12-23T08:53:09.000Z,2024-01-01T10:40:52.000Z,loitering,1
7a7c814ce-e583-f21d-ca18-36dc85489f7e,1226414,,33.5114,123.9665,123.685992,122.87881200000001,121.0,120.0,2023-12-23T08:53:48.000Z,2024-01-01T01:03:37.000Z,loitering,1
51deeb3b3-3114-ebef-41a6-39828af3ac19,60680004,,33.4813,123.11,172.625734,172.625734,194.0,194.0,2023-12-23T08:57:53.000Z,2024-01-01T13:25:04.000Z,loitering,1
5f24d0fd3-39c1-2617-c821-25b97fd708f9,219670000,ESVAGT CANTANA,55.7239,4.7984,0.0,1.111949,206.0,207.0,2023-12-23T08:59:14.000Z,2024-01-05T12:59:23.000Z,loitering,1
bf00e2ab3-3a88-f682-814b-2468714ea7c8,132000710,ZHE DAI YU 02132-70,33.4837,123.8983,128.562133,131.279484,126.0,129.0,2023-12-23T09:01:12.000Z,2024-01-01T01:40:07.000Z,loitering,1
49f42ef46-6212-7140-92a0-1c9296d82088,231903166,MFJY01979-26-76%,32.9538,124.5393,134.37175,133.614656,134.0,133.0,2023-12-23T09:01:22.000Z,2024-01-01T03:36:57.000Z,loitering,1
a9c9aaf37-79c2-ea39-e244-728865310b06,62850009,,33.4687,124.0464,114.23805499999999,123.553078,112.0,121.0,2023-12-23T09:02:14.000Z,2024-01-01T10:52:09.000Z,loitering,1
c7444837c-cffd-ee3e-b3c8-59d5cd41d0cc,519980154,LURONGYU51998-15493%,37.0441,123.2857,61.080637,56.345895,65.0,60.0,2023-12-23T09:02:24.000Z,2024-01-04T04:32:23.000Z,loitering,1
f6323a592-2498-4cfd-779c-208dc6036cf3,223402076,SANDEMARINE-46%,33.5299,124.058,112.160305,116.946273,110.0,115.0,2023-12-23T09:03:58.000Z,2024-01-05T16:05:38.000Z,loitering,1
c98135ac4-4839-31ff-04c2-c934dbbb7674,233100219,MFJY09255-29-50%,32.9694,124.5402,131.96095300000002,131.96095300000002,131.0,131.0,2023-12-23T09:04:32.000Z,2024-01-02T00:49:31.000Z,loitering,1
f4263cedb-b98f-06fb-e587-ae5b73c79ba4,233100487,MFJY09255-19-94%,32.9657,124.5262,132.74025,133.359047,132.0,133.0,2023-12-23T09:04:51.000Z,2024-01-02T01:03:41.000Z,loitering,1
9656189b5-5217-7289-bf05-66082c378139,90341117,SUQIYU03411-17_8.0V,33.4769,123.1079,172.625734,172.625734,194.0,194.0,2023-12-23T09:05:21.000Z,2024-01-01T13:46:40.000Z,loitering,1
6db383e4e-eec5-c3d5-28ca-89e92f50fadd,45526286,FUDINGYU08612-5  8V1,33.6081,123.9675,118.629391,118.260398,116.0,115.0,2023-12-23T09:06:28.000Z,2024-01-01T00:07:01.000Z,loitering,1
6ed337395-581f-c386-936d-e16fee797e1a,122790056,ZHELINYU12279-56-99%,31.1753,122.9045,7.692576,7.928851,39.0,42.0,2023-12-23T09:08:34.000Z,2024-01-16T14:14:49.000Z,loitering,1
23ecce4a9-93c5-f674-71e0-f11396380129,92070006,NET6-ZSY09207-55%,31.1864,122.8966,6.751802,8.309194,40.0,43.0,2023-12-23T09:08:47.000Z,2024-01-01T09:35:49.000Z,loitering,1
23fed4493-3cd8-afbc-577c-2513ef9f3fb1,233101336,MFJY09255-26-67%,32.9691,124.5286,132.347938,132.347938,132.0,132.0,2023-12-23T09:09:11.000Z,2024-01-02T00:27:13.000Z,loitering,1
a8cd68797-7a88-7106-37ad-7bab3e451d95,994008004,,-23.951,-31.3042,873.933375,899.142,439.0,423.0,2023-12-23T09:10:15.000Z,2024-01-01T21:36:25.000Z,loitering,1
e1da91e6a-abaf-805d-24b7-0169c6c25b06,519980173,LURONGYU51998-17396%,37.0568,123.283,59.32732,55.321402,63.0,59.0,2023-12-23T09:12:03.000Z,2024-01-04T04:41:29.000Z,loitering,1
92c8a86fd-d1eb-12f0-1a1d-53bb8c4f4ce2,150062255,ZPY62255-1582%,31.1574,122.8619,3.965004,3.965004,37.0,37.0,2023-12-23T09:13:24.000Z,2024-01-02T00:12:41.000Z,loitering,1
b55ef51f0-0f9e-cc42-5cfb-22c824775833,102604008,,33.6958,124.0472,107.891891,107.446094,105.0,104.0,2023-12-23T09:13:44.000Z,2024-01-02T00:08:36.000Z,loitering,1
9f021de4b-b9f7-1025-4ed1-7498209b99f9,82880026,NET-ZSY08288-26-71%,31.1608,122.8453,2.204005,3.063355,36.0,37.0,2023-12-23T09:15:31.000Z,2024-01-01T03:53:00.000Z,loitering,1
de1da9221-170d-1bb9-aa52-4e18e65d4054,82880003,NET-ZSY08288-03-99%,31.1612,122.8462,3.063355,3.063355,37.0,37.0,2023-12-23T09:15:57.000Z,2024-01-01T08:40:35.000Z,loitering,1
fb2201132-2528-c7d3-8437-cdb5ffed1c44,92070111,NET111-ZSY0920799%,31.1598,122.8935,6.752496,7.692576,38.0,39.0,2023-12-23T09:16:26.000Z,2024-01-01T22:24:27.000Z,loitering,1
3eb479211-1c94-9745-897a-0815e0fa51e3,238800112,SUQIYU02388-112-62%,33.4484,122.9337,156.910375,156.910375,188.0,188.0,2023-12-23T09:19:51.000Z,2024-01-08T22:09:50.000Z,loitering,1
fcfa2a93a-ab5f-2b30-cca8-389506a379f5,519980092,LURONGYU51998-92-99%,37.4189,123.3235,55.687977,56.348227,57.0,56.0,2023-12-23T09:23:34.000Z,2024-01-13T08:59:34.000Z,loitering,1
aff1270ac-c32b-ebce-9812-090b9241a89b,233101908,MINFUDINYU08616-4,33.4741,124.0373,114.377781,125.133773,112.0,123.0,2023-12-23T09:24:57.000Z,2024-01-01T10:56:39.000Z,loitering,1
0fbfdae91-17db-8a1d-57d3-58c7f65d61ae,233101453,MFJY08615-13-70%,32.9629,124.5379,132.974953,133.359047,132.0,133.0,2023-12-23T09:25:01.000Z,2024-01-01T03:29:57.000Z,loitering,1
070cc8262-2cb2-805e-5b95-1a4ecb60a0b6,122790039,ZHELINYU12279-39-78%,31.1486,122.9073,7.612992,8.564615,38.0,38.0,2023-12-23T09:26:10.000Z,2024-01-01T21:47:00.000Z,loitering,1
8f97220bf-f3a3-327c-91a2-70d05f240af8,82880059,NET-ZSY08288-59-99%,31.1691,122.8477,2.85427,2.85427,38.0,38.0,2023-12-23T09:26:20.000Z,2024-01-01T20:49:47.000Z,loitering,1
de4c1acdb-b1c3-767a-b575-7fb0509e02f2,788696543,,31.1854,122.897,6.751802,8.309194,40.0,43.0,2023-12-23T09:26:31.000Z,2024-01-01T08:15:57.000Z,loitering,1
5b4371221-101d-dc90-bae0-7c040699451a,55280059,NET-ZSY05528-59-99%,31.2408,122.7389,3.616939,3.616939,42.0,42.0,2023-12-23T09:31:41.000Z,2024-01-01T05:04:51.000Z,loitering,1
4b2066f0f-f53c-4104-a9e6-dcb9cb506598,55280054,NET-ZSY05528-54-99%,31.2359,122.7393,3.616939,2.9262129999999997,42.0,41.0,2023-12-23T09:31:50.000Z,2024-01-01T06:29:12.000Z,loitering,1
a2e670abf-fa4d-8e2c-df21-f309d0a154db,92070115,NET115-ZSY0920799%,31.1718,122.8935,6.659962,7.611385,39.0,40.0,2023-12-23T09:33:50.000Z,2024-01-02T10:55:11.000Z,loitering,1
941cb57e5-5a32-b880-ff92-bccf3d470391,14290048,ZHESHENG01429-48-79%,31.2166,122.9499,13.557646,13.557646,47.0,47.0,2023-12-23T09:35:20.000Z,2024-01-09T08:36:38.000Z,loitering,1
2cb73d8a7-715a-6614-6d3f-92ccab62203f,994171542,IMULA 0772CHW NET 5,-10.4864,76.0384,549.91,520.4503119999999,537.0,506.0,2023-12-23T09:35:52.000Z,2024-01-01T10:31:43.000Z,loitering,1
9b90380aa-a5b5-cb6f-be37-3f4f7d8e0db4,66552218,,31.1639,122.8626,3.965004,4.885587999999999,37.0,37.0,2023-12-23T09:35:59.000Z,2024-01-01T23:12:35.000Z,loitering,1
64f4c8288-8e4a-debb-df9c-29cce68618dc,96039257,QIONGCYU20999-1153%,33.393,124.0317,125.44242200000001,124.037609,124.0,122.0,2023-12-23T09:43:40.000Z,2024-01-02T08:32:46.000Z,loitering,1
900cd5519-922f-d4b5-0faa-ad7858380cf7,34067301,SUQIYU03406-01_8.3V,33.502,123.0847,171.67918799999998,172.146891,195.0,195.0,2023-12-23T09:43:51.000Z,2024-01-01T07:13:23.000Z,loitering,1
3beafe9f8-84b6-b583-de29-fad5e2ddd8b1,901429113,NET-ZSY01429-113-99%,31.0211,122.99,14.040237999999999,15.216978999999998,46.0,22.0,2023-12-23T09:47:23.000Z,2024-01-07T20:36:55.000Z,loitering,1
b85e3aa3c-cbc8-6217-6efa-862dfe1ae05f,31080072,SUQIYU03108-72-74%,33.3637,124.0224,127.436836,127.509359,126.0,126.0,2023-12-23T09:48:31.000Z,2024-01-01T01:37:15.000Z,loitering,1
41d18ef56-6af4-efbe-8d5e-330f9cc4868e,96001068,LU 106-0899%,33.6057,123.966,124.558977,113.705625,122.0,110.0,2023-12-23T09:52:05.000Z,2024-01-08T07:49:36.000Z,loitering,1
a8eed7e9a-ada1-cd33-e436-ce2d43a2b0e6,14190132,NET-ZSY01419-132-99%,31.172,122.9338,10.467863,10.982854,39.0,44.0,2023-12-23T09:52:13.000Z,2024-01-08T05:22:17.000Z,loitering,1
b69e1bb37-75fa-3447-d5c1-12d3f7f21781,100391605,03916-5-83%,33.5641,123.9746,121.267156,117.907781,119.0,115.0,2023-12-23T09:52:31.000Z,2024-01-01T00:12:37.000Z,loitering,1
951db2127-7a11-c626-5d1a-fe26241b1bd6,259211220,ZHESHENGYU05259-20,33.5121,123.8618,124.546273,139.14025,122.0,137.0,2023-12-23T09:52:59.000Z,2024-01-01T01:52:55.000Z,loitering,1
58c6874ba-a0e7-aca3-9f55-842c710200ba,215990041,ZHELINYU21599-4199%,31.2438,122.7534,4.389222,4.389222,42.0,42.0,2023-12-23T09:54:28.000Z,2024-01-09T02:54:41.000Z,loitering,1
772228719-9c85-34cd-e533-d21b6c5f49f6,801245045,SHENG01453-45,31.2241,122.8679,7.316350000000001,7.316350000000001,43.0,43.0,2023-12-23T09:55:25.000Z,2024-01-07T06:03:01.000Z,loitering,1
c0c0b3d7f-fe20-b746-f393-e1ab36b5ee09,92070107,NET107-ZSY0920799%,31.1868,122.8926,6.659962,8.00745,39.0,43.0,2023-12-23T09:56:15.000Z,2024-01-01T05:26:15.000Z,loitering,1
ce0bd704b-b7b8-c57d-c4c4-4d387a36b647,710033210,CBO TERRA BRASILIS,-22.3782,-40.0261,0.0,0.0,109.0,107.0,2023-12-23T09:58:20.000Z,2024-01-02T13:59:10.000Z,loitering,1
c946f29f3-38ad-7612-3782-46742a9e66f8,14190125,NET-ZSY01419-125-99%,31.1819,122.9333,10.467863,11.848327,39.0,46.0,2023-12-23T10:00:18.000Z,2024-01-08T04:07:28.000Z,loitering,1
cf8e3cfee-eb55-8205-0048-62cef2e60d71,14190169,NET169-ZSY0141999%,31.1849,122.9332,10.467863,11.848327,39.0,46.0,2023-12-23T10:03:46.000Z,2024-01-01T13:27:40.000Z,loitering,1
e9261a18f-fae4-0ebd-c7d9-e21d9c636dc4,82880069,NET-ZSY08288-69-99%,31.1798,122.8459,2.2038320000000002,3.063074,38.0,39.0,2023-12-23T10:04:18.000Z,2024-01-01T19:25:00.000Z,loitering,1
3e671b46a-a0c8-b2f7-e2bb-6f79704ab955,48050081,,32.9145,124.2007,152.401203,153.322016,152.0,153.0,2023-12-23T10:04:33.000Z,2024-01-01T02:37:28.000Z,loitering,1
4f9794d68-84d5-986b-fe72-7c5ff924c0c3,55280051,NET-ZSY05528-51-99%,31.2278,122.7406,3.616939,2.2031370000000003,42.0,40.0,2023-12-23T10:12:44.000Z,2024-01-01T08:04:46.000Z,loitering,1
f67877474-4b96-34af-dd7d-0757ba64dc48,82880077,NET-ZSY08288-77-88%,31.1813,122.8454,2.2038320000000002,3.063074,38.0,39.0,2023-12-23T10:15:18.000Z,2024-01-01T19:33:54.000Z,loitering,1
d1280e455-5bcb-8a74-5263-1268455d365f,905822111,NET-ZSY05822-111-99%,31.1729,122.8967,6.659962,7.691781,39.0,41.0,2023-12-23T10:15:20.000Z,2024-01-01T09:14:25.000Z,loitering,1
a34e89c0e-efcf-4240-2738-cae0407e748e,82880011,NET-ZSY08288-11-99%,31.1757,122.8472,3.063074,3.063074,39.0,39.0,2023-12-23T10:19:26.000Z,2024-01-01T20:10:49.000Z,loitering,1
1c7be431f-f48b-d4bc-770a-f523a08b1646,82880021,NET-ZSY08288-21-99%,31.1829,122.8472,3.063074,3.063074,39.0,39.0,2023-12-23T10:22:25.000Z,2024-01-01T13:45:05.000Z,loitering,1
7820b9a13-313a-6d25-4fba-da4ad832b556,31080075,SUQIYU03108-75-75%,33.3828,124.0168,127.509359,126.193641,126.0,124.0,2023-12-23T10:28:39.000Z,2024-01-02T00:27:51.000Z,loitering,1
9b4241bad-d8d1-8c42-0a98-606c18103b52,413381030,DONGLEIFENJIN,31.1249,122.303,6.662772,6.663475,41.0,40.0,2023-12-23T10:42:20.000Z,2024-01-06T07:59:14.000Z,loitering,1
44e323c15-570d-3b9b-563c-72845edf8743,62593106,,33.1162,124.1599,136.993141,136.993141,136.0,136.0,2023-12-23T10:44:35.000Z,2024-01-01T15:52:15.000Z,loitering,1
88b63410f-fd73-3140-b9b9-0b308fab7b6d,368197760,MIAMI,28.7233,-91.8717,17.602460999999998,16.145854,83.0,81.0,2023-12-23T10:48:58.000Z,2024-01-10T21:23:48.000Z,loitering,1
654e3da77-7539-759f-0804-cd72b719123e,12207007,,32.1071,124.2737,171.715891,175.253422,204.0,203.0,2023-12-23T10:53:43.000Z,2024-01-01T02:34:16.000Z,loitering,1
49e198adb-bdbf-6224-5de1-d452a626fe90,82880002,NET-ZSY08288-02-89%,31.1929,122.8495,3.6181289999999997,3.6181289999999997,40.0,40.0,2023-12-23T10:55:00.000Z,2024-01-01T11:46:48.000Z,loitering,1
24bcf5e3a-a8eb-2bba-d264-3df3f2c9df91,352767000,HORNET,29.2328,49.4607,10.988013,10.988013,80.0,80.0,2023-12-23T10:56:38.000Z,2024-01-16T06:59:03.000Z,loitering,1
b1f784583-3b65-2e19-b156-e19f3d6856e4,82880043,NET-ZSY08288-43-99%,31.188,122.8495,3.6181289999999997,3.6181289999999997,40.0,40.0,2023-12-23T10:57:50.000Z,2024-01-01T12:43:43.000Z,loitering,1
dfdb1887e-e211-4a0b-3c52-215344fb7611,710789993,REOBOTE - BOIA 5,-16.8349,-38.4863,230.886375,240.880141,71.0,64.0,2023-12-23T10:59:13.000Z,2024-01-05T13:28:40.000Z,loitering,1
f3b4b729a-a8c4-46d3-0b84-d95a74cea4d7,82880040,NET-ZSY08288-40-99%,31.1984,122.8498,4.3900060000000005,4.3900060000000005,41.0,41.0,2023-12-23T11:12:27.000Z,2024-01-01T10:59:00.000Z,loitering,1
818c1dccd-dbb7-a314-2127-74743264da45,96066782,ZHEFUYU06678-0299%,33.4273,124.0851,116.824406,120.587633,115.0,119.0,2023-12-23T11:27:39.000Z,2024-01-01T00:58:31.000Z,loitering,1
6150372d5-5f10-cb6f-8169-87dd205b7d2a,168805966,BUOY-30  100%,10.082,-30.5915,902.197188,801.322188,874.0,774.0,2023-12-23T11:30:48.000Z,2024-01-02T17:09:59.000Z,loitering,1
9d4f9fb65-5691-cc73-6266-bf3c5d2dc3df,82880056,NET-ZSY08288-56-92%,31.2113,122.8494,5.284535,5.284535,42.0,42.0,2023-12-23T11:31:48.000Z,2024-01-01T08:19:38.000Z,loitering,1
5d754c0fd-d912-a888-a9d4-a037cee08ce2,710784559,REOBOTE - BOIA 7,-16.9668,-38.4387,241.888016,253.157078,73.0,75.0,2023-12-23T11:33:46.000Z,2024-01-05T17:42:15.000Z,loitering,1
ed799eebe-ef30-3ecc-1629-f8d38f6917c8,82880038,NET-ZSY08288-38-99%,31.2052,122.8499,5.284535,5.284535,42.0,42.0,2023-12-23T11:35:11.000Z,2024-01-01T09:28:50.000Z,loitering,1
9a95a671e-e32d-598e-44df-38cdd5edc75c,102386039,ZHEDAIYU 02386-398V0,33.6145,124.0502,111.109211,109.78667999999999,108.0,107.0,2023-12-23T11:36:51.000Z,2024-01-02T09:42:31.000Z,loitering,1
517c82d6c-c80f-fd1f-03a0-8bdbe4641534,118888001,118888-1_8.1V,33.6264,123.9411,120.266414,119.014602,117.0,116.0,2023-12-23T11:44:45.000Z,2024-01-01T11:03:23.000Z,loitering,1
a03b8af68-8e82-17a0-6354-a9a6a64542e8,168805952,BUOY-16  100%,10.0835,-30.649,907.4370620000001,805.417875,879.0,778.0,2023-12-23T11:47:40.000Z,2024-01-02T12:12:29.000Z,loitering,1
c20c0f187-7f51-25f6-7d4d-579c5cbda764,577760015,LURONGYU57776-15 7V9,33.6331,123.9431,120.266414,117.71807799999999,117.0,115.0,2023-12-23T11:48:00.000Z,2024-01-01T11:11:06.000Z,loitering,1
2bc08b245-534a-3742-4b43-d12744beb15b,26207901,,33.6315,123.9405,120.266414,118.56641400000001,117.0,116.0,2023-12-23T11:49:29.000Z,2024-01-01T10:58:23.000Z,loitering,1
7d47c154f-f17b-da49-515d-8767b8e36e9a,96131969,LULANYU61319-6999%,33.6138,124.0099,113.60366400000001,114.800594,111.0,112.0,2023-12-23T11:52:02.000Z,2024-01-01T00:10:17.000Z,loitering,1
83de7d76a-a33f-7222-32ee-c2da4fb407e1,168805948,BUOY-12  100%,10.0705,-30.3572,883.8156879999999,782.959375,856.0,756.0,2023-12-23T11:55:05.000Z,2024-01-02T19:16:46.000Z,loitering,1
a3de28831-19a0-83f2-ea9b-39e4879d844c,413021000,HYSY111,20.8501,114.6981,133.736875,133.736875,132.0,132.0,2023-12-23T11:57:21.000Z,2024-01-21T03:50:14.000Z,loitering,1
28e874c6e-eb06-6213-1106-4886cc2b3cb1,53270011,NET-ZSY05327-A11-99%,31.2002,122.7321,0.0,0.0,37.0,37.0,2023-12-23T11:57:25.000Z,2024-01-01T03:58:55.000Z,loitering,1
6deddadf4-41e8-bdae-2045-f804db047d6c,168805965,BUOY-29  100%,10.0767,-30.4721,893.313875,791.705875,865.0,764.0,2023-12-23T11:57:39.000Z,2024-01-02T19:28:53.000Z,loitering,1
138fa42c0-0c08-1031-5658-b909e557a5f0,538001648,DURABLE,-24.9273,-45.7795,14.210353999999999,58.064402,6.0,196.0,2023-12-23T11:59:05.000Z,2024-01-14T21:58:21.000Z,loitering,1
a94c5f806-600c-2a89-2eb4-7efd18ee8bd4,168805960,BUOY-24  100%,10.0783,-30.5331,897.843375,796.501938,870.0,769.0,2023-12-23T11:59:56.000Z,2024-01-02T17:48:08.000Z,loitering,1
59800bba1-1749-e4fa-ece0-d997e690b0e8,10679343,,33.8048,123.9664,110.926375,110.86991400000001,107.0,107.0,2023-12-23T12:00:44.000Z,2024-01-09T03:24:35.000Z,loitering,1
3d0f3c887-720f-11b4-fc79-009f5736e960,329906,,32.1822,125.6104,129.243164,128.257281,126.0,125.0,2023-12-23T12:07:36.000Z,2024-01-01T08:09:10.000Z,loitering,1
91670c98d-d930-2676-dfee-10ffb7d37118,232000323,MINFUDINYU09983-07,33.5605,124.0093,117.203164,116.744867,115.0,114.0,2023-12-23T12:18:19.000Z,2024-01-01T01:08:56.000Z,loitering,1
f129158a1-1e61-3ee8-a55a-968c846d62db,43257802,BUOY 257-802     8V0,33.6057,123.9839,117.424086,116.94896899999999,115.0,114.0,2023-12-23T12:44:26.000Z,2024-01-01T00:07:25.000Z,loitering,1
c0508119c-c0d3-b920-2af1-f86cfc1996f1,236897619,TIELONG68976-19-33%,22.419,115.8463,43.017172,33.610617,39.0,35.0,2023-12-23T12:47:05.000Z,2024-01-02T11:29:34.000Z,loitering,1
ede57e89b-b433-c29f-095e-581ed0186d68,55280056,NET-ZSY05528-56-99%,31.1944,122.7416,0.0,2.2031370000000003,34.0,40.0,2023-12-23T12:51:16.000Z,2024-01-01T08:07:02.000Z,loitering,1
43a24e1bb-ba17-b180-5389-51126304015a,96226455,ZHEDAIYU02264-55B51%,33.5207,123.9596,122.333844,123.95674199999999,120.0,121.0,2023-12-23T12:51:33.000Z,2024-01-01T01:29:02.000Z,loitering,1
970d59cdc-c9c8-5a02-4fe2-b3f574d197e6,538009408,FLAGSHIP,52.1259,2.8495,7.59126,4.7792330000000005,72.0,73.0,2023-12-23T12:59:34.000Z,2024-01-11T17:59:58.000Z,loitering,1
aa3f3947d-dd74-8f11-5007-a1ffbdeb6e16,96052206,MINYU64352-56-49%,33.3473,124.1406,118.898656,122.720406,117.0,122.0,2023-12-23T13:09:13.000Z,2024-01-17T04:04:32.000Z,loitering,1
c3e191ee5-5dec-b121-2ee2-49af40c84c15,994163442,994163442         9V,-8.8124,139.2755,122.89518,127.728734,61.0,63.0,2023-12-23T13:11:06.000Z,2024-01-04T00:03:57.000Z,loitering,1
a812202ce-e6ea-6d91-3c53-daaada3dbdd7,96064621,ZHEYU07210-5-87%,31.8475,125.8857,154.945031,155.15192199999998,151.0,151.0,2023-12-23T13:12:27.000Z,2024-01-02T06:05:33.000Z,loitering,1
49fc406ea-aa42-8676-6386-6c4705e3a57e,26010052,ZHEDAIYU02601-52-68%,33.579,124.0094,111.93925,119.92617999999999,109.0,117.0,2023-12-23T13:14:31.000Z,2024-01-05T23:11:38.000Z,loitering,1
63bc39df1-1056-4110-24f0-1b615af00527,96052229,ZHEYU07210-64-92%,31.815,125.8842,158.40634400000002,159.491891,154.0,155.0,2023-12-23T13:14:57.000Z,2024-01-02T05:50:43.000Z,loitering,1
da2bf946a-a7d2-2d45-e0d0-2b3ae8f8a560,55690045,,34.7312,121.1937,95.884789,75.24817999999999,115.0,83.0,2023-12-23T13:20:40.000Z,2024-01-04T11:15:22.000Z,loitering,1
29453e6ad-dc72-2cf5-d829-4f25f10bb9e7,168805487,SD8008  100%,14.1756,-31.6278,758.647125,775.744375,731.0,747.0,2023-12-23T13:26:56.000Z,2024-01-05T11:49:56.000Z,loitering,1
57942230e-e29c-3386-adcb-f2b0b451cb75,55690046,,34.6894,121.265,96.718938,74.343602,116.0,87.0,2023-12-23T13:33:35.000Z,2024-01-03T12:38:23.000Z,loitering,1
fc5348049-910b-25a7-d24b-58ebab9d09aa,901429122,NET-ZSY01429-122-93%,31.2061,122.9523,13.141463,12.808561,46.0,45.0,2023-12-23T13:33:39.000Z,2024-01-18T02:19:51.000Z,loitering,1
3c1cd77cb-b384-cb1d-1071-09b14cc9eff4,922088875,ZHEDANYU20888-75-78%,33.3127,124.0946,124.460938,127.342773,123.0,126.0,2023-12-23T13:36:32.000Z,2024-01-01T00:57:36.000Z,loitering,1
4e8d95ba6-6424-2bcd-722e-bacf49ebb9de,412158807,TIELONG15888-07-81%,22.3427,116.332,61.040116999999995,65.805414,56.0,62.0,2023-12-23T13:43:15.000Z,2024-01-04T06:46:52.000Z,loitering,1
77ea4c80e-e42b-be32-a48e-c8d781afb343,96062992,YUELIANYU15011-8299%,31.2657,126.1011,216.11954699999998,217.28851600000002,212.0,213.0,2023-12-23T13:45:02.000Z,2024-01-01T12:42:38.000Z,loitering,1
9bdb971e5-5271-0700-c2af-1df1155fc581,82880024,NET-ZSY08288-24-99%,31.1926,122.8543,5.284535,3.805692,42.0,38.0,2023-12-23T14:02:08.000Z,2024-01-08T05:48:48.000Z,loitering,1
82123cd7a-a43b-c5af-767b-92c32c5c3af4,123023860,AIS BUOY MANGBULU99%,-5.2324,135.7255,111.552148,105.47175,79.0,80.0,2023-12-23T14:12:28.000Z,2024-01-02T00:59:02.000Z,loitering,1
41695b9ef-f0aa-b807-9961-c30c41cea7c5,980449826,SUQIYU04498-26_7.6V,32.5211,123.1886,130.505875,130.505875,145.0,145.0,2023-12-23T14:21:22.000Z,2024-01-07T21:22:57.000Z,loitering,1
c7086e169-9a20-126f-065b-3709aad99d93,14190172,NET172-ZSY0141999%,31.1261,122.9328,10.470071,10.470071,38.0,38.0,2023-12-23T14:25:22.000Z,2024-01-01T15:35:30.000Z,loitering,1
0bbc9143b-b124-b086-741b-998ba0b9b36a,901429111,NET-ZSY01429-111-74%,31.2289,122.9594,14.893604,14.893604,48.0,48.0,2023-12-23T14:32:15.000Z,2024-01-09T09:59:44.000Z,loitering,1
7841ab023-3bdd-084e-e948-e91af04b95bf,901429130,NET-ZSY01429-130-99%,31.2627,122.887,12.417731999999999,15.221396,43.0,54.0,2023-12-23T14:38:25.000Z,2024-01-09T00:54:07.000Z,loitering,1
859ac2225-52bb-514b-22ca-3f22b4ccde10,101951098,HAIMENYU01951-98-99%,32.4664,123.5145,149.844891,148.99178099999997,170.0,170.0,2023-12-23T14:38:44.000Z,2024-01-01T11:32:56.000Z,loitering,1
0996a7b05-5360-66c6-545e-eabe305520ed,19720003,HAIMENYU01972-3  8V1,32.4603,123.3165,138.214438,137.688484,153.0,152.0,2023-12-23T14:40:16.000Z,2024-01-02T05:27:28.000Z,loitering,1
7c6ee25c3-3286-9959-6260-69ee7520630a,34850006,SUQIYU03485-06_8.1V,32.4468,123.3558,139.458656,138.91175,156.0,155.0,2023-12-23T14:40:28.000Z,2024-01-01T07:20:58.000Z,loitering,1
fbbffcb1c-cf4c-537a-9b46-5ee701fbeb04,96064176,MINYU09855-42-99%,33.1233,124.345,125.623164,127.221508,125.0,126.0,2023-12-23T14:42:17.000Z,2024-01-08T02:12:53.000Z,loitering,1
eee1333f8-86ce-b8d9-b3d6-a43884f27583,220348570,SURUYU03485-70-91%,32.4601,123.3575,140.361891,140.361891,157.0,157.0,2023-12-23T14:43:37.000Z,2024-01-01T11:34:41.000Z,loitering,1
a65cb7e9a-a3f0-07e2-c9df-a5577e7f38b1,19917301,SUHAIMENYU01991-A1,32.4505,123.5336,149.363078,149.363078,171.0,171.0,2023-12-23T14:53:24.000Z,2024-01-01T06:24:36.000Z,loitering,1
c35ef7c2d-d5d8-009d-944f-39c1d6c244ff,901429128,NET-ZSY01429-128-99%,31.0695,123.074,15.423173,18.196602,49.0,40.0,2023-12-23T14:54:18.000Z,2024-01-03T23:54:19.000Z,loitering,1
f3de155e4-4314-d637-0329-b77907d7a750,34850004,SUQIYU03485-04_8.3V,32.4508,123.3524,138.91175,138.91175,155.0,155.0,2023-12-23T14:54:39.000Z,2024-01-01T12:21:02.000Z,loitering,1
2f3237ac3-38cb-e683-5f42-44abd99e8027,77850047,NET-ZSY07785-47-99%,31.1492,122.9274,11.419486999999998,9.516238999999999,40.0,39.0,2023-12-23T14:56:02.000Z,2024-01-12T05:38:13.000Z,loitering,1
38eadf956-6571-77be-26f0-7219279de6d0,91580001,FUDINGYU09158-01-99%,33.4959,124.0772,112.37476600000001,117.06607000000001,110.0,115.0,2023-12-23T14:57:39.000Z,2024-01-02T09:37:28.000Z,loitering,1
8e1e9b203-397e-25f1-0e2c-d85dd16caf06,68280024,ZHEDAIYU06828-24-99%,30.1802,123.1898,24.033057,24.133303,38.0,37.0,2023-12-23T14:58:39.000Z,2024-01-01T01:42:15.000Z,loitering,1
d071f5b90-02e6-0590-44f5-c40ebcb8a61d,487952023,KUS KMJ 20,-13.8816,108.9439,523.755188,522.8737189999999,512.0,512.0,2023-12-23T14:58:47.000Z,2024-01-01T12:59:21.000Z,loitering,1
0b7597e4d-de01-dcfd-f77f-6bcde0abaee7,907785059,NET-ZSY07785-59-99%,31.177,122.9351,10.52401,11.470498,42.0,43.0,2023-12-23T14:58:56.000Z,2024-01-01T09:13:24.000Z,loitering,1
caf44f785-5386-46af-ed92-d728376023db,77850046,NET-ZSY07785-46-99%,31.1503,122.9406,11.419486999999998,11.419486999999998,40.0,40.0,2023-12-23T14:59:01.000Z,2024-01-03T17:37:04.000Z,loitering,1
09cc58bd5-52c6-872b-fb8c-1814126261f6,34850005,SUQIYU03485-05_8.1V,32.4432,123.3553,137.661344,139.818578,155.0,156.0,2023-12-23T14:59:08.000Z,2024-01-01T11:27:47.000Z,loitering,1
e9d05dbf8-893b-0f6e-135e-0ee9bdd06ba7,77850041,NET-ZSY07785-41-99%,31.1407,122.9389,11.471698,11.421896,41.0,38.0,2023-12-23T15:00:12.000Z,2024-01-17T22:20:18.000Z,loitering,1
c452e3142-2b4c-1ee9-9e94-f6177cb3ed57,10670606,,31.1635,122.9686,14.31535,14.31535,43.0,43.0,2023-12-23T15:00:16.000Z,2024-01-08T18:36:41.000Z,loitering,1
9d2608de5-5156-b1ed-f39e-cb327f14f827,907785055,NET-ZSY07785-55-99%,31.1719,122.9418,11.417076999999999,11.417076999999999,42.0,42.0,2023-12-23T15:01:41.000Z,2024-01-11T05:08:13.000Z,loitering,1
f51cd0a2a-a7c8-d7eb-4e95-e55d0504869a,82880050,NET-ZSY08288-50-99%,31.2161,122.8493,5.284535,6.249267,42.0,43.0,2023-12-23T15:03:15.000Z,2024-01-01T07:38:45.000Z,loitering,1
752c35c01-17f8-f589-6f1c-b53229cc7235,92820066,NET-ZSY09282-66-99%,31.2373,122.9501,14.04971,14.609988999999999,48.0,49.0,2023-12-23T15:05:05.000Z,2024-01-03T04:40:02.000Z,loitering,1
0c613d76b-b15f-0286-f0d9-5e62e70b3f1c,101991098,HAIMENYU01991-98 8V1,32.4592,123.5333,150.20571900000002,150.20571900000002,172.0,172.0,2023-12-23T15:07:14.000Z,2024-01-01T04:33:06.000Z,loitering,1
713498aa1-17f4-bf42-aab7-b72ab24f289b,26010058,ZHEDAIYU02601-58-98%,33.5877,124.0327,113.76380499999999,113.76380499999999,111.0,111.0,2023-12-23T15:08:38.000Z,2024-01-01T00:24:55.000Z,loitering,1
03f32c7b7-7e39-a454-500e-8ee0b1b98741,32690009,SUQIYU03269-09-68%,32.3583,123.2993,128.05329700000001,128.05329700000001,147.0,147.0,2023-12-23T15:12:31.000Z,2024-01-08T16:07:16.000Z,loitering,1
b237ab68b-b877-739f-eb45-e490b225bddc,412269035,SUQIYU03269AI35  7V0,32.3533,123.2971,127.15948399999999,126.601016,147.0,146.0,2023-12-23T15:14:06.000Z,2024-01-08T15:49:01.000Z,loitering,1
049517110-0bee-0121-ebc6-3a9ba9d4f376,122790018,ZHELINYU12279-18-99%,31.1507,122.9077,8.562808,8.565520000000001,40.0,37.0,2023-12-23T15:16:05.000Z,2024-01-16T06:20:03.000Z,loitering,1
903a95cb9-961b-d381-5b02-054fce127487,82880071,NET-ZSY08288-71-99%,31.2162,122.8514,5.284535,6.249267,42.0,43.0,2023-12-23T15:16:37.000Z,2024-01-01T07:43:07.000Z,loitering,1
56c8beb53-32c7-9ce7-74a0-e1d81297611f,14690128,NET-ZSY01469-128-99%,31.1908,122.8589,13.022122,0.0,48.0,32.0,2023-12-23T15:17:21.000Z,2024-01-18T13:27:34.000Z,loitering,1
0d110d1fc-c8d4-75fc-40b2-a5d4053329eb,32690010,SUQIYU03269-10-74%,32.3613,123.311,128.950516,128.289977,148.0,149.0,2023-12-23T15:17:37.000Z,2024-01-10T08:18:43.000Z,loitering,1
2c9cdad64-4150-74bb-cabf-66d8c124456d,804422014,SUQIYU04422*014_7.6V,32.3699,123.1903,122.216852,124.100461,138.0,139.0,2023-12-23T15:19:19.000Z,2024-01-07T22:09:42.000Z,loitering,1
f8a292c60-006a-1216-7276-98433ce4b9e7,195100008,HAIMENYU01951K8-90%,32.4664,123.5097,149.844891,149.844891,170.0,170.0,2023-12-23T15:24:19.000Z,2024-01-01T09:39:53.000Z,loitering,1
7c7a7d0dd-d50e-b3f0-faf0-59cae947e086,412269053,SUQIYU03269AI53  7V5,32.3728,123.2989,128.950516,128.950516,148.0,148.0,2023-12-23T15:24:21.000Z,2024-01-08T20:03:03.000Z,loitering,1
6f7b36f42-25d6-c108-2e59-3c5cd8b357ca,92070061,NET61-ZSY09207   99%,31.1787,122.9036,7.691781,7.691781,41.0,41.0,2023-12-23T15:28:18.000Z,2024-01-01T08:55:56.000Z,loitering,1
41951f030-08d7-982b-6b52-77f800af4772,804422006,SUQIYU04422*006_7.5V,32.3543,123.1924,121.279359,122.216852,137.0,138.0,2023-12-23T15:29:45.000Z,2024-01-01T12:10:00.000Z,loitering,1
5b153a9c5-5ae1-4764-9978-3b310412bcf0,450800005,45080-5-57%,32.4517,123.5862,153.928953,153.107203,177.0,176.0,2023-12-23T15:32:54.000Z,2024-01-01T10:54:10.000Z,loitering,1
c86263c0a-aa92-6a81-cb6a-946726c70b6c,41318924,SUQIYU0318924,32.3624,123.6156,147.12475,149.45117199999999,175.0,176.0,2023-12-23T15:33:53.000Z,2024-01-02T07:19:08.000Z,loitering,1
592e098a7-7272-fdf4-3281-e72b4fdd59db,14690165,NET165-ZSY0146917%,31.1899,122.8624,13.03971,0.0,48.0,33.0,2023-12-23T15:33:56.000Z,2024-01-11T16:03:08.000Z,loitering,1
4919fa5da-ad36-9a27-78df-10c90efc2b27,804422002,SUQIYU04422*002_7.9V,32.351,123.1925,121.279359,122.216852,137.0,138.0,2023-12-23T15:34:51.000Z,2024-01-01T12:09:29.000Z,loitering,1
2931c2d47-7194-70a5-f4b4-f552ce713817,132550028,NET28-ZSY13255-82%,31.2561,122.9346,14.476764,15.178162,50.0,50.0,2023-12-23T15:36:42.000Z,2024-01-01T11:30:43.000Z,loitering,1
666dc1eec-cc93-afbf-db93-d63aae8f590e,122790021,,31.1762,122.9083,8.562808,8.634255999999999,40.0,41.0,2023-12-23T15:38:09.000Z,2024-01-16T10:58:30.000Z,loitering,1
677ab9fde-e7e4-e6a7-f489-35bae4a53021,412326952,SUQIYU03269-52-56%,32.379,123.298,129.851062,129.851062,148.0,148.0,2023-12-23T15:39:19.000Z,2024-01-08T20:14:02.000Z,loitering,1
60f48c338-8409-77e1-d03a-d4d347c4e1cf,99366659,SUQIYU03666---59 7V3,32.3802,123.6488,149.933703,153.018406,178.0,180.0,2023-12-23T15:39:52.000Z,2024-01-02T08:24:15.000Z,loitering,1
fcdb4b5d7-7353-1e16-787e-26171ddc359d,412326969,SUQIYU03269-69-64%,32.2989,123.2979,123.619602,121.871961,146.0,145.0,2023-12-23T15:42:27.000Z,2024-01-08T00:13:43.000Z,loitering,1
d6fe8bf4d-d5a2-f833-d53b-47fbe04ea1b1,622888851,SUDONGTAIYU08888*51,32.3362,123.2976,125.382312,126.269125,146.0,147.0,2023-12-23T15:44:36.000Z,2024-01-08T00:39:33.000Z,loitering,1
188c48de0-0824-468a-0170-1afc5c6bf17f,92070021,NET21-ZSY0920799%,31.1994,122.9017,7.928851,8.814283999999999,42.0,44.0,2023-12-23T15:44:42.000Z,2024-01-01T06:59:08.000Z,loitering,1
d0f2fec4f-f6d8-818f-1d2c-f0333d2a7e36,122790043,ZHELINYU12279-43-94%,31.1784,122.9087,8.562808,8.846011,40.0,42.0,2023-12-23T15:45:39.000Z,2024-01-01T07:15:31.000Z,loitering,1
9c7ea48d1-17b3-ff7e-5c05-059421bfde89,122790008,ZHELINYU12279-8-72%,31.1759,122.9097,8.562808,8.634255999999999,40.0,41.0,2023-12-23T15:47:31.000Z,2024-01-01T07:48:23.000Z,loitering,1
2d26c4694-47c9-8bff-3a2f-2b05ceaaf5a7,525200512,MITRA JAYA V,-14.5331,106.5726,472.645625,461.507875,456.0,445.0,2023-12-23T15:47:43.000Z,2024-01-02T08:15:02.000Z,loitering,1
5a058cd00-040f-bd73-f0e8-024095c895e3,413236710,BOHAI7HAO,38.416,120.0968,4.238090000000001,2.388537,57.0,54.0,2023-12-23T15:48:07.000Z,2024-07-11T07:45:01.000Z,loitering,1
ca13d1e31-1da1-0b7c-2811-75ada31cc685,3269106,SUQIYU03269-106_8.4V,32.3422,123.299,126.269125,126.269125,147.0,147.0,2023-12-23T15:49:44.000Z,2024-01-01T11:40:31.000Z,loitering,1
e33d82769-9ef3-b8c5-ba26-ed8de2c89043,200009207,ZSY09207-280%,31.1969,122.9027,7.928851,8.309194,42.0,43.0,2023-12-23T15:50:17.000Z,2024-01-01T07:35:17.000Z,loitering,1
b444aa315-5d22-cddf-f308-ea05ee917a5e,42012848,BUOY 012-848     90%,32.3603,123.2966,128.05329700000001,127.498812,147.0,147.0,2023-12-23T15:52:01.000Z,2024-01-07T22:03:26.000Z,loitering,1
beaec460d-da5e-134d-5ca8-4149de403a0d,44220007,SUQIYU04422-07   8V1,32.2645,123.1917,113.892523,112.98445299999999,134.0,134.0,2023-12-23T15:53:18.000Z,2024-01-01T12:58:50.000Z,loitering,1
4615764bc-c99d-c206-e298-2e0a80241789,82880075,NET-ZSY08288-75-99%,31.2033,122.8527,4.3900060000000005,4.3900060000000005,41.0,41.0,2023-12-23T15:53:37.000Z,2024-01-01T09:42:25.000Z,loitering,1
046c4f27d-d1ea-9790-f17b-7a8c612a1f63,538010098,CREST ARGUS 3,29.4109,48.8464,8.995374,10.65799,44.0,43.0,2023-12-23T15:55:04.000Z,2024-01-01T16:53:02.000Z,loitering,1
c1de07cf0-0168-c6a3-511d-caabd029ca57,44220001,SUQIYU04422-01   7V1,32.2627,123.1918,112.98445299999999,112.98445299999999,134.0,134.0,2023-12-23T15:55:44.000Z,2024-01-04T02:32:12.000Z,loitering,1
d0d80e785-56ca-8e2e-054a-802fd62038bb,804422021,SUQIYU04422*021_8.2V,32.2824,123.1918,114.80417999999999,114.80417999999999,135.0,135.0,2023-12-23T15:58:42.000Z,2024-01-01T12:24:12.000Z,loitering,1
6e8a43f6d-da61-a536-80fe-a92585b86593,901429124,NET-ZSY01429-124-99%,31.2325,122.9602,14.893604,14.893604,48.0,48.0,2023-12-23T15:59:26.000Z,2024-01-05T01:00:35.000Z,loitering,1
35fa0ea5d-dafd-ff4c-472c-287a12cc539f,3269100,SUQIYU03269-100_7.8V,32.2565,123.2979,121.00401600000001,117.573289,144.0,143.0,2023-12-23T15:59:27.000Z,2024-01-05T04:45:30.000Z,loitering,1
f78e2ba90-0eb6-0414-ca6e-f5ad1678784b,32060655,ZHE60655-3-99%,31.1697,122.8549,3.9646179999999998,3.063355,39.0,37.0,2023-12-23T16:03:00.000Z,2024-01-01T13:22:48.000Z,loitering,1
425fde7fe-e6c7-30f3-16b3-4ba352b307cb,412326976,SUQIYU03269-76-69%,32.3288,123.2968,125.382312,125.382312,146.0,146.0,2023-12-23T16:04:34.000Z,2024-01-08T00:32:23.000Z,loitering,1
c04a68f63-3dad-8736-c206-a5129147a39f,82880061,NET-ZSY08288-61-99%,31.179,122.8543,3.6181289999999997,3.805692,40.0,38.0,2023-12-23T16:05:29.000Z,2024-01-08T05:37:33.000Z,loitering,1
8787c3577-7d97-c3cc-f22e-06bb4f8e4633,44228068,SUQIYU04422*68_7.8V,32.2744,123.1914,113.892523,113.892523,134.0,134.0,2023-12-23T16:07:21.000Z,2024-01-10T09:07:06.000Z,loitering,1
72c3cce6f-fd3c-9a92-86a6-5b01cccc7007,212170077,ZHELINYU21217-77-99%,31.1899,122.8441,2.85427,4.837581,38.0,41.0,2023-12-23T16:07:47.000Z,2024-01-01T06:52:33.000Z,loitering,1
61f24c0a1-14ee-add4-c776-6eadecd5d6fb,804422001,SUQIYU04422*001_8.1V,32.2929,123.1914,115.71932799999999,115.71932799999999,135.0,135.0,2023-12-23T16:08:23.000Z,2024-01-04T02:50:38.000Z,loitering,1
4397feffa-aae9-45df-fd01-7d0c2af1dc8c,122790025,ZHELINYU12279-25-86%,31.1859,122.9067,8.634255999999999,8.846011,41.0,42.0,2023-12-23T16:08:51.000Z,2024-01-01T06:28:30.000Z,loitering,1
434cd2bd8-87ab-8da5-d4f5-022bfa220c5e,44228061,SUQIYU04422*61_8.1V,32.2764,123.1914,114.80417999999999,114.80417999999999,135.0,135.0,2023-12-23T16:08:51.000Z,2024-01-01T12:41:18.000Z,loitering,1
ca1803dd2-28ed-4039-be2c-d88cc19220db,212170096,ZHELINYU21217-96-99%,31.1741,122.8418,1.902846,2.2038320000000002,37.0,38.0,2023-12-23T16:09:12.000Z,2024-01-01T03:28:51.000Z,loitering,1
6b14ab69c-c4e4-5204-ca1d-92bc211e4db2,61818606,18186-6_8.2V,32.2799,123.192,114.80417999999999,114.80417999999999,135.0,135.0,2023-12-23T16:10:33.000Z,2024-01-01T12:28:35.000Z,loitering,1
16157276e-e95d-f16e-a106-6a018bfcb48f,212170092,ZHELINYU21217-92-99%,31.177,122.8418,1.902846,2.2038320000000002,37.0,38.0,2023-12-23T16:11:21.000Z,2024-01-01T03:46:13.000Z,loitering,1
f2ac5dc17-7952-c34c-cfda-5c5cf20bc0d5,412477220,PANYU34-1,20.091,114.6343,216.169891,216.169891,205.0,205.0,2023-12-23T16:14:38.000Z,2024-01-20T20:06:24.000Z,loitering,1
83f83af5e-e313-9ba1-fba5-b1154fa69055,82880078,NET-ZSY08288-78-99%,31.1908,122.8519,3.6181289999999997,3.6181289999999997,40.0,40.0,2023-12-23T16:19:44.000Z,2024-01-01T11:46:11.000Z,loitering,1
0495e79d4-4d25-0f11-f589-9a0924b0e5c6,92070065,NET65-ZSY09207   90%,31.2045,122.8978,8.814283999999999,7.447746,44.0,42.0,2023-12-23T16:25:44.000Z,2024-01-09T10:41:26.000Z,loitering,1
2cf2c5c8e-e293-c4a0-02b2-f2556643d695,82880097,NET-ZSY08288-97-99%,31.1856,122.8519,3.6181289999999997,3.6181289999999997,40.0,40.0,2023-12-23T16:30:44.000Z,2024-01-01T12:44:08.000Z,loitering,1
4c91bde18-8864-75f8-6d8e-01f231856505,636009993,NANHAISHENGLI,20.842,115.6823,183.61901600000002,183.61901600000002,107.0,107.0,2023-12-23T16:32:06.000Z,2024-02-08T22:16:42.000Z,loitering,1
c60cb62be-e700-d4af-2065-572aeef51b60,82880063,NET-ZSY08288-63-99%,31.1815,122.8599,3.9646179999999998,3.9646179999999998,39.0,39.0,2023-12-23T16:35:34.000Z,2024-01-01T21:32:36.000Z,loitering,1
2d01732cb-b6ed-78a4-8d48-6decd52630d2,27892312,SUGANYU02789-12-86%,32.1867,124.3495,171.787188,196.319984,206.0,194.0,2023-12-23T16:35:45.000Z,2024-01-01T00:07:11.000Z,loitering,1
75c9366d4-4e60-58bc-5f43-77123374ec7c,212170098,ZHELINYU21217-98-99%,31.1873,122.8429,2.2038320000000002,2.926736,38.0,39.0,2023-12-23T16:38:06.000Z,2024-01-01T05:40:30.000Z,loitering,1
695df19a6-63ae-4d41-379e-46f8b5b1f513,122790035,ZHELINYU12279-35,31.193,122.9072,8.846011,8.309194,42.0,43.0,2023-12-23T16:39:39.000Z,2024-01-01T05:39:15.000Z,loitering,1
8e46a6a1c-ccde-b560-f88a-47c714af96cc,19018116,SUQIYU19018-11680%,31.1968,122.854,4.407489,4.3900060000000005,40.0,41.0,2023-12-23T16:40:39.000Z,2024-01-01T05:38:34.000Z,loitering,1
edbcdcb9d-d699-0659-8cbf-7d4eef908205,259758000,OCEAN FRESH,19.6516,58.1849,48.281788999999996,47.23725,50.0,49.0,2023-12-23T16:51:48.000Z,2024-01-03T22:35:26.000Z,loitering,1
0644250a2-2b25-e26c-436b-b4067a069f3f,122790027,ZHELINYU12279-27-99%,31.2222,122.921,8.846011,13.732040000000001,42.0,49.0,2023-12-23T16:57:50.000Z,2024-01-13T13:30:37.000Z,loitering,1
689ddf695-5a42-780f-4141-8757a91ee1c5,66225502,,31.1827,122.8622,4.407489,3.9646179999999998,40.0,39.0,2023-12-23T17:01:56.000Z,2024-01-09T12:02:43.000Z,loitering,1
ec7cbe944-40b2-7b1a-abd8-192e6c39d4a7,66225501,,31.1763,122.8632,4.407489,3.965004,40.0,37.0,2023-12-23T17:02:04.000Z,2024-01-25T03:34:20.000Z,loitering,1
c93bb9d98-87e5-1e8a-c86b-3be395a153b9,122790026,ZHELINYU12279-26-99%,31.1865,122.9073,8.846011,8.634255999999999,42.0,41.0,2023-12-23T17:09:13.000Z,2024-01-09T08:51:21.000Z,loitering,1
e4d339c75-5b94-2d65-ba14-1acd964e45fb,82880091,NET-ZSY08288-91-99%,31.1781,122.8597,3.9646179999999998,3.9646179999999998,39.0,39.0,2023-12-23T17:10:49.000Z,2024-01-01T13:21:34.000Z,loitering,1
3d35c10a9-94d9-6b8d-0e2c-4e8d13d3b5d6,120580059,ZHELINYU12058-59-86%,31.2103,122.8537,5.853211,5.284535,42.0,42.0,2023-12-23T17:20:44.000Z,2024-01-01T04:24:27.000Z,loitering,1
c3d89d6ec-ce32-07de-7704-35580d5e6a97,66225510,,31.2004,122.8622,4.407489,5.853211,40.0,42.0,2023-12-23T17:20:57.000Z,2024-01-18T19:46:08.000Z,loitering,1
4863edc45-53b2-8327-6c4d-1c4004eed7e9,120009282,ZSY09282-1282%,31.2163,122.853,5.853211,6.249267,42.0,43.0,2023-12-23T17:39:11.000Z,2024-01-01T03:24:38.000Z,loitering,1
d98eff910-0b9d-30af-81d1-72cff718fe53,66225503,,31.2018,122.8632,5.060295,5.853211,41.0,42.0,2023-12-23T17:41:05.000Z,2024-01-18T21:07:01.000Z,loitering,1
55ba924f0-0575-d003-195a-ebb2895b2ba4,27892303,SUGANYU02789-3-89%,32.211,124.3217,168.004484,194.331875,202.0,193.0,2023-12-23T17:45:20.000Z,2024-01-01T08:01:01.000Z,loitering,1
c54a79f61-1111-88b0-6604-d5974dc39af0,28880059,NET02888---59--62%,29.3256,125.9724,256.146,225.972875,277.0,198.0,2023-12-23T17:52:04.000Z,2024-01-03T21:00:49.000Z,loitering,1
eefd476de-ebd1-e3eb-6c15-5a3ec046ad8d,994008742,BUOY-22           9V,-2.5092,-150.2432,970.124875,924.721625,589.0,499.0,2023-12-23T17:56:35.000Z,2024-01-03T16:20:06.000Z,loitering,1
29e5bede8-8636-fb31-de47-333c0bc6f2e2,538005021,DEEPWATER SKYROS,-7.1864,11.2774,33.930945,44.92664499999999,147.0,159.0,2023-12-23T17:58:05.000Z,2024-08-09T09:59:14.000Z,loitering,1
7d9929fa8-8974-7fde-d2bc-bce6c2f89064,200062255,ZPY62255-280%,31.2156,122.8622,5.853211,7.68021,42.0,44.0,2023-12-23T18:08:46.000Z,2024-01-01T05:30:29.000Z,loitering,1
9373b2762-2a30-c682-d4e4-2f2b332571d4,212170071,ZHELINYU21217-71-99%,31.2058,122.8452,3.840255,5.284535,40.0,42.0,2023-12-23T18:10:59.000Z,2024-01-01T09:26:28.000Z,loitering,1
d4c742ed3-3f11-5d0a-fe87-845576fab277,66225506,,31.2096,122.8626,5.060295,6.7369449999999995,41.0,43.0,2023-12-23T18:14:11.000Z,2024-01-18T17:56:50.000Z,loitering,1
ec8448ce5-52e4-8710-7fca-a7868e76b253,44220002,SUQIYU04422-02   7V3,32.269,123.1912,113.892523,113.892523,134.0,134.0,2023-12-23T18:21:25.000Z,2024-01-01T12:40:25.000Z,loitering,1
174545de7-70d9-0d80-3f9a-ecf570778ae1,44228056,SUQIYU04422*56_8.0V,32.2405,123.1906,111.17943799999999,111.17943799999999,133.0,133.0,2023-12-23T18:21:50.000Z,2024-01-10T09:11:49.000Z,loitering,1
8bbd6f6fb-b626-639b-7471-d2fd942d20f6,804422017,SUQIYU04422*017_8.1V,32.2666,123.1911,113.892523,113.892523,134.0,134.0,2023-12-23T18:22:32.000Z,2024-01-01T12:25:52.000Z,loitering,1
358c7693d-d1be-2d8d-1b69-26afaacd9cc4,804422023,SUQIYU04422*023_7.8V,32.2538,123.1914,112.08006200000001,112.08006200000001,133.0,133.0,2023-12-23T18:23:10.000Z,2024-01-04T01:55:16.000Z,loitering,1
226dca1bd-dfba-5985-c100-cb2ce5cd8e6c,804422037,SUQIYU04422*037_8.0V,32.2449,123.1907,111.17943799999999,111.17943799999999,133.0,133.0,2023-12-23T18:25:06.000Z,2024-01-04T02:36:04.000Z,loitering,1
8377f2d67-770e-e3b7-39bf-4e66cb96aee6,212170097,ZHELINYU21217-97-99%,31.2138,122.8441,4.837581,5.852949,41.0,42.0,2023-12-23T18:27:08.000Z,2024-01-01T09:22:15.000Z,loitering,1
38c6d6a38-8b7d-1010-c03f-72d32844d49c,44228063,SUQIYU04422*63_8.1V,32.2879,123.1912,115.71932799999999,115.71932799999999,135.0,135.0,2023-12-23T18:34:24.000Z,2024-01-01T12:16:05.000Z,loitering,1
26b83cb7c-c301-ec57-96c9-33bf8896764e,31390003,SUQIYU03139---03 7V5,33.4988,123.1387,174.380922,178.001766,192.0,189.0,2023-12-23T18:37:00.000Z,2024-01-01T12:15:49.000Z,loitering,1
a5264a456-62f8-9abe-f986-478daeca9898,44228062,SUQIYU04422*62_8.1V,32.2907,123.191,115.71932799999999,115.71932799999999,135.0,135.0,2023-12-23T18:40:23.000Z,2024-01-01T12:12:12.000Z,loitering,1
f466a0ade-e0a5-36da-ec36-f382e8515b33,518568974,,32.3161,123.1913,117.55982,119.413367,136.0,137.0,2023-12-23T18:46:07.000Z,2024-01-01T12:10:56.000Z,loitering,1
17767a3a3-38a4-0322-509a-95907f81612f,804422008,SUQIYU04422*008_7.7V,32.339,123.1907,119.413367,120.344844,137.0,137.0,2023-12-23T18:49:34.000Z,2024-01-10T08:45:02.000Z,loitering,1
83608a518-8a03-0f3a-d3c3-9cfc5496ef7c,305333053,QGWNYU33305-3-80%,30.5481,123.5521,43.544004,42.684129,61.0,60.0,2023-12-23T18:51:42.000Z,2024-01-03T11:54:15.000Z,loitering,1
8b9081627-7ec4-360c-243b-bd57db0924fa,412326954,SUQIYU03269-54-79%,32.245,123.2971,119.28025,116.726328,144.0,142.0,2023-12-23T18:53:11.000Z,2024-01-05T05:18:27.000Z,loitering,1
7d56fd45f-f25d-19ed-1796-e4c4ff3ae60e,258728000,NORMAND ENERGY,-5.6668,11.8005,1.5686980000000001,1.106528,38.0,38.0,2023-12-23T18:59:05.000Z,2024-01-08T06:51:35.000Z,loitering,1
97816b41a-ace0-55bf-9078-0047472db13f,168804110,BUOY-04  100%,-1.9546,-21.2723,959.952938,1055.982625,958.0,1054.0,2023-12-23T19:04:46.000Z,2024-01-01T09:59:30.000Z,loitering,1
ed2f0135a-afc3-c4fc-e436-61776c58a841,212170093,ZHELINYU21217-93-99%,31.2147,122.8441,4.837581,6.249267,41.0,43.0,2023-12-23T19:23:59.000Z,2024-01-01T08:28:42.000Z,loitering,1
31d39bfc4-4824-2fc8-ad57-3b3d572bd9ad,233101806,MFJY01976-11-99%,32.9944,124.5123,131.132547,131.132547,130.0,130.0,2023-12-23T19:24:56.000Z,2024-01-01T03:16:50.000Z,loitering,1
e6e269023-35b7-e86c-30d4-221fc1fbb4f5,804422022,SUQIYU04422*022_8.0V,32.3097,123.1907,124.100461,111.17943799999999,139.0,133.0,2023-12-23T19:28:12.000Z,2024-01-04T02:20:33.000Z,loitering,1
4de0dc073-3978-b34b-a713-bdae712eea21,44228067,SUQIYU04422*67_8.0V,32.3128,123.1904,116.637906,118.485,135.0,136.0,2023-12-23T19:31:51.000Z,2024-01-10T08:51:38.000Z,loitering,1
32655e155-5206-b1e8-ba06-2458e333d850,232188704,ZHELINYU21887-4--69%,28.5798,122.8793,45.319438000000005,115.963992,65.0,116.0,2023-12-23T19:54:20.000Z,2024-01-05T10:15:47.000Z,loitering,1
b910ec638-8f68-0a2b-2d5f-805c2e8f770c,1139156,,32.1871,125.549,130.972656,130.972656,128.0,128.0,2023-12-23T19:54:32.000Z,2024-01-01T08:35:04.000Z,loitering,1
926ee9788-868e-330b-3909-a0d0ded318cb,212170073,ZHELINYU21217-73-99%,31.2204,122.8439,5.852949,6.249267,42.0,43.0,2023-12-23T19:59:45.000Z,2024-01-01T08:49:23.000Z,loitering,1
b6e106ea5-51fa-99c8-e74c-d96a16625556,62592910,,32.2188,125.3662,137.462562,137.462562,135.0,135.0,2023-12-23T20:03:59.000Z,2024-01-01T17:53:36.000Z,loitering,1
641119e77-79cc-ecd0-cadb-296b6e3ed429,921979014,ZLY21979-1439%,31.3338,122.6069,2.223899,2.223899,52.0,52.0,2023-12-23T20:13:27.000Z,2024-01-02T23:55:59.000Z,loitering,1
37c92b6ec-ce1e-0ca3-d6df-49ca2dc9aba8,141178610,11786-10-80%,27.2997,123.2556,164.420297,170.771328,169.0,140.0,2023-12-23T20:19:40.000Z,2024-01-03T00:14:25.000Z,loitering,1
95ee4c050-03c5-f2b7-ad24-86f3510bdf29,2417001,ZHEDAIYU02417-01-92%,32.1726,125.4643,137.253484,136.315688,134.0,133.0,2023-12-23T20:22:18.000Z,2024-01-16T09:56:08.000Z,loitering,1
705269f1b-b123-18f2-2c84-5ca54b7cff68,100461403,ZHE DAI YU 04614-3,33.457,123.1632,176.54334400000002,173.667,190.0,192.0,2023-12-23T20:26:53.000Z,2024-01-01T13:40:33.000Z,loitering,1
96c98dc93-3fbb-c8d1-75b6-5d19cea9feed,907785068,NET-ZSY07785-68-99%,31.1365,122.9417,11.420691000000001,11.420691000000001,39.0,39.0,2023-12-23T20:29:17.000Z,2024-01-17T08:56:34.000Z,loitering,1
c3ca93d87-7c29-cd44-ae97-f9242b99e156,46580003,JICAOYU04658-03-99%,33.8999,124.005,106.34307000000001,103.97443,102.0,100.0,2023-12-23T20:39:08.000Z,2024-01-14T03:17:36.000Z,loitering,1
60b0e2e57-7761-f6c9-5fb6-c3e4e6448e41,66018004,,32.2472,125.3458,136.529188,135.948,134.0,133.0,2023-12-23T20:40:03.000Z,2024-01-01T10:03:56.000Z,loitering,1
616986140-0330-42b7-4978-6fc31955cc08,96282204,SUGANYU02822-04-41%,31.9003,124.5958,167.24393799999999,191.30184400000002,193.0,190.0,2023-12-23T20:44:22.000Z,2024-01-01T07:32:05.000Z,loitering,1
16c14a02a-acb7-c1ee-6d6c-b8ae098af669,907785067,NET-ZSY07785-67-99%,31.142,122.9277,11.420691000000001,9.516238999999999,39.0,39.0,2023-12-23T20:45:11.000Z,2024-01-11T09:37:05.000Z,loitering,1
062f0d263-3813-7843-9635-51ccda2c2256,222500008,ZHEDAIYU02604-A17,33.7008,124.0452,107.031375,107.891891,104.0,105.0,2023-12-23T21:04:19.000Z,2024-01-01T09:23:21.000Z,loitering,1
3a87b565e-eacc-e6f3-9171-7f7e2acb79ef,10668437,,33.6155,124.001,115.273641,114.800594,113.0,112.0,2023-12-23T21:19:26.000Z,2024-01-01T00:14:40.000Z,loitering,1
a13c515bb-b672-ddd8-2450-083223b29779,232702232,MINFUDINYU09983-06,33.5699,123.9977,117.252266,117.252266,115.0,115.0,2023-12-23T21:22:22.000Z,2024-01-01T01:39:05.000Z,loitering,1
914a3cf5b-b99a-6cc9-4b55-518c7fbc214a,223500114,ZHEDAIYU02435-103,33.5907,124.0007,116.245898,116.245898,114.0,114.0,2023-12-23T21:22:29.000Z,2024-01-01T00:14:39.000Z,loitering,1
a78a5e6ce-e0ef-627b-3a7e-3bbc68a9fd0a,61500125,,33.5858,124.0003,116.245898,116.245898,114.0,114.0,2023-12-23T21:23:33.000Z,2024-01-01T00:27:30.000Z,loitering,1
fe9051172-22eb-bd7d-0dc8-8c34f83e686b,10670997,,33.6311,124.0459,109.301789,111.813102,107.0,109.0,2023-12-23T21:23:56.000Z,2024-01-02T15:34:42.000Z,loitering,1
deedf2180-082b-3eda-1676-08258fa4370f,33560072,,33.5693,123.9666,119.72675,119.72675,117.0,117.0,2023-12-23T21:25:17.000Z,2024-01-01T00:48:43.000Z,loitering,1
192847930-04fe-77f3-86a9-670275e40630,232001000,MINFUDINYU09983-09,33.5612,123.9995,117.767969,117.767969,115.0,115.0,2023-12-23T21:25:42.000Z,2024-01-01T00:26:34.000Z,loitering,1
46077737a-a62a-ea28-d213-791c57dfaa6f,21870081,,33.5786,123.9667,119.229609,119.229609,117.0,117.0,2023-12-23T21:27:12.000Z,2024-01-01T00:17:46.000Z,loitering,1
410b011ff-f804-0b10-58f0-a7c2efac2416,109793046,,29.6993,123.1303,50.077871,42.074715,57.0,63.0,2023-12-23T21:28:00.000Z,2024-01-04T11:08:43.000Z,loitering,1
e618d1bd1-19eb-1188-38ca-9c8ef4b560d5,26026016,ZHE DAI YU 02601-06,33.5825,124.0321,114.273312,114.273312,112.0,112.0,2023-12-23T21:30:10.000Z,2024-01-01T00:21:15.000Z,loitering,1
2656380f0-0df9-d97e-b936-61e4dd1fa1e9,223700008,JIAOZHONG-03-99%,33.5844,124.064,111.81583599999999,110.475734,109.0,108.0,2023-12-23T21:37:20.000Z,2024-01-02T08:49:44.000Z,loitering,1
614621697-7e78-451e-b440-ca91e0be4646,26010053,ZHEDAIYU02601-53-91%,33.5505,123.9916,116.663961,120.745633,114.0,118.0,2023-12-23T21:38:07.000Z,2024-01-05T21:32:31.000Z,loitering,1
5e0180c85-5fe0-4f94-405f-453e89ac8dff,221000421,ZHEDAIYU02435-1-69%,33.5601,124.0022,118.291875,116.430406,116.0,114.0,2023-12-23T21:38:52.000Z,2024-01-01T10:08:13.000Z,loitering,1
977076202-2a89-2a21-2ae4-d09a27369421,602264088,,33.526,123.9666,121.796594,121.796594,119.0,119.0,2023-12-23T21:39:13.000Z,2024-01-01T01:27:18.000Z,loitering,1
793c6712a-abde-874e-1600-219b2217ad46,66160061,,33.5833,124.0641,111.81583599999999,111.81583599999999,109.0,109.0,2023-12-23T21:40:21.000Z,2024-01-02T00:25:26.000Z,loitering,1
e343f4cd8-8f58-ddbd-83a8-4a8e6aff2843,66160065,,33.5912,124.0619,111.295352,111.295352,109.0,109.0,2023-12-23T21:40:24.000Z,2024-01-02T01:23:32.000Z,loitering,1
3112f7db3-322a-613b-86a8-bd6602d125b7,26661650,ZHE ZHONG 06616-50,33.5865,124.0617,111.295352,111.295352,109.0,109.0,2023-12-23T21:42:23.000Z,2024-01-02T00:35:56.000Z,loitering,1
239205163-35c7-389a-03ae-a6497a774704,602264025,ZHEDAIYU0226425-69%,33.5021,123.9727,122.87881200000001,123.19305499999999,120.0,121.0,2023-12-23T21:49:29.000Z,2024-01-01T01:23:38.000Z,loitering,1
3fc011909-9f11-f73e-7ff7-5a0d793933bb,338431587,SD-1081 (UNCREWED),-29.9469,174.1115,546.7065620000001,544.272,502.0,499.0,2023-12-23T21:49:32.000Z,2024-01-02T01:52:00.000Z,loitering,1
2ee3e3935-5560-620e-35e5-dcd0f3406279,602264089,,33.5029,123.9671,122.87881200000001,123.431398,120.0,121.0,2023-12-23T21:51:08.000Z,2024-01-01T01:24:40.000Z,loitering,1
a466da6fd-db33-ccf4-ff18-e8a394d5ff5e,223000011,ZHEDAIYU02256-23-73%,33.5283,123.934,125.062203,125.062203,123.0,123.0,2023-12-23T21:54:45.000Z,2024-01-01T00:06:18.000Z,loitering,1
1add88e0b-bf56-ca0f-03d9-5ae35207891d,602264083,,33.5165,123.9498,123.95674199999999,123.95674199999999,121.0,121.0,2023-12-23T21:55:12.000Z,2024-01-01T01:50:27.000Z,loitering,1
d35e08c43-3ad5-4755-00ed-a6f1e699a7c7,602264023,ZHEDAIYU0226423-56%,33.5216,123.9647,123.1445,122.333844,121.0,120.0,2023-12-23T21:55:54.000Z,2024-01-01T01:33:38.000Z,loitering,1
f6b83329a-afef-678a-79ad-7505839bff58,602264085,,33.502,123.9716,122.87881200000001,122.62941400000001,120.0,120.0,2023-12-23T22:00:29.000Z,2024-01-01T01:43:24.000Z,loitering,1
9ecb4a05c-c3bb-6eb5-6fd7-9c1f0cc075d0,36520004,,33.4529,124.0171,121.796617,122.404133,120.0,120.0,2023-12-23T22:00:51.000Z,2024-01-05T21:11:42.000Z,loitering,1
8e0ca0165-5947-fd83-d682-6a1acd465a7b,22640111,,33.4997,123.9656,123.685992,123.991477,121.0,122.0,2023-12-23T22:01:33.000Z,2024-01-01T01:28:38.000Z,loitering,1
d2c49c9f6-61f0-59ed-e4c9-3af50b1e865b,36520001,,33.441,124.017,123.01870299999999,123.01870299999999,121.0,121.0,2023-12-23T22:04:51.000Z,2024-01-01T01:05:45.000Z,loitering,1
967631c2a-ada6-962b-4b9a-70c2ed82429c,21320605,ZHEDAIYU02132-605,33.483,123.899,130.170852,130.170852,128.0,128.0,2023-12-23T22:09:09.000Z,2024-01-01T01:51:54.000Z,loitering,1
2d7fdce0d-d487-0a3e-eb08-f35cbd08c720,602264024,ZHEDAIYU0226424-75%,33.5121,123.9478,125.30518000000001,124.494789,123.0,122.0,2023-12-23T22:12:01.000Z,2024-01-01T01:28:16.000Z,loitering,1
271e495a9-9c7f-583b-f767-50b953041cac,36520005,,33.446,124.0131,122.576531,123.640211,120.0,122.0,2023-12-23T22:15:23.000Z,2024-01-01T01:02:40.000Z,loitering,1
73ed44845-5239-89e8-b522-570bc9513462,365002,SUQIYU03650-0208%,33.4422,124.0136,122.576531,123.640211,120.0,122.0,2023-12-23T22:16:58.000Z,2024-01-01T01:06:28.000Z,loitering,1
563aeb89c-ce36-2d4d-1ae5-6511b9bd8f8f,100323563,ZHE DAI YU 03235-63,33.389,124.0111,126.947148,126.947148,125.0,125.0,2023-12-23T22:19:35.000Z,2024-01-01T15:54:10.000Z,loitering,1
2dc79e7e6-6a04-452f-dad6-18e492a5cb86,44980030,SUQIYU04498*30_7.7V,32.5695,123.1896,130.505875,134.5475,145.0,150.0,2023-12-23T22:36:02.000Z,2024-01-10T07:06:18.000Z,loitering,1
351fbb3f5-5f24-8724-38f2-de4506216a1a,343213984,LIN21398--4-52%,31.3977,122.7049,9.636208,18.233453,54.0,65.0,2023-12-23T22:42:27.000Z,2024-01-03T20:29:43.000Z,loitering,1
db8f350cd-da9a-6021-c47c-b20252e26a37,412464450,NANHAI FENJIN,21.1234,115.2827,132.68259400000002,132.68259400000002,145.0,145.0,2023-12-23T22:53:09.000Z,2024-01-02T13:58:30.000Z,loitering,1
fed32908c-c941-f09c-4757-7a6ba4bf5a17,219721000,MAERSK INVOLVER,-7.4267,11.5271,1.111949,0.0,141.0,142.0,2023-12-23T22:59:33.000Z,2024-01-01T02:59:02.000Z,loitering,1
1789a0084-49bf-e0eb-934e-3f3183df435b,100000542,YU.WANG.QU-38-08,34.9661,119.9064,4.806489,4.806489,45.0,45.0,2023-12-23T23:07:05.000Z,2024-01-17T18:52:13.000Z,loitering,1
f1c9436c3-3b9e-6c31-79e5-37f848835dac,41318922,SUQIYU0318922,32.3675,123.6153,147.222516,149.45117199999999,175.0,176.0,2023-12-23T23:08:22.000Z,2024-01-02T07:21:43.000Z,loitering,1
c87b61838-83d5-b055-e5aa-dbb5c0302955,190182122,SUQIYU19018-12257%,32.2999,123.1891,116.637906,116.637906,135.0,135.0,2023-12-23T23:10:24.000Z,2024-01-07T11:23:07.000Z,loitering,1
278b7dd81-125f-0cab-45bc-023b287b57e6,96064213,MINYU09855-14-43%,33.1251,124.3611,125.623164,124.707078,125.0,124.0,2023-12-23T23:24:04.000Z,2024-01-01T04:56:34.000Z,loitering,1
f2933a5f4-4f0e-942d-fc00-5ba1cc87b612,209335940,SUQIYU03359-40_8.0V,33.1445,123.1056,155.44589100000002,154.98071900000002,179.0,179.0,2023-12-23T23:26:42.000Z,2024-01-01T05:02:52.000Z,loitering,1
cb6ff75ae-ea42-67ed-d7a2-5aa5902b3ffc,99335937,SUQIYU03359---37 8V3,33.1437,123.1096,155.44589100000002,155.44589100000002,179.0,179.0,2023-12-23T23:29:11.000Z,2024-01-01T05:40:19.000Z,loitering,1
bc7905b3c-c69c-ec19-addd-e79ef79c593c,220308147,,35.0541,119.8046,3.5216030000000003,3.5216030000000003,40.0,40.0,2023-12-23T23:37:25.000Z,2024-01-06T11:13:35.000Z,loitering,1
1a3ef4b33-3fb0-3cf8-88e9-2731f2aa902a,804422027,SUQIYU04422*027_8.3V,32.3026,123.1904,116.637906,116.637906,135.0,135.0,2023-12-23T23:40:12.000Z,2024-01-01T11:30:57.000Z,loitering,1
5080fa101-11b0-e206-0fda-475aada6853f,131190015,13119-15-69%,33.1484,124.2649,128.480773,128.77671899999999,128.0,128.0,2023-12-23T23:47:35.000Z,2024-01-01T01:38:03.000Z,loitering,1
796191f59-979f-e40f-29cd-428dfee085b7,636012164,CASINOVA,29.3507,49.3249,17.762888999999998,16.627771,75.0,76.0,2023-12-23T23:54:07.000Z,2024-01-07T16:59:12.000Z,loitering,1
d2e4c64cd-d990-a806-2a52-f36bb043d24d,231065000,SJOBORG,61.0887,1.9603,12.562183999999998,12.359860000000001,142.0,142.0,2023-12-23T23:59:36.000Z,2024-01-01T08:59:54.000Z,loitering,1
07af6fe4f-f92d-016f-20f0-7d4064663b9f,44228058,SUQIYU04422*58_8.0V,32.3062,123.1898,117.55982,117.55982,136.0,136.0,2023-12-24T00:00:34.000Z,2024-01-10T08:45:52.000Z,loitering,1
da4f8fd39-9fb5-9253-8672-6f6ac7a62cdb,15142074,SUHAI ANYU167-29  *6,33.1612,123.1332,158.451922,158.397109,182.0,183.0,2023-12-24T00:05:39.000Z,2024-01-01T04:05:26.000Z,loitering,1
e93510fb3-3cb8-d98f-a741-c1126952899e,16021257,SUHAI ANYU167-25  *9,33.1585,123.1368,158.85328099999998,158.85328099999998,182.0,182.0,2023-12-24T00:06:49.000Z,2024-01-01T05:18:47.000Z,loitering,1
65f42807b-bada-b8c0-fbc2-474e98d97264,62574674,,37.3179,123.1241,37.282309,37.282309,39.0,39.0,2023-12-24T00:07:08.000Z,2024-01-02T06:09:05.000Z,loitering,1
069286896-629b-2c01-ee5a-f1dc10c01ca4,412313680,SUQIYU03136-80-54%,33.1391,123.0499,151.108547,148.967906,176.0,173.0,2023-12-24T00:15:25.000Z,2024-01-01T03:34:07.000Z,loitering,1
a6fab85e1-1642-a821-b73b-e636034e0260,699660016,MINLIANYU69966-1699%,33.2021,124.2445,125.393172,124.786688,125.0,124.0,2023-12-24T00:15:56.000Z,2024-01-01T01:17:46.000Z,loitering,1
ed9ca9bed-dded-a574-0295-5c513af4e961,44228052,SUQIYU04422*52_8.0V,32.3105,123.1905,117.55982,117.55982,136.0,136.0,2023-12-24T00:20:43.000Z,2024-01-10T08:36:44.000Z,loitering,1
7602112b9-9a00-ac99-0ad6-3fd94458bf58,934203201,42032-1%-99%,31.1387,125.3501,189.802219,236.8465,219.0,233.0,2023-12-24T00:43:12.000Z,2024-01-02T08:58:03.000Z,loitering,1
faf456656-6c7e-674e-6879-31b7789acbca,525401219,IGP19,-8.3215,136.5672,166.39426600000002,171.168547,111.0,118.0,2023-12-24T00:43:12.000Z,2024-01-02T00:39:08.000Z,loitering,1
e4f4f4387-724b-67a5-bc5d-6e195b4f3b5c,519980119,LURONGYU51998-11998%,36.9359,123.8383,55.680531,152.18040599999998,56.0,111.0,2023-12-24T00:45:02.000Z,2024-01-08T02:01:18.000Z,loitering,1
798912048-8104-50d4-670c-afacd7157d01,12339012,ZHELINGYU12339-12,31.0947,125.3484,185.281875,236.144438,214.0,232.0,2023-12-24T00:52:26.000Z,2024-01-02T10:19:36.000Z,loitering,1
fef9f96ac-cddf-c098-1f27-1260dcd9d443,60335687,,33.4836,123.0136,170.276453,161.03835899999999,198.0,191.0,2023-12-24T00:52:57.000Z,2024-01-02T01:31:47.000Z,loitering,1
9a18ebe01-17e5-9ef1-ad00-b9488d0e7cc6,1903610,SUQIYU19036-10,33.4622,123.1097,171.432156,171.432156,195.0,195.0,2023-12-24T00:54:21.000Z,2024-01-01T08:26:56.000Z,loitering,1
d8efcc82d-d69a-3036-e8d2-32e3133504b2,911123832,SUQIYU01238-32_8.1V,33.6906,123.0553,182.011859,182.722141,192.0,191.0,2023-12-24T00:56:39.000Z,2024-01-01T02:22:36.000Z,loitering,1
39ae409d8-8b88-ac46-5f34-8fd42bf3a40c,223700990,SQYU02223-21-87%,32.3769,123.555,143.10790599999999,146.47473399999998,170.0,171.0,2023-12-24T01:01:47.000Z,2024-01-02T06:59:31.000Z,loitering,1
361fcff42-2107-9465-1c45-88b0e134e2e0,68280062,,30.1747,123.187,24.25984,24.138158,37.0,39.0,2023-12-24T01:02:33.000Z,2024-01-01T19:45:51.000Z,loitering,1
d5adf0eb6-6a85-8464-8326-962ad8d9fd47,41318921,SUQIYU0318921,32.3817,123.6161,149.45117199999999,149.45117199999999,176.0,176.0,2023-12-24T01:06:36.000Z,2024-01-02T07:26:16.000Z,loitering,1
7b4a21d3b-be49-9551-6958-f8589661e8cf,99481398,SUQIYU04813-98,33.5017,123.0832,170.90603099999998,172.914312,196.0,195.0,2023-12-24T01:10:51.000Z,2024-01-02T02:11:51.000Z,loitering,1
fa953e1bc-c601-a8d1-e275-4b686270a34b,356932215,LING69322--15-79%,32.4424,123.5758,152.289156,151.845984,176.0,175.0,2023-12-24T01:11:59.000Z,2024-01-02T05:52:35.000Z,loitering,1
e2b20dcf0-09cc-3b8c-9ecd-3876a0372d1f,232199806,ZHELINYU21998-6--51%,31.4099,122.6906,18.331932000000002,8.298866,68.0,52.0,2023-12-24T01:12:05.000Z,2024-01-13T03:54:54.000Z,loitering,1
dd45af1aa-a7e3-2f6c-ef42-6eac581bcb77,519980199,LURONGYU51998-19999%,37.4089,123.3072,54.074602,53.19418,55.0,54.0,2023-12-24T01:26:13.000Z,2024-01-09T23:16:42.000Z,loitering,1
7d3061dea-af57-96b4-b594-a450c1bca2d6,92100072,NET72-ZSY0921099%,31.1535,122.8865,5.709744,6.752496,37.0,38.0,2023-12-24T01:28:57.000Z,2024-01-08T03:39:49.000Z,loitering,1
a8448b977-794a-a90f-f978-022467ce3609,304667040,,30.1887,123.2044,26.048174,25.090594,39.0,38.0,2023-12-24T01:31:41.000Z,2024-01-01T02:24:59.000Z,loitering,1
ae9c9c028-8331-e0d3-ee92-786d0cd78e2f,82880072,NET-ZSY08288-72-99%,31.1682,122.8477,2.85427,3.063355,38.0,37.0,2023-12-24T01:32:50.000Z,2024-01-01T13:36:54.000Z,loitering,1
60355c054-47bb-9fc8-ea16-42f6d9135392,200101834,IMULA-0728CHW-NET-01,-3.4494,76.2003,532.127625,594.4800620000001,407.0,507.0,2023-12-24T01:33:25.000Z,2024-01-03T15:27:36.000Z,loitering,1
08b7135cf-f239-22dd-3fe0-94f121d055e7,934203202,42032-2%-55%,31.1648,125.3464,190.54428099999998,233.863609,220.0,230.0,2023-12-24T01:41:06.000Z,2024-01-02T09:51:26.000Z,loitering,1
cdce5ae77-73fc-802a-4d30-37889975a174,96041978,MINYU09852-10-99%,33.3503,124.1344,120.385375,121.278125,119.0,120.0,2023-12-24T01:45:37.000Z,2024-01-14T02:54:51.000Z,loitering,1
48972b4ef-f4e4-8764-c484-a5fc9e25e519,168804676,BUOY-24  100%,-2.2706,-21.7154,954.990312,1093.544875,953.0,1093.0,2023-12-24T01:46:21.000Z,2024-01-05T12:56:32.000Z,loitering,1
5fbc26976-61b5-cf87-9553-4d376a38030c,906310581,ZHEDAIYU04667-81-99%,30.1823,123.2055,25.978191,25.017834,39.0,39.0,2023-12-24T01:48:24.000Z,2024-01-01T03:07:55.000Z,loitering,1
977286295-5867-e6ca-abb4-14e7dbc75be9,613702404,TITAN,3.2044,100.6485,60.691038999999996,59.146352,36.0,37.0,2023-12-24T01:53:20.000Z,2024-01-05T14:59:24.000Z,loitering,1
3008f4440-04e3-68a8-4a19-1dff6af6a84e,233402379,MFJY-09118-6-30%,33.5206,124.065,116.706539,112.742328,114.0,111.0,2023-12-24T01:53:55.000Z,2024-01-04T23:06:52.000Z,loitering,1
603e5b21d-d142-66c3-9cb8-33f8b08e10aa,55280014,NET-ZSY05528-14-99%,31.2224,122.7428,2.9262129999999997,2.2031370000000003,41.0,40.0,2023-12-24T01:54:42.000Z,2024-01-01T08:46:29.000Z,loitering,1
3231f353e-efba-ae2e-998c-b1aa04cffab7,26026012,,33.5847,124.0874,108.841484,109.373359,106.0,107.0,2023-12-24T01:55:35.000Z,2024-01-02T00:40:52.000Z,loitering,1
3361a9db3-347e-ba97-735a-e98b6941077c,322220204,ZHEDAIYU04322-4-99%,30.1577,123.221,26.941344,26.941344,41.0,41.0,2023-12-24T01:58:57.000Z,2024-01-01T01:45:46.000Z,loitering,1
40545a241-1e2e-cb10-3887-95bf2c442400,40810043,,34.9416,119.8489,4.540127999999999,1.111949,44.0,33.0,2023-12-24T02:01:32.000Z,2024-02-28T09:08:13.000Z,loitering,1
33c65241f-f1ae-cbaa-dc43-ceffe54c7e0c,68280061,,30.1737,123.1919,24.059984,24.133303,39.0,37.0,2023-12-24T02:05:07.000Z,2024-01-01T00:53:22.000Z,loitering,1
677f55162-259b-1944-6d3a-391722d786fe,41236010,12360-10_7.7V,33.6082,124.0718,109.453625,109.960242,107.0,107.0,2023-12-24T02:11:16.000Z,2024-01-02T00:48:13.000Z,loitering,1
1328b74d2-2acd-6cf0-2c11-dfcb9557a054,10116615,,33.6009,124.0723,109.960242,109.960242,107.0,107.0,2023-12-24T02:12:26.000Z,2024-01-01T10:15:48.000Z,loitering,1
3c4ec12c5-5838-d65b-5a81-2a78aee5e198,311070500,ERAWAN 2,9.1099,101.2196,149.40307800000002,149.40307800000002,92.0,92.0,2023-12-24T02:16:23.000Z,2024-01-11T12:13:22.000Z,loitering,1
a6d16cdfe-e4ab-51ba-900c-7b37dc2806d1,168805300,BUOY-23  100%,-2.2731,-21.5932,944.2428120000001,1083.556625,943.0,1083.0,2023-12-24T02:20:05.000Z,2024-01-05T15:30:43.000Z,loitering,1
5f473c203-329b-9f66-3c1d-5ea82fcca110,150200025,LIAODAHUA15020-2599%,37.5437,123.3324,57.06632,60.762582,56.0,60.0,2023-12-24T02:20:22.000Z,2024-01-09T22:51:39.000Z,loitering,1
0c73b3365-5b9d-2fc7-4461-add466ec3491,26225678,ZHE DAI YU 02256-78,33.5287,123.9339,125.062203,125.585859,123.0,123.0,2023-12-24T02:31:17.000Z,2024-01-01T01:36:36.000Z,loitering,1
d2ad46285-53f7-4ea4-62fc-b7b7e535c1ea,232199861,ZHELINYU21998-61-,31.4762,122.6945,18.331932000000002,18.331932000000002,68.0,68.0,2023-12-24T02:36:29.000Z,2024-01-12T17:23:56.000Z,loitering,1
23941f104-446e-aa50-4c03-6818504caceb,602695056,,33.5068,123.8154,135.64789100000002,135.9725,133.0,133.0,2023-12-24T02:36:38.000Z,2024-01-01T02:13:17.000Z,loitering,1
2338dbc62-2afb-e659-ed8a-1ddd47946176,907785065,NET-ZSY07785-65-99%,31.1346,122.9401,11.421896,11.420691000000001,38.0,39.0,2023-12-24T02:36:53.000Z,2024-01-08T19:17:41.000Z,loitering,1
0c4da756d-d7fc-87a9-a31f-f1f83158d45b,574004120,HAI DUONG 22,15.1266,94.783,228.75554699999998,232.457438,67.0,70.0,2023-12-24T02:39:39.000Z,2024-01-06T22:30:02.000Z,loitering,1
469e420e4-4d96-5115-485d-a0a7dd1e6e31,26225684,ZHE DAI YU 02256-84,33.5244,123.9347,126.40267999999999,123.42635899999999,124.0,121.0,2023-12-24T02:43:34.000Z,2024-01-01T00:13:16.000Z,loitering,1
3a6ffedef-fde3-3d03-734a-63a9dfd47fbb,96465820,JICAOYU04658-2080%,33.8254,124.001,105.21618799999999,109.395289,101.0,106.0,2023-12-24T02:47:34.000Z,2024-01-05T14:40:57.000Z,loitering,1
d583c73ac-cd74-d42e-56d0-280cb0855e2d,602695052,,33.5196,123.8237,135.143906,133.32465599999998,132.0,131.0,2023-12-24T02:48:42.000Z,2024-01-01T02:12:25.000Z,loitering,1
c0a3071d1-1cff-9f7a-b53f-effb61d02bdd,224000002,ZHEDAIYU02256-22-70%,33.5183,123.9352,125.585859,124.770539,123.0,122.0,2023-12-24T02:50:01.000Z,2024-01-01T00:36:25.000Z,loitering,1
14d7547eb-b81a-1434-9771-bf37ab4dcdff,903500703,35007-03-99%,37.8046,123.1703,32.634838,91.782586,33.0,90.0,2023-12-24T02:50:47.000Z,2024-01-04T22:26:06.000Z,loitering,1
457e51f5b-bd03-00e0-085a-18156b3442c5,21320406,ZHEDAIYU02132-406,33.4659,123.8989,130.721617,131.279484,128.0,129.0,2023-12-24T02:53:25.000Z,2024-01-01T01:40:25.000Z,loitering,1
ef9285815-53df-9310-7b32-1674617c7cff,341019000,ADAMARIS,26.017,54.0414,27.151303,24.544546999999998,42.0,39.0,2023-12-24T02:58:30.000Z,2024-01-02T19:30:01.000Z,loitering,1
b814939b3-33b0-e5d0-ccb8-762ed6a0f561,930772229,NET07722-29,33.7263,124.0256,108.459484,107.58798399999999,105.0,104.0,2023-12-24T03:01:39.000Z,2024-01-01T10:13:17.000Z,loitering,1
e592c940d-df0a-cfc1-ee81-6fd384820ea8,21320603,ZHEDAIYU02132-603,33.479,123.9167,128.559234,128.559234,126.0,126.0,2023-12-24T03:04:35.000Z,2024-01-01T01:35:46.000Z,loitering,1
6656736b8-8bfe-cd25-8c78-8746e7d77d87,220500130,ZHEDAIYU02256-36-63%,33.5042,123.917,127.466117,127.466117,125.0,125.0,2023-12-24T03:14:01.000Z,2024-01-01T01:34:04.000Z,loitering,1
c2163d82a-acce-835f-55ac-d8fad2bccb41,21690040,,33.9289,123.9889,106.860711,105.031516,103.0,101.0,2023-12-24T03:18:41.000Z,2024-01-03T15:10:48.000Z,loitering,1
e6e935eb1-1d17-1ba2-9e40-ed6f5d3cbc23,979321075,IMULA 0718CHW NET11,-7.1987,82.9304,1140.941,1180.1055,1134.0,1173.0,2023-12-24T03:20:08.000Z,2024-01-05T06:34:19.000Z,loitering,1
02eeb2f9c-cadb-9c8d-fb1a-3ad14e442b17,21320202,ZHEDAIYU02132-2A-79%,33.506,123.8998,129.627289,128.040711,127.0,125.0,2023-12-24T03:22:43.000Z,2024-01-01T01:44:48.000Z,loitering,1
591e0fdfb-b1eb-76cd-9ae5-5a06b0f4f8dd,96605481,MINZHAOYU60548-0164%,33.6941,124.0327,107.891891,109.16180499999999,105.0,106.0,2023-12-24T03:27:58.000Z,2024-01-02T14:49:49.000Z,loitering,1
ca89403e3-3060-7fff-d3d0-671ef0550ce1,270800001,27080-1_8.2V,31.0085,122.9289,5.816122999999999,18.217125,38.0,19.0,2023-12-24T03:32:48.000Z,2024-01-06T03:23:11.000Z,loitering,1
a3ba69b14-4d45-22fb-b1d8-5151d0c6c8f5,994164305,994164305         9V,-17.0025,76.836,1169.720875,1194.832875,1149.0,1174.0,2023-12-24T03:33:19.000Z,2024-01-02T10:21:48.000Z,loitering,1
04c585dae-e0db-b0e8-a5b9-19358ebd15aa,96225625,ZHEDAIYU02256-2581%,33.5041,123.9174,126.930648,127.466117,124.0,125.0,2023-12-24T03:34:54.000Z,2024-01-01T01:35:35.000Z,loitering,1
8678f2eaf-f3bd-2b94-8249-3564332b0d6a,994140994,994140994         9V,-16.8945,77.068,1177.791625,1185.863625,1158.0,1165.0,2023-12-24T03:37:10.000Z,2024-01-04T14:54:45.000Z,loitering,1
eea513d99-9cf7-51ad-c7be-acc4fe32401c,62592654,,31.9969,125.784,141.276578,142.62304699999999,138.0,139.0,2023-12-24T03:38:29.000Z,2024-01-01T00:37:30.000Z,loitering,1
abbb070af-f3eb-8238-eee6-5e4292b53cf9,21320604,ZHEDAIYU02132-604,33.4826,123.9102,129.091016,129.11668799999998,127.0,127.0,2023-12-24T03:40:46.000Z,2024-01-01T01:28:38.000Z,loitering,1
fee7966ea-a903-bf56-9276-6d8475f5697b,21320507,ZHEDAIYU02132-507,33.4808,123.9083,129.091016,129.91833599999998,127.0,128.0,2023-12-24T03:44:08.000Z,2024-01-01T01:47:49.000Z,loitering,1
77fabf834-43f3-d514-b757-a5451fd3f3d1,701453035,SHENG01453-35,31.2146,122.8693,6.511796,7.316350000000001,42.0,43.0,2023-12-24T03:44:52.000Z,2024-01-01T06:46:46.000Z,loitering,1
ea68dfb35-5669-7349-0b3b-45025f9d36d6,994140998,994140998         9V,-16.9903,76.8217,1172.42725,1187.908375,1152.0,1167.0,2023-12-24T03:46:52.000Z,2024-01-05T09:22:09.000Z,loitering,1
234b86f9e-ea85-886b-8859-bfa91a0044b5,815510306,LIAOWAYU55103-06 90%,37.5367,123.1034,39.539145,40.049711,38.0,39.0,2023-12-24T03:50:35.000Z,2024-01-07T22:45:20.000Z,loitering,1
a8d4ae8d5-5592-1bea-e0f2-0a87c0a734b6,602264087,,33.5098,123.9601,122.333844,125.040414,120.0,123.0,2023-12-24T03:50:40.000Z,2024-01-01T10:27:13.000Z,loitering,1
c4953a31b-b752-50ca-2207-83fe5cd0258c,215990030,,31.2424,122.755,4.548312,4.389222,42.0,42.0,2023-12-24T03:53:53.000Z,2024-01-01T02:25:00.000Z,loitering,1
ba2f6d59e-e13c-9b7f-540f-234f68b3f67f,22640113,,33.5024,123.9595,122.333844,126.153977,120.0,124.0,2023-12-24T03:55:19.000Z,2024-01-01T01:39:46.000Z,loitering,1
3d150f41c-c611-b90a-cf8a-81716c17576c,168804146,BUOY-20  100%,-2.2506,-21.127,924.661625,1024.718375,923.0,1023.0,2023-12-24T03:56:05.000Z,2024-01-02T07:39:03.000Z,loitering,1
c43031a27-7e02-71c8-5b47-edc0c73c590e,412301080,BHZLH,39.8394,120.7491,3.746875,5.245341000000001,47.0,49.0,2023-12-24T03:56:14.000Z,2024-02-07T05:56:35.000Z,loitering,1
4c92068c5-551a-66dd-ac86-5ae158d6f778,492770010,ZXY49277-10-47%,33.6332,124.0015,112.998,115.75544500000001,110.0,113.0,2023-12-24T03:56:18.000Z,2024-01-01T10:18:08.000Z,loitering,1
819a1a6e7-740a-13d0-c536-1123e971ad80,60551108,,33.996,123.1889,182.553938,175.23434400000002,178.0,171.0,2023-12-24T03:56:26.000Z,2024-01-01T01:37:45.000Z,loitering,1
7dbde2079-9b2a-b73a-f363-615cd6dcbb4d,233101418,MINFUDINGYU08692-7,33.6493,124.039,107.51832,112.586062,105.0,110.0,2023-12-24T03:58:45.000Z,2024-01-07T22:42:48.000Z,loitering,1
30924c3ea-a6c4-93d6-8d03-3dd914e0005d,22640114,,33.5101,123.9631,122.333844,124.23507000000001,120.0,122.0,2023-12-24T03:58:51.000Z,2024-01-01T11:10:16.000Z,loitering,1
650999933-3c3f-f892-0647-28ad7c9005f1,44210035,ZHEDAIYU04421-35-93%,29.6866,123.1148,52.016805,39.617608999999995,58.0,63.0,2023-12-24T04:01:57.000Z,2024-01-04T10:58:53.000Z,loitering,1
60384d8b2-2911-8f63-fdcf-645a901a8697,602264021,ZHEDAIYU0226421-60%,33.4979,123.9603,122.333844,126.153977,120.0,124.0,2023-12-24T04:05:39.000Z,2024-01-01T01:23:55.000Z,loitering,1
2a2de3a99-908d-09b8-3163-27a2793b08fc,21690044,,33.7766,123.899,106.721383,130.958844,102.0,128.0,2023-12-24T04:14:53.000Z,2024-01-01T09:56:51.000Z,loitering,1
1e4bace42-225a-cdee-5ee2-6ab872e5c9e8,962255006,ZHEPUYU62255-6-67%,31.1895,122.8671,5.250818000000001,5.250818000000001,40.0,40.0,2023-12-24T04:20:03.000Z,2024-01-01T09:02:12.000Z,loitering,1
8e5d38937-7ca2-f948-08ce-1277f4b7197f,14530024,NET-ZSY01453-24-99%,31.2089,122.8691,6.511796,6.511796,42.0,42.0,2023-12-24T04:20:38.000Z,2024-01-01T07:14:06.000Z,loitering,1
943791b4e-e9aa-4f56-facb-f74e1c4b7a8a,305567012,SHENG05567-12-60%,32.1337,125.7333,129.230258,129.578922,126.0,126.0,2023-12-24T04:22:40.000Z,2024-01-01T01:49:11.000Z,loitering,1
b8de82da9-993f-ea7a-4947-cd13fbead0e9,33907303,SUQIYU03390-03_8.1V,33.1623,123.0881,154.527953,154.527953,179.0,179.0,2023-12-24T04:23:04.000Z,2024-01-01T10:05:18.000Z,loitering,1
a0f21c21b-bbaa-3aee-507b-a30ef059df88,710368573,OAHU - B3,-17.0774,-38.4212,247.65175,255.44375,82.0,73.0,2023-12-24T04:23:31.000Z,2024-01-02T17:34:16.000Z,loitering,1
8ec998d64-4197-f21f-4066-205c7a0586c5,96046267,SUGANYU02806-02-47%,33.1421,123.14,158.451922,158.057359,182.0,181.0,2023-12-24T04:27:12.000Z,2024-01-01T10:06:29.000Z,loitering,1
4c3b762ce-e79f-5078-0fd2-3b8783229aca,211127011,SUQIYU04727A-11-99%,33.1081,123.1113,154.283297,154.283297,177.0,177.0,2023-12-24T04:27:42.000Z,2024-01-01T10:02:15.000Z,loitering,1
494da1afb-b613-a2b7-8191-003db9ac94d3,906828105,06828-105-99%,30.174,123.1942,25.095646000000002,24.25984,40.0,37.0,2023-12-24T04:29:25.000Z,2024-01-01T01:35:01.000Z,loitering,1
fc651d2e3-340c-d908-ea7a-6e4ecf72311c,232001044,MINFUDINYU09983-01,33.5475,124.017,115.04269500000001,118.823883,113.0,116.0,2023-12-24T04:30:15.000Z,2024-01-01T01:32:32.000Z,loitering,1
8b2637b91-106f-d7a0-5f40-ac31ee048a80,41318920,SUQIYU0318920,32.3675,123.6184,147.895938,149.45117199999999,176.0,176.0,2023-12-24T04:32:56.000Z,2024-01-02T07:22:58.000Z,loitering,1
a447ec551-1153-8527-8d5a-6ee0c1eb1704,907785058,NET-ZSY07785-58-99%,31.1453,122.9478,12.372416,11.419486999999998,40.0,40.0,2023-12-24T04:37:05.000Z,2024-01-01T15:59:44.000Z,loitering,1
38eaf8ebe-e5a3-f8de-0030-d7978c1d672d,30167103,,33.1449,123.1376,158.451922,158.057359,182.0,181.0,2023-12-24T04:42:02.000Z,2024-01-01T10:09:26.000Z,loitering,1
12eb0c71c-c507-e468-3c21-23df2c10df4c,876897328,YUELIANYU15012-5-47%,33.3449,124.0832,123.744359,125.19520299999999,122.0,124.0,2023-12-24T04:49:03.000Z,2024-01-07T01:52:59.000Z,loitering,1
a6171ded2-2b80-76e5-4e79-2c8a8c9816ac,910001285,ZSY01285-9199%,31.1469,122.8951,7.612992,6.6613679999999995,38.0,37.0,2023-12-24T04:50:54.000Z,2024-01-02T02:06:53.000Z,loitering,1
df8d4c7f1-1643-bf60-a928-583be631b4d9,901429115,NET-ZSY01429-115-99%,31.1651,122.9672,14.271346,14.31535,43.0,43.0,2023-12-24T04:58:19.000Z,2024-01-01T20:57:49.000Z,loitering,1
f3b647d46-6522-d9ff-2dbb-064dae74b64e,994140007,994140007         9V,-16.8376,77.0481,1170.8635,1179.93175,1151.0,1160.0,2023-12-24T04:58:53.000Z,2024-01-04T14:44:14.000Z,loitering,1
a39ade151-11dc-e6b7-8a9f-948f6dea6b1c,14690160,NET160-ZSY0146999%,31.2002,122.9282,10.982854,10.982854,44.0,44.0,2023-12-24T05:00:55.000Z,2024-01-01T12:41:52.000Z,loitering,1
d7253ca84-45e7-84d4-5440-6ab4026681a5,33907301,SUQIYU03390-01_8.0V,33.1528,123.0888,153.30942199999998,154.947969,177.0,180.0,2023-12-24T05:02:35.000Z,2024-01-01T10:07:10.000Z,loitering,1
c16d784e6-683d-b0c7-e609-521806bbb42c,29890905,SUGANYU02989-5   7V4,33.1576,123.0854,153.30942199999998,154.517062,177.0,180.0,2023-12-24T05:02:48.000Z,2024-01-01T05:41:56.000Z,loitering,1
e25505b88-8da3-4016-fece-37f53d460ae8,258200003,LIAODANYU25820-0363%,37.2849,123.6218,81.397719,81.386898,83.0,83.0,2023-12-24T05:03:48.000Z,2024-01-01T04:54:50.000Z,loitering,1
71939963e-e55e-b972-f30d-f00ccbf5e6cb,10666585,,37.8054,122.8604,38.14527,50.624129,39.0,51.0,2023-12-24T05:04:33.000Z,2024-02-11T14:08:46.000Z,loitering,1
2003dc270-05f3-31f4-a3c6-7d8d1edba372,30167101,,33.1396,123.1387,158.057359,157.669641,181.0,180.0,2023-12-24T05:05:06.000Z,2024-01-01T10:08:04.000Z,loitering,1
fa6dff494-42dc-c15a-5c7d-d42835dc062b,609982017,,32.1466,125.6882,128.993664,130.01165600000002,126.0,127.0,2023-12-24T05:06:31.000Z,2024-01-04T19:49:55.000Z,loitering,1
1806f8976-655d-7816-32ac-8327aa2b72f2,14530020,NET-ZSY01453-20-99%,31.166,122.8686,4.885587999999999,4.757116,37.0,38.0,2023-12-24T05:07:25.000Z,2024-01-01T04:48:22.000Z,loitering,1
e839a724c-c13c-a718-8a76-f616835b11ba,994110562,HW02              9V,-10.4754,-146.1627,440.148219,448.373188,419.0,431.0,2023-12-24T05:07:34.000Z,2024-01-01T05:33:10.000Z,loitering,1
7e4860983-32b9-4098-a0f0-38f7c490bc4c,10995722,,32.1837,125.6997,125.56281200000001,125.56281200000001,122.0,122.0,2023-12-24T05:13:35.000Z,2024-01-01T02:49:01.000Z,loitering,1
6d869813f-f0e8-18a9-febd-32747e9814e3,901429054,SHENG01429-5471%,31.1661,122.9665,14.31535,14.271346,43.0,43.0,2023-12-24T05:15:54.000Z,2024-01-01T16:04:40.000Z,loitering,1
38d962918-8bca-742a-5e63-2dcde833afe4,251390122,LIAODAYU25139-22-69%,36.9509,123.9272,115.070078,115.070078,115.0,115.0,2023-12-24T05:23:26.000Z,2024-01-05T03:49:36.000Z,loitering,1
fb4139e5b-be1d-cc03-0b2b-866b63415773,14530021,NET-ZSY01453-21-99%,31.1865,122.8685,4.885099,5.250818000000001,39.0,40.0,2023-12-24T05:25:49.000Z,2024-01-14T14:55:57.000Z,loitering,1
15985579f-f536-a56c-8998-654e1adc1a76,752260018,75226-18-99%,37.5582,123.5499,84.644086,71.769383,85.0,71.0,2023-12-24T05:27:29.000Z,2024-01-03T03:50:44.000Z,loitering,1
449faa8e1-193b-373b-550c-0edcde85875c,251390015,LIAOZHONG25139-1599%,36.9623,123.8866,107.267859,114.598797,112.0,116.0,2023-12-24T05:30:06.000Z,2024-01-20T08:26:22.000Z,loitering,1
4b6d4eaaf-f534-f16a-947d-885af539b2b8,901429116,NET-ZSY01429-116-99%,31.1726,122.9669,14.271346,13.365555,43.0,44.0,2023-12-24T05:30:58.000Z,2024-01-01T15:13:30.000Z,loitering,1
5c23fc89c-c9a8-41f5-01d0-efea28c0c4bf,558810027,LURONGYU50881-27-99%,37.2989,123.4318,64.584113,64.584113,66.0,66.0,2023-12-24T05:53:17.000Z,2024-01-12T03:06:28.000Z,loitering,1
f820033c4-428d-8ae0-03cd-8849f7a15821,689130040,TIELONG68913-40  90%,24.9009,120.0205,47.88548,49.512242,50.0,52.0,2023-12-24T06:01:59.000Z,2024-01-08T00:35:54.000Z,loitering,1
52491955e-ea86-fc87-378a-df420d64658d,14530029,NET-ZSY01453-29-94%,31.1598,122.8676,4.885587999999999,3.965004,37.0,37.0,2023-12-24T06:07:38.000Z,2024-01-01T03:17:40.000Z,loitering,1
1d66c2010-0851-6da8-82bd-321bb4349a76,994071777,994071777         3V,-10.3176,139.4458,286.703375,172.084969,251.0,149.0,2023-12-24T06:13:27.000Z,2024-01-06T18:10:28.000Z,loitering,1
7767cfa9c-ca6a-8baa-b1eb-e554c887a2c4,92100026,NET-ZSY09210-26-99%,31.1554,122.8831,5.709744,5.816122999999999,37.0,38.0,2023-12-24T06:14:11.000Z,2024-01-01T15:11:34.000Z,loitering,1
4c4c24724-4334-7a46-bee2-5adec4b955ec,31600051,SUQIYU03160-51_8.0V,32.3494,123.6465,149.17328099999997,149.17328099999997,178.0,178.0,2023-12-24T06:28:23.000Z,2024-01-01T16:52:36.000Z,loitering,1
06fca427b-b42e-0da4-6c77-afa3f5001600,41318918,SUQIYU0318918,32.3414,123.6169,145.595609,147.12475,175.0,175.0,2023-12-24T06:30:43.000Z,2024-01-01T10:43:55.000Z,loitering,1
0613bf4be-ea0a-d4d2-526d-c02ceb4f2bb5,901429125,NET-ZSY01429-125-99%,31.161,122.9689,14.31535,14.31535,43.0,43.0,2023-12-24T06:41:25.000Z,2024-01-01T19:56:49.000Z,loitering,1
30fc646ee-e475-2f21-4850-1ac2fc8593e1,14530016,NET-ZSY01453-16-99%,31.2274,122.869,8.193127,8.193127,45.0,45.0,2023-12-24T06:42:25.000Z,2024-01-01T01:43:23.000Z,loitering,1
6405c21f0-025f-42a1-1993-7851b1c4be6d,33220203,ZHEDAIYU03322-203,31.3292,125.8438,214.75835899999998,210.382781,211.0,206.0,2023-12-24T06:50:29.000Z,2024-01-01T10:57:33.000Z,loitering,1
1e1812dd4-4e94-4c5b-d577-44a150e9960f,994140003,994140003         9V,-16.8341,76.7899,1158.518125,1166.6015,1138.0,1146.0,2023-12-24T06:56:09.000Z,2024-01-04T17:41:29.000Z,loitering,1
766966a11-12f5-5120-d7e3-d64c9f0ef2db,710005127,PAULO CUNHA,-22.1354,-39.9271,0.0,1.515693,110.0,112.0,2023-12-24T06:58:19.000Z,2024-01-01T04:59:14.000Z,loitering,1
af31e8485-5838-7540-a58a-5d2a7ae201d6,503556000,DP2 SEAMASTER,-19.9381,115.3726,1.0453540000000001,3.052251,49.0,48.0,2023-12-24T06:58:43.000Z,2024-01-04T18:59:21.000Z,loitering,1
707df39f4-4d64-d181-0ba4-56a3e0ce5186,636017280,DIAS,31.9554,31.6648,30.923727,31.487801,50.0,49.0,2023-12-24T06:59:15.000Z,2024-01-07T21:59:54.000Z,loitering,1
2aa8b68ae-e4b0-854b-2058-cced45e100a1,470851000,RIG AL HAIL,24.8536,53.5249,2.01799,1.008995,46.0,45.0,2023-12-24T06:59:17.000Z,2024-05-26T06:59:02.000Z,loitering,1
1f8eee976-62b5-43b0-6232-7ca968a4bfb8,168803407,BUOY-11  100%,-5.6027,-10.5693,477.978938,514.698969,469.0,506.0,2023-12-24T06:59:32.000Z,2024-01-04T04:57:33.000Z,loitering,1
302880058-8dd3-6bfc-471e-081a890698c2,55280016,NET-ZSY05528-16-78%,31.2216,122.7421,2.2031370000000003,2.2031370000000003,40.0,40.0,2023-12-24T07:02:29.000Z,2024-01-01T07:30:30.000Z,loitering,1
8be29389d-d4ff-9c68-cc18-561816957531,79366600,SUQIYU03666---00,32.3403,123.6468,148.41728099999997,148.41728099999997,178.0,178.0,2023-12-24T07:14:25.000Z,2024-01-01T11:22:05.000Z,loitering,1
23914ea5b-b839-f758-5f3e-59d9c51c3500,72330517,SUQIYU03305---17,32.3377,123.6504,148.41728099999997,148.41728099999997,178.0,178.0,2023-12-24T07:15:24.000Z,2024-01-01T11:26:42.000Z,loitering,1
a7ec1f412-225c-affd-3c00-71cf4b97aefb,33220202,ZHEDAIYU03322-202,31.3502,125.843,210.382781,210.382781,206.0,206.0,2023-12-24T07:20:56.000Z,2024-01-01T10:32:24.000Z,loitering,1
f745e4e44-4b89-f222-4b02-1b269579e761,123059151,AISBBUOY_SAKURI_C99%,-10.5908,139.1846,275.289062,262.986031,252.0,241.0,2023-12-24T07:22:16.000Z,2024-01-02T03:51:25.000Z,loitering,1
9c34c5059-99d8-f1c9-a71a-2d936790b18d,31897307,SUQIYU03189-07_8.1V,32.3336,123.6204,145.595609,145.595609,175.0,175.0,2023-12-24T07:23:45.000Z,2024-01-01T11:32:29.000Z,loitering,1
e2fe8fcde-efd6-5f89-0697-dfc01345b330,909210055,NET09210-55-99%,31.1577,122.8891,6.752496,6.752496,38.0,38.0,2023-12-24T07:24:05.000Z,2024-01-02T00:33:31.000Z,loitering,1
fc3fba0c3-34fd-6ffb-3975-ae89441ba766,68280064,,30.1748,123.1837,24.057548999999998,22.110412,38.0,37.0,2023-12-24T07:34:47.000Z,2024-01-01T01:55:16.000Z,loitering,1
6f438ae2c-c88b-b9e5-e371-a3e4a9ab38fa,994230002,994230002         8V,-2.964,59.346,393.801094,464.874156,379.0,458.0,2023-12-24T07:40:31.000Z,2024-01-01T01:50:54.000Z,loitering,1
f5cbe0c22-2a71-6b36-d9b5-0ad400158998,525343311,AIS BUOY-3311  100%,-14.1282,107.7954,470.959969,472.554562,457.0,458.0,2023-12-24T07:48:36.000Z,2024-01-07T14:56:14.000Z,loitering,1
eb6f90cc3-3bd6-a781-9dc5-dc65043f26dc,352001512,JADEAR,1.7261,104.6837,21.238943,21.238943,48.0,48.0,2023-12-24T07:57:00.000Z,2024-01-05T02:59:49.000Z,loitering,1
f77cdbbf3-3dcb-1bdd-8c82-77a47671f96b,168804114,BUOY-08  100%,-1.9483,-21.4693,971.8469379999999,1079.02725,970.0,1078.0,2023-12-24T07:57:11.000Z,2024-01-04T18:01:22.000Z,loitering,1
eaed680be-e09d-e882-e43d-3cb9d64f43c4,14290036,ZHESHENG01429-36-99%,31.159,122.9629,13.366956,14.31535,42.0,43.0,2023-12-24T07:58:55.000Z,2024-01-01T19:59:15.000Z,loitering,1
0f8884ae6-6941-b5a9-41e9-d9ddf420efcb,352002323,HANSIKA,25.718,56.9127,25.442687999999997,26.638488000000002,40.0,39.0,2023-12-24T07:59:50.000Z,2024-01-02T00:57:57.000Z,loitering,1
83ac13563-38e1-29c3-69e0-66511f79d9b6,77850020,ZHESHENG07785-20-99%,31.1454,122.9425,11.420691000000001,11.419486999999998,39.0,40.0,2023-12-24T08:04:19.000Z,2024-01-01T10:51:23.000Z,loitering,1
37df1fe38-8306-aecd-0b79-12cb9e1fa62d,92100041,NET-ZSY09210-41-99%,31.1946,122.8883,6.751802,7.447746,40.0,42.0,2023-12-24T08:08:46.000Z,2024-01-08T04:37:51.000Z,loitering,1
6562b0e4a-afad-a9fe-ac5d-1b75ff865bed,92100001,NET1-ZSY09210-88%,31.1648,122.8853,6.752496,5.708539,38.0,39.0,2023-12-24T08:09:05.000Z,2024-01-01T14:08:22.000Z,loitering,1
99a5a6cf5-5079-1193-fd30-1719cda894ac,308424000,SUKSAN SALAMANDER,10.5034,100.2717,108.335109,107.538102,63.0,63.0,2023-12-24T08:09:17.000Z,2024-01-23T18:03:23.000Z,loitering,1
06623c544-4d00-db2d-347e-0dbfa95457e3,92100005,NET5-ZSY09210-74%,31.1679,122.8862,7.020787,5.709744,41.0,37.0,2023-12-24T08:09:23.000Z,2024-01-08T03:43:18.000Z,loitering,1
b5a853ed1-1ac9-0967-9fa5-408e66919f04,44228057,SUQIYU04422*57_8.0V,32.311,123.1902,117.55982,117.55982,136.0,136.0,2023-12-24T08:09:31.000Z,2024-01-10T08:51:50.000Z,loitering,1
530f39422-2d08-c01c-58a6-8a0fe5447dda,921979011,ZLY21979-1138%,31.479,122.5999,10.835062,10.835062,67.0,67.0,2023-12-24T08:13:48.000Z,2024-01-10T10:10:39.000Z,loitering,1
65cdb6d4f-fb77-521c-1c13-13c48c865f99,907785064,NET-ZSY07785-64-99%,31.1316,122.939,11.421896,11.421896,38.0,38.0,2023-12-24T08:15:49.000Z,2024-01-01T14:40:06.000Z,loitering,1
081c0a871-1dda-7357-203d-ef93c92972d9,14690179,NET179-ZSY0146999%,31.1596,122.9139,8.635152,8.635152,39.0,39.0,2023-12-24T08:16:18.000Z,2024-01-01T07:44:40.000Z,loitering,1
3b4786865-5e3e-4edd-705e-dccc8df279ce,92100045,NET-ZSY09210-45-99%,31.1912,122.8876,6.659962,8.00745,39.0,43.0,2023-12-24T08:19:44.000Z,2024-01-26T23:42:05.000Z,loitering,1
c9677430f-ff34-3aab-4f90-5cd928b48aaf,14690167,NET167-ZSY0146999%,31.1521,122.9203,8.565520000000001,10.525108,37.0,40.0,2023-12-24T08:21:43.000Z,2024-01-01T09:15:21.000Z,loitering,1
f279abb43-3a2c-f9ac-e922-287e496a6f2d,92100023,NET-ZSY09210-23-99%,31.1953,122.8894,7.020787,7.447746,41.0,42.0,2023-12-24T08:21:47.000Z,2024-01-01T08:57:40.000Z,loitering,1
c2a086a51-15d3-597d-6bd3-d1a5054444b4,752260061,75226-61-99%,37.5249,123.5699,81.660633,75.77763300000001,81.0,76.0,2023-12-24T08:22:27.000Z,2024-01-10T08:54:08.000Z,loitering,1
4dc7c9c7d-da61-9085-2d61-6645f5ca7765,412269032,SUQIYU03269AI32  7V8,32.2786,123.2977,121.00401600000001,121.00401600000001,144.0,144.0,2023-12-24T08:22:53.000Z,2024-01-01T12:28:48.000Z,loitering,1
8e4a4ba0c-cf32-684d-3eb6-3de9929c1113,14690173,NET173-ZSY0146995%,31.1767,122.9247,9.579488,10.698248,40.0,43.0,2023-12-24T08:29:02.000Z,2024-01-01T11:47:35.000Z,loitering,1
8c4b920d1-1e4a-47b0-5fe2-dba1b984df04,14690170,NET170-ZSY0146999%,31.1699,122.9241,9.51423,10.465654,41.0,41.0,2023-12-24T08:29:46.000Z,2024-01-01T10:21:20.000Z,loitering,1
752e6b885-5f25-268c-3e23-0aabcd729b68,14690175,NET175-ZSY0146999%,31.1593,122.9195,8.635152,10.525108,39.0,40.0,2023-12-24T08:35:54.000Z,2024-01-01T09:29:50.000Z,loitering,1
0df701697-77c2-1fde-d8d1-3f1330e54c67,32690008,SUQIYU03269-08-76%,32.2738,123.2964,116.726328,124.49910899999999,142.0,146.0,2023-12-24T08:36:11.000Z,2024-01-10T09:10:35.000Z,loitering,1
c9befc71e-e41a-de9e-a7d5-975d87503443,3269105,SUQIYU03269-105_7.8V,32.2749,123.2963,118.424625,122.743852,143.0,145.0,2023-12-24T08:38:12.000Z,2024-01-10T08:57:31.000Z,loitering,1
45e78f9fc-cb16-fc7e-4043-34ff188e0cf8,10016705,SUHAI ANYU167-05_7.9,33.1168,123.1392,157.288828,157.288828,180.0,180.0,2023-12-24T08:45:51.000Z,2024-01-01T10:06:34.000Z,loitering,1
e7c5945b9-9dea-ff78-d9d8-c93e2e31ec79,213336801,SUQIYU03368-001_8.0V,33.1154,123.1097,153.1845,155.84735899999998,174.0,180.0,2023-12-24T08:45:56.000Z,2024-01-01T04:21:20.000Z,loitering,1
ee21bdfc0-0bb5-3ced-bb52-a99dc78229cb,907785069,NET-ZSY07785-69-99%,31.1363,122.9418,11.421896,11.419486999999998,38.0,40.0,2023-12-24T08:46:18.000Z,2024-01-01T13:19:14.000Z,loitering,1
07543ff64-492a-023b-f73f-3df1f9fc7fc2,11230015,01123-15_8.2V,33.1073,123.138,156.915,156.915,179.0,179.0,2023-12-24T08:47:28.000Z,2024-01-02T02:49:17.000Z,loitering,1
1623692a6-6abc-b493-e594-237abf9a2f1a,906828104,06828-104-99%,30.1849,123.1802,24.057548999999998,22.21974,38.0,36.0,2023-12-24T08:48:55.000Z,2024-01-05T03:49:46.000Z,loitering,1
8a69b5878-80cf-86a7-cb4c-9ec1e21a582a,16021393,SUHAI ANYU167-24  *9,33.1157,123.1415,156.915,157.288828,179.0,180.0,2023-12-24T08:52:58.000Z,2024-01-01T10:07:26.000Z,loitering,1
c88c9d52f-f60c-ad6b-0902-a1884e475aad,16021446,SUHAI ANYU167-22  *9,33.0976,123.1388,156.54814100000002,156.54814100000002,178.0,178.0,2023-12-24T08:53:53.000Z,2024-01-01T03:50:11.000Z,loitering,1
48ca3d97a-a90c-00ae-35c4-178ae74751d6,412352794,BAOHUA696,32.5284,123.3669,146.89945300000002,145.101188,161.0,159.0,2023-12-24T08:55:46.000Z,2024-01-01T02:45:34.000Z,loitering,1
7923dc8df-f18c-f494-0aa4-bfb1395e557e,96318901,SUQIYU03189-01-82%,33.1104,123.1493,156.54814100000002,159.418625,178.0,182.0,2023-12-24T08:57:28.000Z,2024-01-01T08:52:33.000Z,loitering,1
f5e0d9b1d-d3ac-dc2f-ddcb-021913c20f4f,305860000,BORKUM,37.2912,16.0346,31.730129,109.035703,31.0,105.0,2023-12-24T08:59:13.000Z,2024-01-02T17:12:55.000Z,loitering,1
a09fd5eb1-1b05-a5b2-4edd-9e479c17b270,352002423,ZAMIL-L.B.5,28.5136,49.6612,0.0,0.0,89.0,88.0,2023-12-24T08:59:51.000Z,2024-01-09T11:53:35.000Z,loitering,1
b45e67f5f-fae8-e34e-3ef5-aee337cc81e6,77850015,ZHESHENG07785-15-90%,31.1721,122.8873,7.447746,6.66207,42.0,36.0,2023-12-24T09:01:16.000Z,2024-01-14T13:23:30.000Z,loitering,1
1372f1f7d-d038-8cea-c15c-508ef80e2db8,960155804,01558--04--51%,31.3811,122.7509,14.509656000000001,14.509656000000001,57.0,57.0,2023-12-24T09:11:45.000Z,2024-01-10T11:51:21.000Z,loitering,1
ebada6644-43ee-b9b3-84c6-8d3d9b01fa5c,906828101,06828-101-99%,30.1816,123.18,24.033057,22.21974,38.0,36.0,2023-12-24T09:11:47.000Z,2024-01-05T04:11:18.000Z,loitering,1
9b3e43d67-7eb2-d283-b8f9-54774798fb92,550710075,LIAOWAYU55071-75-99%,36.8127,123.2056,61.506046999999995,58.839926,63.0,60.0,2023-12-24T09:11:50.000Z,2024-01-04T03:32:14.000Z,loitering,1
4af6e9010-01c0-33ae-f47f-a66231e3197a,921979008,ZLY21979-868%,31.335,122.5994,2.4182759999999996,3.4684459999999997,52.0,53.0,2023-12-24T09:15:11.000Z,2024-01-05T20:58:59.000Z,loitering,1
f10b00d2a-a37d-9b16-9dde-f3135c6c9dcd,519980128,LURONGYU51998-12899%,37.4454,123.3023,53.735176,53.565828,54.0,54.0,2023-12-24T09:15:23.000Z,2024-01-06T00:48:39.000Z,loitering,1
d0984245b-b657-5013-d044-cc4fdf35ef3d,168804174,BUOY-03  84%,-10.8307,77.997,754.776375,704.049125,742.0,691.0,2023-12-24T09:21:15.000Z,2024-01-01T04:28:10.000Z,loitering,1
2867b6d7f-fcd0-bc8e-07c4-1dc5a91f04ba,168804131,BUOY-05  100%,-2.3794,-21.2821,915.50025,1042.147438,914.0,1041.0,2023-12-24T09:33:08.000Z,2024-01-06T15:10:10.000Z,loitering,1
16e25ab26-6ff1-97c4-7390-5d92e1f66fb4,92100086,,31.1721,122.8897,8.00745,6.662772,43.0,35.0,2023-12-24T09:44:44.000Z,2024-01-18T13:02:25.000Z,loitering,1
f9f28d423-3e12-bf1d-ba3a-c83b3bd69040,550710058,LIAOWAYU55071-58-97%,36.9588,123.354,68.48680499999999,67.73079700000001,71.0,70.0,2023-12-24T09:45:55.000Z,2024-01-07T22:35:01.000Z,loitering,1
2eeb22d12-2f91-7d95-5111-3e5d00daf0ee,995001202,H-0002JJ          9V,-17.4278,-34.5689,550.265625,565.245625,443.0,440.0,2023-12-24T09:51:02.000Z,2024-01-01T03:50:59.000Z,loitering,1
80874bd60-044f-ceb0-9898-853ba37715e0,510970013,51097-13-79%,37.7386,123.3779,71.35211699999999,72.703625,69.0,71.0,2023-12-24T09:55:21.000Z,2024-01-07T02:53:13.000Z,loitering,1
f83e9ed8a-a94d-f039-5805-90af290e90d5,168804133,BUOY-07  100%,-2.271,-21.2636,926.14975,1041.092438,924.0,1040.0,2023-12-24T09:55:38.000Z,2024-01-02T16:59:35.000Z,loitering,1
c7ed0ec91-1333-8100-0a55-a03379a1ef07,242189319,ZHELINYU21893-19-,31.4082,122.6025,10.835062,3.4684459999999997,67.0,53.0,2023-12-24T09:58:37.000Z,2024-01-12T12:35:25.000Z,loitering,1
fbc1ae746-6d5d-011a-e2ab-dbfd80ddeddb,311000264,BOURBON CLEAR,-29.6435,13.5323,310.098656,307.903406,282.0,280.0,2023-12-24T09:59:26.000Z,2024-01-01T12:59:56.000Z,loitering,1
e1afe5cee-e260-6962-8dbf-fa588511f229,519980156,LURONGYU51998-15699%,37.0079,123.2836,60.527867,59.347461,64.0,62.0,2023-12-24T10:01:21.000Z,2024-01-03T18:39:51.000Z,loitering,1
b24dc56a3-3781-698d-7eb8-2dd969dbcfd8,212170047,ZHELINYU21217-47-99%,31.1812,122.8428,1.902846,2.926736,37.0,39.0,2023-12-24T10:06:26.000Z,2024-01-09T08:46:03.000Z,loitering,1
00452a0cc-c9c3-fc33-a9f4-074ab1da1da9,66788901,,36.9186,123.4204,74.61451600000001,76.117328,76.0,78.0,2023-12-24T10:26:40.000Z,2024-01-04T00:52:32.000Z,loitering,1
68710193b-bfcb-ea5b-694e-2a33ee368bc3,62592798,,32.1628,125.5036,136.227906,136.227906,133.0,133.0,2023-12-24T10:28:26.000Z,2024-01-01T17:29:31.000Z,loitering,1
5cb7779d0-0ec0-d0b8-042c-680d78cca35d,403714110,ARABDRILL 60,28.5561,49.6202,3.678567,3.678567,94.0,94.0,2023-12-24T10:29:18.000Z,2024-02-02T11:18:08.000Z,loitering,1
e65ff15e5-5fe7-8474-8b19-f32bdcd4e865,548899000,WESTERN LONDON,35.1382,120.6975,57.693602,58.597223,83.0,83.0,2023-12-24T10:35:54.000Z,2024-01-02T20:49:10.000Z,loitering,1
f28bd24a7-734b-67fd-53f7-fcf6a6c58f6d,994060025,994060025         9V,-5.5411,-18.8634,547.8486879999999,566.405312,548.0,566.0,2023-12-24T10:39:52.000Z,2024-01-24T19:29:13.000Z,loitering,1
34f716497-7178-b706-fb50-9f9b3db3108e,902193681,04836-81-99%,30.1513,123.2176,27.011457,27.011457,42.0,42.0,2023-12-24T10:41:54.000Z,2024-01-01T01:50:23.000Z,loitering,1
6e68f1fac-c7d8-d50f-d0ca-ffe59a6656db,168803854,FKS BOUY-02  100%,-5.681,-11.4603,404.09171899999996,416.203562,396.0,408.0,2023-12-24T10:44:50.000Z,2024-01-01T10:56:33.000Z,loitering,1
8f2840a3f-f5cc-c932-cad1-503c1fa790f2,168806296,BUOY-29  100%,-2.3843,-21.5326,932.753125,1068.60075,931.0,1068.0,2023-12-24T10:52:28.000Z,2024-01-06T10:38:53.000Z,loitering,1
5022c6dba-af39-d0ba-257d-4c0bad9c7768,111101316,HH21A1316        99%,-9.5064,-9.3031,580.7350620000001,596.4334379999999,569.0,584.0,2023-12-24T10:52:59.000Z,2024-01-01T05:50:14.000Z,loitering,1
cb374b351-16fb-b529-bbd8-7a8101a3b6f0,242139814,LIN21398--14-41%,31.4752,122.6359,14.02086,14.02086,68.0,68.0,2023-12-24T10:53:32.000Z,2024-01-04T08:44:31.000Z,loitering,1
af9497d84-4275-9b96-bea5-05a51a3edd1f,355345000,OML INTERVENTION 1,28.3094,49.397,3.684088,4.503578999999999,69.0,68.0,2023-12-24T10:59:11.000Z,2024-01-09T04:54:38.000Z,loitering,1
04b162092-2e74-451b-3569-ce26338ad753,412320557,LURONGYU56581,32.3126,125.2609,135.062141,136.791594,133.0,135.0,2023-12-24T11:05:30.000Z,2024-01-01T18:02:20.000Z,loitering,1
539a5ab9c-ce69-1534-dbda-8932ead6ef2b,964170091,IMULA 0157PTM NET 2,-10.4584,69.8927,436.85143800000003,455.39693800000003,424.0,443.0,2023-12-24T11:09:07.000Z,2024-01-03T00:47:19.000Z,loitering,1
94442f0a8-8ceb-932a-d81f-5bf2dbbad21b,508810058,LURONGYU50881-58-50%,37.2988,123.4573,65.492539,69.002016,67.0,71.0,2023-12-24T11:12:34.000Z,2024-01-09T11:55:30.000Z,loitering,1
93a526130-064b-a352-ec0e-78c9bc3be870,168804675,BUOY-23  100%,-2.3801,-21.6179,943.5624379999999,1072.878125,942.0,1072.0,2023-12-24T11:13:02.000Z,2024-01-06T07:21:25.000Z,loitering,1
b31e1c025-5c91-6571-df0b-656bdae9c314,921979017,ZLY21979-17-56%,31.3488,122.5971,5.640286,2.4182759999999996,55.0,52.0,2023-12-24T11:14:31.000Z,2024-01-03T00:08:31.000Z,loitering,1
6a0997480-010e-3367-3163-03b2cd4ef752,508810066,LURONGYU50881-66-67%,37.2326,123.4403,66.869117,65.468559,72.0,67.0,2023-12-24T11:16:04.000Z,2024-01-12T02:23:31.000Z,loitering,1
362f4658d-dc34-4d5c-f347-82487270e7fc,519980140,LURONGYU51998-14067%,37.4908,123.3075,55.765094,55.490746,55.0,55.0,2023-12-24T11:20:47.000Z,2024-01-04T10:47:15.000Z,loitering,1
8163bc796-697a-de99-8dd0-acf6b504fdc4,994060024,994060024         9V,-5.6412,-18.885,535.9469379999999,571.835125,536.0,572.0,2023-12-24T11:25:56.000Z,2024-01-02T17:15:02.000Z,loitering,1
a0181cba1-1fbb-f547-d44e-ade214910642,168804130,BUOY-04  100%,-2.2636,-21.1587,911.431625,1041.3865,910.0,1040.0,2023-12-24T11:27:18.000Z,2024-01-04T22:38:26.000Z,loitering,1
f643ae2e6-66a9-6028-7b49-ee8e994c208b,508810045,LURONGYU50881-45-99%,37.2246,123.4373,65.579844,65.485961,70.0,68.0,2023-12-24T11:27:46.000Z,2024-01-11T03:19:17.000Z,loitering,1
f33f3ce2b-beee-c189-a23e-fa9bdf319df7,111111722,,-5.6787,-10.7541,462.003031,486.43134399999997,453.0,478.0,2023-12-24T11:28:20.000Z,2024-01-02T10:26:54.000Z,loitering,1
04c4f0ac3-3390-33eb-8c91-c36ec69a9d9d,111112793,,-9.6336,-9.4282,574.368812,586.9265,563.0,575.0,2023-12-24T11:33:46.000Z,2024-01-08T23:53:39.000Z,loitering,1
9b6d5d927-7bd5-f5f0-f240-46d24ab5c866,111112191,LQ21010,-9.6107,-9.5571,568.007875,565.011125,556.0,553.0,2023-12-24T11:34:24.000Z,2024-01-09T00:10:00.000Z,loitering,1
2ab6296d0-0ae2-3fc0-ff44-2484b8d9d3cf,508810044,LURONGYU50881-44-99%,37.2844,123.4696,64.847633,71.61214100000001,68.0,73.0,2023-12-24T11:48:06.000Z,2024-01-18T01:34:14.000Z,loitering,1
55c7427bb-b8da-e43f-4896-5dcee7582384,508810051,LURONGYU50881-51-99%,37.2714,123.4318,65.518625,64.587418,68.0,67.0,2023-12-24T11:51:29.000Z,2024-02-12T03:39:43.000Z,loitering,1
8e655adc0-031c-5693-b1d3-362eab64d9d8,690125684,ZHE12568-4-62%,29.4262,122.927,43.90125,40.431699,70.0,67.0,2023-12-24T11:59:29.000Z,2024-01-05T11:50:57.000Z,loitering,1
0a1c005fb-b80a-f9fb-67a9-df9f136eaf32,508810063,LURONGYU50881-63-99%,37.2517,123.4388,66.45253100000001,65.509285,71.0,67.0,2023-12-24T12:03:36.000Z,2024-01-21T23:46:24.000Z,loitering,1
46e2a8340-0e26-cf99-514f-d62d07b9f90e,91800355,KM88-3 92%,10.2283,-32.3585,928.3600620000001,1068.034375,900.0,1040.0,2023-12-24T12:06:47.000Z,2024-01-11T00:35:16.000Z,loitering,1
0c1e7ae1f-f8e1-c41d-243d-7cc6b3ab8dbb,574003190,TC AQUILA,7.149,104.0383,219.690047,222.103875,167.0,165.0,2023-12-24T12:09:18.000Z,2024-01-02T01:47:45.000Z,loitering,1
820bddd0d-db7c-9c38-5087-ba53b8c3cded,14131954,SURUYU03268-21    *9,32.4088,123.559,147.928406,147.928406,172.0,172.0,2023-12-24T12:20:33.000Z,2024-01-01T10:34:16.000Z,loitering,1
064cb4616-6e69-2c9c-2df0-67526cf6518f,994127027,994127027         9V,-6.1898,-20.7885,736.9995,719.963375,737.0,720.0,2023-12-24T12:22:58.000Z,2024-01-05T09:25:00.000Z,loitering,1
25c9a3004-44b4-cefa-a6c4-fcff100e6e6b,508810053,LURONGYU50881-53-99%,37.2211,123.4687,66.27125,70.873344,71.0,74.0,2023-12-24T12:26:52.000Z,2024-01-02T12:15:11.000Z,loitering,1
91e7e66e5-594b-2644-5919-50984cd79942,508810065,LURONGYU50881-65-99%,37.2853,123.4767,66.8425,71.589203,71.0,72.0,2023-12-24T12:41:22.000Z,2024-01-18T00:41:06.000Z,loitering,1
8a77433c6-6824-4718-a486-cbb11bba4604,123580010,12358-10-99%,29.4716,122.8443,32.418346,33.53475,59.0,59.0,2023-12-24T12:45:11.000Z,2024-01-01T17:47:06.000Z,loitering,1
111cc5173-3d6c-c891-154f-dc8131c24e7a,781222511,LIN12225-11-71%,29.36,122.9369,45.993,51.585660000000004,73.0,69.0,2023-12-24T12:46:09.000Z,2024-01-01T18:59:49.000Z,loitering,1
95573bf73-3dd2-3385-2095-e4ff57d33718,541222519,LIN12225-19-70%,29.3541,122.9485,45.993,54.487711000000004,73.0,71.0,2023-12-24T12:46:29.000Z,2024-01-01T07:48:14.000Z,loitering,1
6582f49a3-37ca-fde9-365f-fff85f8a1d72,168803109,88K004  100%,10.3594,-31.8275,923.929938,959.291375,896.0,931.0,2023-12-24T12:47:11.000Z,2024-01-02T02:34:53.000Z,loitering,1
f5a11d19b-b03b-6a7e-bc0b-c0efe709e374,532192711,LIN21927--11-70%,29.3852,122.9382,42.55957,49.135214999999995,69.0,71.0,2023-12-24T12:47:16.000Z,2024-01-01T08:10:24.000Z,loitering,1
376e08e84-4bb0-5b29-f7ee-770e8beed70c,323125683,LIN12568-3-62%,29.4242,122.9286,43.90125,40.431699,70.0,67.0,2023-12-24T12:54:26.000Z,2024-01-05T11:47:18.000Z,loitering,1
1eada36d2-2dd6-e0b1-b783-f19f083c38a0,111101309,HH21A1309        99%,-9.5879,-9.6944,548.95825,553.7645620000001,537.0,542.0,2023-12-24T12:58:18.000Z,2024-01-01T10:59:15.000Z,loitering,1
81076b5dc-c858-bc45-a6fd-cf41ef4ba85e,219018986,MAGLEBY MAERSK,35.5444,121.0437,20.579121,20.579121,42.0,42.0,2023-12-24T12:59:22.000Z,2024-01-01T08:59:26.000Z,loitering,1
7e7eb3262-223a-af68-c9ce-aaf649f6d65d,163158602,,25.7067,120.8155,64.688805,65.327141,76.0,75.0,2023-12-24T13:40:27.000Z,2024-01-07T15:26:12.000Z,loitering,1
13a94da43-37a4-1f0f-6c52-1b4863d58537,903500701,35007-01-71%,37.9667,122.8278,60.188542999999996,60.700629,62.0,62.0,2023-12-24T13:41:39.000Z,2024-01-06T00:04:53.000Z,loitering,1
4b1423811-1fa4-ce46-1d5e-e4f574946d9d,538004907,TRANSOCEAN BARENTS,33.5186,31.5372,158.483562,158.950516,158.0,159.0,2023-12-24T13:49:05.000Z,2024-02-10T15:40:02.000Z,loitering,1
477b2c3c8-8eea-8889-7e79-81141da70a3d,563005600,STRATEGIC TENACITY,-35.2193,-55.4737,1.8168,1.111949,40.0,39.0,2023-12-24T13:59:38.000Z,2024-01-02T10:56:24.000Z,loitering,1
40c20b452-20d8-adee-fdc4-546e86b4f499,151668813,6688-13-48%,39.2741,123.6751,47.094883,47.807879,47.0,47.0,2023-12-24T14:26:58.000Z,2024-01-03T10:50:57.000Z,loitering,1
1e974b2a3-3bfe-fe19-d428-909cb7143840,124515187,51097-886%,37.5541,123.0066,0.0,69.72566400000001,1.0,68.0,2023-12-24T14:35:04.000Z,2024-01-08T00:18:03.000Z,loitering,1
4d30afd25-5cbf-9a6e-bc7f-38752d56768b,201213981,LIN21398--1-58%,31.4746,122.5632,7.956229,7.223376,64.0,64.0,2023-12-24T14:37:14.000Z,2024-01-04T01:16:56.000Z,loitering,1
a24ec675c-ccd2-79c5-c76d-0b7ef44a7270,752260110,75226-99%,37.471,123.0667,0.0,70.849039,0.0,70.0,2023-12-24T14:41:42.000Z,2024-01-01T04:40:36.000Z,loitering,1
c6521ab91-1f42-91a1-d150-49a46ffde804,503366620,SAN33666-20-43%,31.4795,122.5965,10.835062,10.835062,67.0,67.0,2023-12-24T14:47:28.000Z,2024-01-10T10:14:39.000Z,loitering,1
946b5aa98-82b1-7975-d3cb-21eccb5fc15e,389128992,12899-2-99%,29.4974,122.8498,36.798078000000004,26.353342,61.0,53.0,2023-12-24T14:49:30.000Z,2024-01-05T10:45:26.000Z,loitering,1
eb1099888-80b0-ed19-4080-fad29b08c281,151668815,6688-15-99%,39.3371,123.6763,43.488156000000004,43.2095,45.0,46.0,2023-12-24T14:58:56.000Z,2024-01-03T04:14:53.000Z,loitering,1
a897e4752-2599-51f5-3397-678707cd1f0a,21690032,,31.4984,125.6883,195.96207800000002,199.679609,192.0,196.0,2023-12-24T15:09:05.000Z,2024-01-01T11:44:13.000Z,loitering,1
23df20909-95f6-113f-5b98-3562949b4831,111067446,,31.607,125.6505,186.613641,186.613641,183.0,183.0,2023-12-24T15:11:41.000Z,2024-01-01T13:42:16.000Z,loitering,1
ddd0aca45-507b-e511-8257-ff57c70f14cb,602990001,GUANYUN60299-1---7V8,31.4723,122.6844,17.958009999999998,17.451801,67.0,68.0,2023-12-24T15:21:28.000Z,2024-01-03T16:15:04.000Z,loitering,1
681976fc8-8126-d5d9-0c2a-1d4b7ceaf985,406785028,,31.5197,125.7676,193.250594,193.250594,189.0,189.0,2023-12-24T15:22:48.000Z,2024-01-02T04:25:39.000Z,loitering,1
b246cdc29-9f3c-2afe-3f25-2c5930502a86,39070004,,31.567,125.6878,189.787875,190.857328,186.0,187.0,2023-12-24T15:23:50.000Z,2024-01-01T11:48:37.000Z,loitering,1
f75a2f1a1-10db-e986-e90e-29488a4a1aef,67850013,ZHEDAIYU06785-13,31.5597,125.7843,188.486859,188.70421900000002,184.0,185.0,2023-12-24T15:23:57.000Z,2024-01-01T12:58:20.000Z,loitering,1
38f8f10b1-16cc-a14e-c5bb-24c6dd4cc371,15142097,ZHEDAIYU06222-33  *3,31.5285,125.752,192.618141,192.618141,189.0,189.0,2023-12-24T15:28:07.000Z,2024-01-01T12:28:07.000Z,loitering,1
45ccdb0d7-7cfa-daae-e078-cc191535d938,680627124,ZHE DAI YU 06222=7V9,31.5809,125.7513,187.22779699999998,187.22779699999998,183.0,183.0,2023-12-24T15:32:59.000Z,2024-01-02T04:37:31.000Z,loitering,1
50108be84-4661-6115-5c5f-7ecf29ea0c65,412186817,TIELONG61868-17-99%,25.7574,120.85,63.978352,63.353254,77.0,77.0,2023-12-24T15:56:24.000Z,2024-01-01T02:54:52.000Z,loitering,1
87dc76ed7-7908-1185-2ef5-74849472004e,590606042,PINGTAIRONG313-0 69%,-19.2671,-112.6737,953.642812,911.738438,946.0,904.0,2023-12-24T15:58:01.000Z,2024-01-02T00:59:13.000Z,loitering,1
8c2c9cd71-173e-1438-6141-e0ce8904979b,636020665,ASL URANUS,29.7889,123.0436,39.390461,39.390461,46.0,46.0,2023-12-24T15:58:24.000Z,2024-01-02T20:59:27.000Z,loitering,1
88651babf-f1c6-297e-6d2c-240bd1c18c63,369550000,Q4000,28.2385,-88.5539,4.074345,9.368549999999999,100.0,105.0,2023-12-24T16:06:17.000Z,2024-01-21T12:39:13.000Z,loitering,1
31cc4c083-388f-9626-a054-4831afcf9f62,33127358,SUQIYU03312-5899%,33.1693,123.0646,152.369922,153.22840599999998,178.0,179.0,2023-12-24T16:33:00.000Z,2024-01-01T10:12:24.000Z,loitering,1
5b7bfe2f4-419f-d513-759d-a9a1608d929a,45060018,SUSHEYU04506-18-99%,34.7165,120.2564,27.340982,27.340982,39.0,39.0,2023-12-24T16:52:17.000Z,2024-01-03T09:16:20.000Z,loitering,1
91fec2164-41bd-6133-2e2b-2d90c1613083,421234585,PTR313-05 54%,-19.2453,-112.7739,950.4610620000001,927.342438,943.0,919.0,2023-12-24T16:54:32.000Z,2024-01-02T05:40:52.000Z,loitering,1
8b9ffba1e-eac5-8b32-5a95-ba6791546989,14190170,NET170-ZSY0141999%,31.2208,122.9362,12.696125,12.696125,46.0,46.0,2023-12-24T16:55:58.000Z,2024-01-01T12:53:18.000Z,loitering,1
1611f61d8-80ad-d879-7ee0-9648cba66dd8,710002990,NORMAND TURQUESA,-22.4454,-40.0647,1.027752,0.0,108.0,107.0,2023-12-24T16:57:02.000Z,2024-01-11T09:17:03.000Z,loitering,1
02f84bc3d-d9d9-8c1f-c99d-4b48f655eac0,994008727,BUOY-07           9V,-2.0275,-149.7825,987.646875,942.719062,620.0,600.0,2023-12-24T16:58:39.000Z,2024-01-01T06:54:42.000Z,loitering,1
508812704-4b9b-49c9-57a1-0033546eb16f,907785057,NET-ZSY07785-57-99%,31.1635,122.9368,11.419486999999998,10.52401,40.0,42.0,2023-12-24T17:10:45.000Z,2024-01-09T09:55:11.000Z,loitering,1
15eadb5b7-7e5a-d766-99e4-3a0988abcadd,14190173,NET173-ZSY0141979%,31.2328,122.9365,12.250611000000001,14.46966,45.0,49.0,2023-12-24T17:24:51.000Z,2024-01-01T11:43:18.000Z,loitering,1
56da1c500-070a-bfa5-a664-fdc8923828c2,77850034,NET-ZSY07785-34-33%,31.1548,122.9379,11.419486999999998,10.525108,40.0,40.0,2023-12-24T17:26:55.000Z,2024-01-17T03:23:40.000Z,loitering,1
ca46a86ca-ad70-f6b7-411c-30654a65d876,417045832,IMULA 0458 CHW,-5.9746,75.9079,575.962375,273.599531,568.0,219.0,2023-12-24T17:32:05.000Z,2024-01-13T11:55:56.000Z,loitering,1
0f85bd60c-c35d-9aeb-09e9-b0d203e66ad6,14190166,NET166-ZSY0141999%,31.2147,122.9329,11.369544,11.848327,45.0,46.0,2023-12-24T17:34:35.000Z,2024-01-01T14:49:58.000Z,loitering,1
6d2fbfb7e-ec6a-2552-fd10-e201ae11e9c5,789737688,,34.7785,123.6339,118.965688,167.102641,118.0,166.0,2023-12-24T17:50:14.000Z,2024-01-01T01:03:41.000Z,loitering,1
ce2260edb-b365-740d-d5c1-404d4804a6f7,90341122,SUQIYU03411-22,33.5226,123.1105,175.697359,174.453953,192.0,193.0,2023-12-24T17:57:08.000Z,2024-01-02T01:23:59.000Z,loitering,1
cf0846d8b-b2d2-3adf-2fa7-ad90aa325ee6,538008476,AL REEM,-35.1286,-55.6396,0.0,0.0,39.0,39.0,2023-12-24T17:59:28.000Z,2024-01-03T11:58:06.000Z,loitering,1
9a55f3fdb-bc35-af8f-1a9b-20de950c5df2,403308864,33088+64_65%,32.1798,125.4505,136.825391,136.825391,134.0,134.0,2023-12-24T18:06:36.000Z,2024-01-01T08:57:59.000Z,loitering,1
8203e410a-a63d-c8c9-8191-d17ee9dcff57,77850048,NET-ZSY07785-48-99%,31.1608,122.9402,11.471698,11.471698,41.0,41.0,2023-12-24T18:14:32.000Z,2024-01-01T10:46:40.000Z,loitering,1
dbd7bea3e-e3d7-f231-036b-0349dcb3b155,14690140,NET140-ZSY0146999%,31.2286,122.9253,10.500726,13.732040000000001,45.0,49.0,2023-12-24T18:17:14.000Z,2024-01-03T08:25:34.000Z,loitering,1
60effaf9a-a116-3ce8-49d9-6291eb372461,14190171,NET171-ZSY0141999%,30.9588,122.9531,9.579488,14.505732,40.0,16.0,2023-12-24T18:20:11.000Z,2024-01-07T20:57:41.000Z,loitering,1
5b920ed90-0eba-beaf-53e3-65b47219c9aa,22770007,,34.0687,123.9954,104.106703,105.062586,99.0,100.0,2023-12-24T18:21:04.000Z,2024-01-01T07:38:13.000Z,loitering,1
e6aa3e871-1a8b-4e62-a540-0ce1398cefe9,676785337,ZHEDAIYU04277-100,34.0538,124.0017,105.062586,103.22174199999999,100.0,99.0,2023-12-24T18:21:11.000Z,2024-01-01T09:33:00.000Z,loitering,1
efd3db802-2ce2-34b4-2ade-f767af0312b9,902409025,NET25ZSY02409-82%,34.0665,124.0065,103.185523,104.118375,98.0,99.0,2023-12-24T18:21:17.000Z,2024-01-01T07:46:58.000Z,loitering,1
7f112da3d-db93-c252-2f24-d40d8482236c,46570035,ZHEDAIYU04657-35,34.0562,124.0079,103.185523,103.185523,98.0,98.0,2023-12-24T18:25:59.000Z,2024-01-01T08:52:14.000Z,loitering,1
7fbaabc4d-d4ef-7666-d0c6-b88b9f33f06b,96427761,ZHEDAIYU04277-61A82%,34.0684,124.0118,103.185617,103.221273,98.0,98.0,2023-12-24T18:28:19.000Z,2024-01-01T10:37:54.000Z,loitering,1
7c57d3ba4-42f8-ba6a-0af5-6e4a11b3ce51,42770103,,34.0801,124.0092,103.221273,103.221273,98.0,98.0,2023-12-24T18:30:03.000Z,2024-01-01T09:55:28.000Z,loitering,1
195e1a2a7-745b-0d3a-acae-e982c52a97b5,27700001,ZHEDAIYU277-01_8.2V,34.04,124.0052,103.22174199999999,104.106914,99.0,99.0,2023-12-24T18:31:20.000Z,2024-01-01T09:49:44.000Z,loitering,1
4c020326b-bb6c-aa63-60d6-1077c5406f2c,420213861,SUQIYU02138-61-77%,34.0545,124.0052,104.14192200000001,103.22174199999999,99.0,99.0,2023-12-24T18:33:38.000Z,2024-01-01T09:41:57.000Z,loitering,1
2c7de63c8-85b1-f73c-940d-15123146f859,62595212,,34.0926,124.0111,103.221273,103.304891,98.0,98.0,2023-12-24T18:36:41.000Z,2024-01-01T07:42:20.000Z,loitering,1
ecb7824a2-2528-b44a-0127-e2f0dc5a2eb9,123003112,SUGANYU02596-112-34%,34.0806,124.0106,103.221273,103.257102,98.0,98.0,2023-12-24T18:36:57.000Z,2024-01-01T08:18:26.000Z,loitering,1
7203efef1-12d9-d3bc-87ce-df9c00bcad1e,96013177,SUQIYU01369-52-65%,33.731,123.084,187.706875,187.001969,188.0,189.0,2023-12-24T18:45:23.000Z,2024-01-01T02:48:28.000Z,loitering,1
ddfe8f020-0bad-a586-1806-dc08acab7c1d,14690178,NET178-ZSY0146999%,31.2159,122.925,11.369544,11.017421,45.0,46.0,2023-12-24T18:46:19.000Z,2024-01-04T18:27:41.000Z,loitering,1
8b497934f-faab-43dc-9971-21e209df6218,994008349,CS 686 BUOY-09    9V,-2.0252,-149.8945,975.340812,932.821,607.0,590.0,2023-12-24T18:46:49.000Z,2024-01-01T03:49:23.000Z,loitering,1
460ac2dc6-6055-05e7-308c-31c4868c07fa,242903865,,34.0394,124.0026,104.118984,104.118984,99.0,99.0,2023-12-24T18:47:03.000Z,2024-01-01T09:43:05.000Z,loitering,1
5f6466002-21d1-31ba-8350-421d3d286537,26628262,ZHE DAI YU 06282-62,34.073,124.0087,103.19741400000001,103.19741400000001,98.0,98.0,2023-12-24T18:47:08.000Z,2024-01-01T09:55:55.000Z,loitering,1
818ac39b4-46b9-ea73-7fc4-9dbb4adce72c,4277002,,34.0482,124.0086,103.19769500000001,103.185617,98.0,98.0,2023-12-24T18:47:26.000Z,2024-01-01T09:39:35.000Z,loitering,1
20a5ecd70-00f2-788f-f7ff-0f37b5b59307,96427769,ZHEDAIYU04277-69A81%,34.0669,124.0085,103.185523,104.118375,98.0,99.0,2023-12-24T18:48:01.000Z,2024-01-01T08:00:58.000Z,loitering,1
2e80ee2ef-f7b8-eca0-31ce-bcb2c3dcbde8,14190158,NET158-ZSY0141999%,31.1563,122.9222,9.516238999999999,9.579488,39.0,40.0,2023-12-24T18:53:26.000Z,2024-01-01T07:45:35.000Z,loitering,1
9f9f3cedc-c375-6646-b3fa-256ea7909f5f,4277003,,34.0801,124.0093,103.221273,103.221273,98.0,98.0,2023-12-24T18:56:25.000Z,2024-01-01T09:26:44.000Z,loitering,1
f635aeb1c-ca4c-4823-da70-59e9ad2950de,800388061,88061-3-81%,29.3594,122.8245,20.482061,63.276617,47.0,63.0,2023-12-24T18:57:27.000Z,2024-01-02T03:15:32.000Z,loitering,1
c0e53fcc6-6109-f212-cab4-dac279852d4b,800188112,88112-1-88%,29.3828,122.7889,18.417120999999998,59.639477,45.0,60.0,2023-12-24T18:57:46.000Z,2024-01-05T00:43:17.000Z,loitering,1
076f05ecf-fee8-bcec-dd6f-d0021363fce2,256197000,MRC BELIZ,25.5025,54.8609,1.003629,0.0,44.0,42.0,2023-12-24T18:59:09.000Z,2024-01-11T09:55:31.000Z,loitering,1
13faca3af-f8c6-36b4-f442-dcf8c9bd964b,220580000,MAERSK LAUNCHER,-22.4418,-39.9757,1.111949,1.5141930000000001,116.0,115.0,2023-12-24T18:59:19.000Z,2024-01-03T14:59:02.000Z,loitering,1
9fe6decfc-c2d2-4f20-620b-cff6a3a6e706,800488006,88006-4-84%,29.3703,122.8651,22.87316,66.513164,50.0,69.0,2023-12-24T18:59:55.000Z,2024-01-03T03:02:13.000Z,loitering,1
f1405daad-d2e6-90b8-0cb0-25dc7c7a2098,14690177,NET177-ZSY0146999%,31.2131,122.855,11.848327,1.111949,46.0,38.0,2023-12-24T19:07:44.000Z,2024-01-18T02:18:13.000Z,loitering,1
8e82671d0-04c1-0c6a-b6c8-a9c1eea61ecb,96013125,SUQIYU01368-8885%,33.6863,123.0833,184.14857800000001,184.14857800000001,190.0,190.0,2023-12-24T19:15:34.000Z,2024-01-01T03:51:54.000Z,loitering,1
007878d9e-e2d7-a7fe-c027-4a70e7d65efd,591235806,ZHELINYU12358-06-95%,29.452,122.8341,34.784422,33.53475,59.0,59.0,2023-12-24T19:25:24.000Z,2024-01-01T17:53:43.000Z,loitering,1
17f30727e-e7f3-cce7-8733-5b5ebe6b360e,60335688,,33.5583,123.0344,172.339062,171.594797,197.0,198.0,2023-12-24T19:27:22.000Z,2024-01-01T13:06:27.000Z,loitering,1
6d67d96eb-bce8-5d51-355e-ea6cd9acdd80,715123387,LIN12338-7-99%,29.4444,122.8379,35.331343999999994,34.426812,60.0,60.0,2023-12-24T19:33:15.000Z,2024-01-03T18:42:45.000Z,loitering,1
fbaf9780e-ea4b-8fb7-ce5b-68b025aa0fda,14190165,NET165-ZSY0141999%,31.1648,122.9281,9.517243,11.630471,38.0,44.0,2023-12-24T19:34:57.000Z,2024-01-08T05:39:44.000Z,loitering,1
6b41f7e33-3903-018a-3616-c9b93f7167fe,14190174,NET174-ZSY0141999%,31.1872,122.9318,10.52401,10.698248,42.0,43.0,2023-12-24T19:37:16.000Z,2024-01-01T16:12:09.000Z,loitering,1
e9ab50fb6-6d10-c471-7bfb-ae0b51f33b9c,60335693,,33.5537,123.0362,171.6805,171.594797,197.0,198.0,2023-12-24T19:38:03.000Z,2024-01-01T13:24:32.000Z,loitering,1
765d1e3ae-eb78-a2a8-def0-f3e2dbf9710a,345125685,LIN12568-5-63%,29.3729,122.9506,46.329812,48.86552,72.0,72.0,2023-12-24T19:39:08.000Z,2024-01-01T11:49:56.000Z,loitering,1
f8951dbac-c7e7-0677-c0e2-20f9f26bd55f,34067308,SUQIYU03406-08_8.0V,33.5463,123.0852,174.687094,174.803688,194.0,193.0,2023-12-24T19:49:04.000Z,2024-01-02T01:17:00.000Z,loitering,1
64d9921e3-3916-b280-0521-a422f9cd8263,800588006,88006-5-91%,29.3522,122.862,24.808881,66.513164,51.0,69.0,2023-12-24T19:53:43.000Z,2024-01-03T03:04:46.000Z,loitering,1
d5900ad00-098e-83c0-36d4-2942404e9815,413200840,LIAO YOU 123,31.3001,122.6074,0.0,0.0,48.0,48.0,2023-12-24T19:54:41.000Z,2024-01-05T01:55:29.000Z,loitering,1
a91aa3c20-09a6-1d11-ec6a-f8562756135c,801188006,88006-11-52%,29.347,122.8624,25.570361000000002,66.513164,52.0,69.0,2023-12-24T19:56:07.000Z,2024-01-03T03:07:27.000Z,loitering,1
d4f741571-1922-d134-83a4-f8bcf03d7264,800988006,88006-9-99%,29.3272,122.8644,28.844811,66.513164,55.0,69.0,2023-12-24T19:58:27.000Z,2024-01-03T03:02:01.000Z,loitering,1
ecdb9ebbf-f694-c522-cb78-aff81e00af68,801388006,88006-13-95%,29.3207,122.8638,29.711113,66.513164,56.0,69.0,2023-12-24T19:58:47.000Z,2024-01-03T03:04:23.000Z,loitering,1
e4f8485b0-0444-34b4-7a1b-7b99e1f8abd2,352614000,YING SHUN,31.2123,122.6327,0.0,0.0,38.0,38.0,2023-12-24T19:59:57.000Z,2024-01-07T20:59:17.000Z,loitering,1
38c376d73-39e7-8c94-ebe6-0aedf52d6c05,994110147,994110147         9V,-2.8816,-167.111,1138.573875,1146.33225,401.0,422.0,2023-12-24T20:05:26.000Z,2024-01-01T09:02:27.000Z,loitering,1
60d04b398-8937-d2a7-f4d3-b4ccfe3f4489,232199855,ZHELINYU21998-55-,31.4632,122.6521,17.320977,11.823834999999999,65.0,67.0,2023-12-24T20:07:09.000Z,2024-01-15T22:16:11.000Z,loitering,1
f4c517372-2a03-4be2-289e-aec91aadc98e,341222514,LIN12225-14-94%,29.379,122.8764,34.740055,51.585660000000004,61.0,69.0,2023-12-24T20:19:34.000Z,2024-01-01T18:58:32.000Z,loitering,1
41c91297c-c593-8b4d-6a46-50ab52bb17cc,367612490,HOS CALEDONIA,27.4033,-90.2075,5.9226980000000005,4.866478,183.0,184.0,2023-12-24T20:40:34.000Z,2024-01-03T01:06:35.000Z,loitering,1
050e92d2f-fa79-cf4b-050c-584ee09433ab,63313011,LURIKAIYU63313-11,35.3968,120.2044,30.641971,25.35368,40.0,34.0,2023-12-24T20:48:06.000Z,2024-01-02T15:18:53.000Z,loitering,1
1a512848d-da60-ec9b-507f-b391c5dfc349,412446183,MINFUDINYU02096,32.4358,125.1111,135.924656,138.126312,134.0,136.0,2023-12-24T20:51:53.000Z,2024-01-02T10:26:26.000Z,loitering,1
061074dbc-ca74-81a0-aaef-9d2a82e5ff19,994208100,BUOY-020          9V,-9.0324,-146.5192,621.031375,591.102,415.0,421.0,2023-12-24T20:58:35.000Z,2024-01-03T02:28:20.000Z,loitering,1
25f396533-3190-5f8c-b6d9-b185becee8f9,994110149,994110149         9V,-2.7658,-167.2445,1138.2655,1152.02975,395.0,407.0,2023-12-24T21:21:36.000Z,2024-01-01T05:58:56.000Z,loitering,1
6448407b3-3060-408c-4fa3-39a93c95f2c6,689861056,TIELONG68986-56-53%,22.3089,116.2215,71.63092200000001,53.340292999999996,68.0,50.0,2023-12-24T21:24:03.000Z,2024-01-04T19:04:04.000Z,loitering,1
5af116e5a-a79f-0b56-505f-15066736157a,519980160,LURONGYU51998-16099%,36.9538,123.5115,67.52857,94.26351600000001,72.0,97.0,2023-12-24T21:24:25.000Z,2024-01-07T08:27:13.000Z,loitering,1
6b9b0c3da-ae7c-44ff-5bb3-83ce527b384b,60956515,,34.7198,121.0976,87.38373399999999,71.35274199999999,107.0,79.0,2023-12-24T21:41:30.000Z,2024-01-05T05:57:43.000Z,loitering,1
274deea48-835b-2ad9-273b-48354f5db310,46140017,ZHEDAIYU04614-17_8.2,29.7448,123.1485,46.726578,47.442862999999996,53.0,60.0,2023-12-24T22:04:17.000Z,2024-01-02T10:56:46.000Z,loitering,1
eb39ffce9-93a7-f3a4-fd6c-f8a53b903118,96458522,ZHEDAIYU04585-2268%,29.757,123.0599,48.471027,32.905137,53.0,48.0,2023-12-24T22:05:10.000Z,2024-01-01T12:43:31.000Z,loitering,1
87269c3d4-4d0d-c475-55fa-c1db229c7899,66857811,,33.7272,123.9203,115.997398,118.443797,113.0,115.0,2023-12-24T22:23:40.000Z,2024-01-08T10:28:45.000Z,loitering,1
c5ac9e350-0989-5a6b-f976-f46132ec444b,994080670,994080670         9V,-14.1769,106.3552,422.377344,424.75693800000005,406.0,408.0,2023-12-24T22:27:27.000Z,2024-01-03T12:23:31.000Z,loitering,1
8c040dcc3-347f-165f-42dd-d0dc9028b254,48050058,,32.8917,124.2209,154.147703,154.147703,153.0,153.0,2023-12-24T22:28:39.000Z,2024-01-01T04:21:50.000Z,loitering,1
cfad2394a-ac71-6f81-8f1c-b8e225f80696,23997332,SUQIYU02399-32_8.2V,33.0981,123.6627,172.348734,173.03865599999997,171.0,171.0,2023-12-24T22:30:16.000Z,2024-01-01T01:26:44.000Z,loitering,1
d5b3d7712-2071-5111-9250-341e0b7a9156,994179667,IMULA 0905KLT NET 1,9.4019,68.2452,518.746656,480.980031,471.0,426.0,2023-12-24T22:30:51.000Z,2024-01-01T18:05:41.000Z,loitering,1
605d7d749-9167-2239-3a23-b6c15587f27b,61260602,ZHEDAIYU06126-02-80%,32.8384,124.202,157.030078,162.661719,156.0,162.0,2023-12-24T22:33:03.000Z,2024-01-01T04:24:06.000Z,loitering,1
ea6da70e0-04a4-a6de-97de-2223b33ec9c1,48050076,,32.9012,124.1997,153.322016,155.171188,153.0,154.0,2023-12-24T22:34:43.000Z,2024-01-01T01:57:10.000Z,loitering,1
bba115c63-3d74-7a2a-ce17-867564005612,21272332,SUGANYU02127-32-74%,31.3675,123.8526,119.659633,70.275406,149.0,102.0,2023-12-24T22:41:47.000Z,2024-01-01T16:43:51.000Z,loitering,1
259225c14-403f-3129-7c34-7af912858fc4,48050075,,32.9083,124.2215,152.286344,152.286344,152.0,152.0,2023-12-24T22:44:01.000Z,2024-01-01T03:45:33.000Z,loitering,1
244c3977a-adc6-7db7-8dd2-5658c7b3a229,191133322,11333-22-57%,27.108,123.5585,183.434344,222.817906,183.0,78.0,2023-12-24T22:45:14.000Z,2024-01-03T20:07:07.000Z,loitering,1
6c2aaed00-090e-93c4-4f96-61c57f83039c,44240005,ZHE DAI YU 04424-5,32.908,124.0825,159.847484,159.847484,159.0,159.0,2023-12-24T22:46:12.000Z,2024-01-01T03:49:22.000Z,loitering,1
5fdda7e72-28e8-9103-244a-ba0301da47b5,934218806,42188-6-72%,31.1206,125.5623,225.652875,236.144438,243.0,232.0,2023-12-24T22:48:05.000Z,2024-01-02T10:19:49.000Z,loitering,1
48434c5a7-7253-949e-2e9f-6ff4ab1f3aeb,413283840,BZ34-1WHPF,38.1403,119.4826,0.0,0.0,47.0,47.0,2023-12-24T22:53:45.000Z,2024-10-22T22:15:17.000Z,loitering,1
98687b04b-bf88-b737-3582-9fe128348146,45350078,ZHEDAIYU04535-78A,32.9533,124.1551,155.61759400000003,148.58068799999998,155.0,148.0,2023-12-24T22:54:28.000Z,2024-01-01T03:36:36.000Z,loitering,1
587497e14-4c2c-a13c-d1c5-f25a7a53d466,202695012,ZHEDAIYU02695-12A7V4,33.4824,123.7918,139.14025,139.14025,137.0,137.0,2023-12-24T22:55:24.000Z,2024-01-01T01:59:02.000Z,loitering,1
e78781ab1-1554-b0b5-e6f6-a71acca513ec,48050080,,32.8829,124.2194,155.081953,155.081953,154.0,154.0,2023-12-24T22:56:15.000Z,2024-01-01T03:54:04.000Z,loitering,1
3fffa534b-b325-647a-1e40-bc4b3aeedbd5,101000040,MINXIAYU09793-11-99%,29.7039,123.103,46.437941,43.007281000000006,52.0,64.0,2023-12-24T22:56:20.000Z,2024-01-04T09:59:04.000Z,loitering,1
81b717d61-1aa8-2853-62d4-7563862aaec4,613833000,ZEVS,1.8862,104.8056,43.242195,43.299991999999996,67.0,66.0,2023-12-24T22:58:31.000Z,2024-01-01T16:59:57.000Z,loitering,1
a1d1e6dd8-8272-90b7-1ea3-ac51de24a3bc,511101182,EASTERN HERO,29.617,48.9288,2.230335,0.966643,45.0,44.0,2023-12-24T22:58:42.000Z,2024-01-26T14:59:02.000Z,loitering,1
8ab7bb00a-a1cb-7491-4666-3f5e3ae503f6,48580015,,29.6912,123.0843,48.471027,39.617608999999995,53.0,63.0,2023-12-24T22:59:07.000Z,2024-01-04T10:50:30.000Z,loitering,1
4d5c60495-577e-e33c-8752-0e17c0990c9b,36180006,,32.9562,124.1808,149.826516,149.826516,149.0,149.0,2023-12-24T23:02:23.000Z,2024-01-01T03:13:39.000Z,loitering,1
525cb351d-d1d7-7fb4-9b39-d5745b880cc9,48500009,,32.8291,124.0658,156.063141,179.72453099999998,155.0,179.0,2023-12-24T23:04:34.000Z,2024-01-01T14:23:59.000Z,loitering,1
9e77c96fc-c381-a0d4-be89-5af267b48b2f,107000068,ZHEYU07159-21-58%,32.9546,124.1605,154.169625,148.58068799999998,153.0,148.0,2023-12-24T23:04:48.000Z,2024-01-01T03:29:17.000Z,loitering,1
78df4ccdb-be96-e0c0-b2a6-03a891b1c212,994110150,994110150         9V,-2.6333,-167.4141,1140.016125,1161.28025,385.0,389.0,2023-12-24T23:07:03.000Z,2024-01-01T02:56:12.000Z,loitering,1
a2574d486-6ede-93e9-2a9b-f0cddbe5df24,48050062,,32.913,124.1954,152.401203,153.845641,152.0,153.0,2023-12-24T23:07:09.000Z,2024-01-01T02:51:08.000Z,loitering,1
4a56fcf5b-bddf-6785-df05-ec020c36028b,48641203,,32.9509,124.1207,154.04757800000002,154.04757800000002,153.0,153.0,2023-12-24T23:07:32.000Z,2024-01-01T03:13:36.000Z,loitering,1
bb1dbffd9-9f70-041f-1c01-80ed523b00ae,85350004,ZHEDAIYU08535-04-76%,32.9245,124.1737,153.99265599999998,153.99265599999998,153.0,153.0,2023-12-24T23:10:37.000Z,2024-01-01T02:28:32.000Z,loitering,1
c5458fb0e-e7d7-82be-b654-f987e002d125,111112916,,-9.7342,-9.437,577.508625,588.952375,566.0,577.0,2023-12-24T23:10:38.000Z,2024-01-08T23:55:32.000Z,loitering,1
9105e94d2-2229-0e96-e093-36620098b7d5,44306552,,32.8419,124.1757,150.333125,170.4275,150.0,170.0,2023-12-24T23:11:18.000Z,2024-01-01T04:25:57.000Z,loitering,1
44b7165c1-1263-ba7d-406f-248838ca0858,16297308,SUQIYU01629-08_8.1V,33.0414,124.0329,151.672438,151.672438,151.0,151.0,2023-12-24T23:13:00.000Z,2024-01-01T00:59:30.000Z,loitering,1
5aec61a0e-ef3e-bab8-2f2b-4749149dd713,48640011,,32.9677,124.1211,152.281203,152.281203,151.0,151.0,2023-12-24T23:13:21.000Z,2024-01-01T03:27:23.000Z,loitering,1
0d1f3b0cb-bba5-7d8c-caba-96ec04af1ca9,45350070,,32.939,124.1745,152.177547,152.177547,151.0,151.0,2023-12-24T23:13:46.000Z,2024-01-01T03:12:50.000Z,loitering,1
ece7e4485-5d07-eee3-162b-b0f932c9349f,96230151,ZHEDAIYU02301-5175%,32.9749,124.1481,150.587,150.587,150.0,150.0,2023-12-24T23:15:13.000Z,2024-01-01T03:06:43.000Z,loitering,1
c21397c9a-ad08-8189-7bcf-fbe347abac15,64890039,,32.8737,124.0649,155.181875,172.451266,154.0,172.0,2023-12-24T23:15:29.000Z,2024-01-01T04:20:15.000Z,loitering,1
aeaed2ebe-e404-0691-8557-e97922f9dc8f,60956534,,34.6456,121.2411,85.93379700000001,78.087375,107.0,90.0,2023-12-24T23:17:18.000Z,2024-01-01T18:20:36.000Z,loitering,1
e8cc753ac-cbf2-e388-e313-f94651b35cce,577560069,,32.9913,124.0659,153.452766,153.452766,153.0,153.0,2023-12-24T23:17:19.000Z,2024-01-01T02:53:22.000Z,loitering,1
e1c2cd1dd-d889-bfd8-b23b-b38a81d18204,31865565,SU QI YU 03186-W65,32.9883,124.2566,142.816938,142.816938,142.0,142.0,2023-12-24T23:19:49.000Z,2024-01-01T02:38:38.000Z,loitering,1
37191f708-821f-1d0f-76ad-021b5ae2c16e,45350074,,32.9461,124.1678,151.27409400000002,151.27409400000002,150.0,150.0,2023-12-24T23:20:08.000Z,2024-01-01T03:10:32.000Z,loitering,1
77b653b57-7896-1752-05da-960f1d3da9d9,574005360,HAI DUONG 55,13.0449,96.8691,0.0,1.111949,108.0,108.0,2023-12-24T23:23:20.000Z,2024-01-03T11:09:13.000Z,loitering,1
6d98cfa25-5e14-ce0b-856f-5e092230a1e4,320930,,32.9494,124.2127,149.121969,149.121969,148.0,148.0,2023-12-24T23:23:32.000Z,2024-01-01T03:13:47.000Z,loitering,1
f472aae0d-dce1-bedd-911e-a3bb03bea4c4,48640064,,32.955,124.129,152.59782800000002,153.48568799999998,152.0,153.0,2023-12-24T23:25:28.000Z,2024-01-01T02:02:39.000Z,loitering,1
617c80442-2e18-9580-6aa6-31480684a339,48710046,,33.0237,124.1208,147.919297,147.919297,147.0,147.0,2023-12-24T23:25:32.000Z,2024-01-01T02:30:56.000Z,loitering,1
db6c5cfbc-ccba-3eda-29f6-086efceb7feb,577560087,LURONGYU57756    7V6,32.9907,124.0826,152.86084400000001,152.86084400000001,152.0,152.0,2023-12-24T23:26:08.000Z,2024-01-01T01:54:05.000Z,loitering,1
534204300-0b09-f878-6440-c146ee39f4cb,44160027,,33.0049,124.1563,147.05160899999998,147.363469,146.0,147.0,2023-12-24T23:27:02.000Z,2024-01-01T02:19:13.000Z,loitering,1
71f280da1-1b70-dc18-3db7-25223e3b38e1,48500012,,32.8696,124.0719,154.87907800000002,174.08575,154.0,173.0,2023-12-24T23:28:29.000Z,2024-01-01T08:38:42.000Z,loitering,1
9875bf051-1cab-bca9-b9a8-38147dc7e60b,55550105,,32.9124,124.2102,154.245375,150.434828,153.0,150.0,2023-12-24T23:28:38.000Z,2024-01-01T02:12:34.000Z,loitering,1
e916cc212-29d9-43bb-56d2-cc4e8885708a,32780068,,32.8654,124.2355,154.080094,156.914344,153.0,156.0,2023-12-24T23:30:15.000Z,2024-01-01T03:12:08.000Z,loitering,1
8b34e3427-779b-f048-206a-a8cfa34cf22e,44160014,,33.024,124.1696,144.151375,145.031,143.0,144.0,2023-12-24T23:32:38.000Z,2024-01-01T02:23:09.000Z,loitering,1
dbd084b9c-c7eb-85e1-eac9-0975dc3d1e73,32782150,,32.8618,124.2362,155.967375,155.967375,155.0,155.0,2023-12-24T23:36:04.000Z,2024-01-01T02:38:57.000Z,loitering,1
898b05049-91d0-5d19-30c1-44f91bb5160d,200000032,ZHEDAIYU06008-09,33.0707,124.0495,151.268734,144.686984,150.0,144.0,2023-12-24T23:36:42.000Z,2024-01-01T02:19:35.000Z,loitering,1
55dcc4757-78d2-9ca2-0578-631b812addc7,413274430,PL 19-3WHPA,38.3784,120.1009,1.4128450000000001,1.4128450000000001,53.0,53.0,2023-12-24T23:38:03.000Z,2024-01-09T10:57:36.000Z,loitering,1
32a0d0694-4ac8-600c-5fd9-f97cdf765381,24750003,ZHEDAIYU02475-03-97%,32.3952,124.7999,163.495766,162.566375,162.0,161.0,2023-12-24T23:38:47.000Z,2024-01-01T20:35:19.000Z,loitering,1
a00377fd4-443e-a150-4134-a3257a95b40e,96060827,ZHEDAIYU06082-0781%,33.0492,124.0496,149.60085899999999,149.60085899999999,149.0,149.0,2023-12-24T23:39:20.000Z,2024-01-01T02:54:05.000Z,loitering,1
07bb26642-262c-9cbb-b717-8539cdefe435,48710049,,32.9901,124.1154,150.526984,150.526984,150.0,150.0,2023-12-24T23:42:35.000Z,2024-01-01T03:18:36.000Z,loitering,1
74904a907-7a83-fddb-b127-ecfee387c297,48640023,ZHE DAI YU 04864-7V4,32.9678,124.1344,151.71290599999998,151.71290599999998,151.0,151.0,2023-12-24T23:45:13.000Z,2024-01-01T03:27:04.000Z,loitering,1
47d860fe1-1a2a-a027-0c1d-6a4c7256266d,200267701,SUGANYU02677-1,33.0911,124.0163,148.224094,148.224094,147.0,147.0,2023-12-24T23:47:03.000Z,2024-01-01T00:59:50.000Z,loitering,1
2b4ed8cce-ed9f-72c4-948c-57f8c8642b93,231262973,SUQIYU01629-7386%,33.1112,124.0287,145.97420300000002,145.97420300000002,145.0,145.0,2023-12-24T23:47:23.000Z,2024-01-01T17:45:07.000Z,loitering,1
f1bc70d82-2edc-25e2-7908-0b3969e94cc8,60989760,,33.1219,123.8781,155.243625,154.500172,154.0,153.0,2023-12-24T23:47:34.000Z,2024-01-01T06:02:13.000Z,loitering,1
21e5154c3-32af-8446-651c-afe4f5b09a3e,21585402,,33.0996,124.1176,141.1155,141.1155,140.0,140.0,2023-12-24T23:47:49.000Z,2024-01-01T02:57:43.000Z,loitering,1
cf239b327-7ca6-b4c9-40a0-d7f14337fcbd,412352435,SUQIYU01635,33.2948,123.9063,140.440172,140.961297,139.0,139.0,2023-12-24T23:48:17.000Z,2024-01-01T00:58:53.000Z,loitering,1
66fecdf0a-ae87-4cb2-4962-da5c0504ca75,44160006,,33.0115,124.1708,147.688703,143.274969,147.0,142.0,2023-12-24T23:49:01.000Z,2024-01-01T02:31:40.000Z,loitering,1
865edf0c6-665a-77b8-3bdf-4b92732caa7a,550513805,SUQIYU05138-005-99%,32.5415,124.5155,177.216734,177.216734,175.0,175.0,2023-12-24T23:50:47.000Z,2024-01-01T02:45:03.000Z,loitering,1
6ee916618-86cd-d46e-b672-b785493f51d4,329911,,33.0906,124.1165,141.953312,141.953312,141.0,141.0,2023-12-24T23:51:29.000Z,2024-01-01T03:04:45.000Z,loitering,1
d2dbc7a3b-b350-f4d6-cbd8-cb8b1b46e119,600436610,,32.9587,124.1615,150.924062,150.924062,150.0,150.0,2023-12-24T23:51:51.000Z,2024-01-01T02:49:35.000Z,loitering,1
40a6ea1af-f106-1762-777f-7cb0cf197dbf,10876708,,33.1258,123.8829,154.500172,154.500172,153.0,153.0,2023-12-24T23:52:07.000Z,2024-01-01T06:50:20.000Z,loitering,1
b16243391-1c0c-adb2-d064-abf57943fe58,550513801,SUQIYU05138-001-99%,32.55,124.5152,176.162547,176.162547,174.0,174.0,2023-12-24T23:52:38.000Z,2024-01-01T03:02:48.000Z,loitering,1
2dee5007e-ea94-1475-bd1e-f0f9affb904e,330513807,SUQIYU05138-202-99%,32.5457,124.5125,175.412078,178.569375,174.0,176.0,2023-12-24T23:53:37.000Z,2024-01-01T02:53:34.000Z,loitering,1
e6e85b459-989b-1c71-7642-bbf894a7e9b8,100001295,:3901295-170%,32.5611,124.6265,168.138125,168.009391,165.0,165.0,2023-12-24T23:54:35.000Z,2024-01-01T03:12:34.000Z,loitering,1
332d24fc3-311c-5f39-17cb-dff03a12b6e6,231262974,SUQIYU01629-7480%,33.1023,124.0276,146.7765,146.7765,146.0,146.0,2023-12-24T23:55:49.000Z,2024-01-01T17:34:20.000Z,loitering,1
362cacc09-9603-96ee-f714-0013133605a5,750344308,SUQIYU03443-08_8.0V,32.5196,124.5427,177.180859,176.339484,174.0,173.0,2023-12-24T23:56:24.000Z,2024-01-01T21:27:44.000Z,loitering,1
385b8b901-17b1-428e-ae5c-a7ece56c41b7,600430036,,32.975,124.1561,149.13779699999998,150.029469,148.0,149.0,2023-12-24T23:56:24.000Z,2024-01-01T02:41:29.000Z,loitering,1
81a7a9edf-fcaf-031e-eeaa-203a2fed70e4,330513813,SUQIYU05138-203-96%,32.5414,124.5175,177.216734,177.216734,175.0,175.0,2023-12-24T23:57:09.000Z,2024-01-01T02:27:12.000Z,loitering,1
833d2d15d-df18-5bed-dcb6-e1c948501aa7,550513804,SUQIYU05138-004-93%,32.5423,124.5111,177.516219,177.516219,175.0,175.0,2023-12-24T23:57:46.000Z,2024-01-01T02:49:33.000Z,loitering,1
33dd39efc-c7bb-8791-0461-059d2d26523e,138560775,ZHE DAI YU 06082-21,33.0754,124.0492,147.126625,147.126625,146.0,146.0,2023-12-24T23:57:52.000Z,2024-01-01T02:41:35.000Z,loitering,1
d83717762-26d3-c96f-1599-9b33d0cb607b,577550007,,32.9911,124.2151,145.484562,144.943094,145.0,144.0,2023-12-24T23:58:24.000Z,2024-01-01T01:23:38.000Z,loitering,1
9b3f5031f-f49c-58f2-c841-88ba32d3d07d,60441636,,33.0266,124.1742,144.151375,144.151375,143.0,143.0,2023-12-24T23:59:03.000Z,2024-01-01T02:42:10.000Z,loitering,1
f9c8e640f-f04d-9698-66f2-d631dfe24c64,96000001,ZHEYU07866-51-51%,32.5547,124.5892,171.025719,171.506438,168.0,168.0,2023-12-24T23:59:59.000Z,2024-01-01T03:01:12.000Z,loitering,1
ba8997765-5dd6-ea7c-ddf1-e279fab2f47f,607226101,,33.1562,124.1293,135.536516,136.354141,135.0,136.0,2023-12-25T00:01:00.000Z,2024-01-01T02:05:57.000Z,loitering,1
068930a4d-da26-2c53-799b-d61d391a66eb,80303398,,32.7123,124.4848,160.759328,160.413094,160.0,160.0,2023-12-25T00:01:18.000Z,2024-01-01T10:28:07.000Z,loitering,1
291ffae3f-fa57-66eb-ba7a-24dfb70d44ad,44160008,,33.0147,124.1551,146.175547,146.480875,145.0,146.0,2023-12-25T00:01:23.000Z,2024-01-01T03:06:26.000Z,loitering,1
5b7b6c9f6-637f-aba1-8bf9-a5fcb7808a8c,36180003,,32.94,124.1771,151.63703099999998,152.177547,151.0,151.0,2023-12-25T00:02:25.000Z,2024-01-01T15:44:02.000Z,loitering,1
4719251fd-d1ca-1367-004d-eb11aa5a244c,1680569,SUQIYU16805-6984%,32.5503,124.5121,176.463797,176.463797,175.0,175.0,2023-12-25T00:02:27.000Z,2024-01-01T02:58:59.000Z,loitering,1
ec748c74f-f29f-045b-6b2a-b49ec1c07453,233401555,SUQIYU01298-202-57%,32.5649,124.4705,176.66782800000001,175.62425,176.0,175.0,2023-12-25T00:02:28.000Z,2024-01-02T05:19:56.000Z,loitering,1
ed18a0abe-ed94-3bbc-78c7-a59299aa9c6b,80103398,,32.7077,124.4665,161.110188,161.110188,160.0,160.0,2023-12-25T00:03:30.000Z,2024-01-01T04:42:06.000Z,loitering,1
4c8c8032a-a7be-5c70-4ff8-c114c49c57c5,44160029,,33.0257,124.1562,144.725219,145.60145300000002,144.0,145.0,2023-12-25T00:04:53.000Z,2024-01-01T02:33:50.000Z,loitering,1
0550960a6-69bb-4b53-21f9-5bf2d33f9d1b,99710012,,33.0153,124.1207,147.919297,148.78529699999999,147.0,148.0,2023-12-25T00:05:07.000Z,2024-01-01T01:24:23.000Z,loitering,1
c7f18943e-e88e-2dcb-9179-a9a777265832,412427967,ZHESHENGYU07465,32.5536,124.558,174.0425,173.56851600000002,171.0,170.0,2023-12-25T00:06:06.000Z,2024-01-01T01:49:47.000Z,loitering,1
0dee64217-7f92-f8e1-f0d2-6e6a6359d398,330513824,SUQIYU05138-204-83%,32.5358,124.5185,173.004312,180.34675,172.0,177.0,2023-12-25T00:06:15.000Z,2024-01-01T21:41:15.000Z,loitering,1
7834b0f54-4e64-cb93-452c-a16c41252ddd,96028274,ZSY07465-1-73%,32.57,124.5631,172.881656,172.881656,170.0,170.0,2023-12-25T00:07:13.000Z,2024-01-01T00:49:48.000Z,loitering,1
6124cbf8b-bb95-2987-007e-577a035ab3fb,607226113,,33.1677,124.1177,135.361281,135.361281,135.0,135.0,2023-12-25T00:07:18.000Z,2024-01-02T08:05:29.000Z,loitering,1
ee37ee182-20c7-2e38-d731-618d41971fb3,40120850,,33.1135,123.8973,155.305047,154.621172,154.0,153.0,2023-12-25T00:07:21.000Z,2024-01-01T01:42:26.000Z,loitering,1
71de3dc96-6d49-767e-ecf8-c0122c00fa21,220005728,NET-22-ZSY0572881%,32.5441,124.5896,171.506438,171.993016,168.0,169.0,2023-12-25T00:08:31.000Z,2024-01-01T02:44:48.000Z,loitering,1
337c17400-0e9f-da25-3485-2f9db51fa4fd,36180004,,32.9676,124.1803,148.925453,148.925453,148.0,148.0,2023-12-25T00:09:16.000Z,2024-01-01T03:12:39.000Z,loitering,1
7a0a33e93-38f1-5d7c-32c1-5c584b269324,59270067,NET67-ZSY05927-65%,32.5453,124.6024,170.662938,171.151812,167.0,168.0,2023-12-25T00:09:19.000Z,2024-01-01T02:43:46.000Z,loitering,1
a276b97c5-5856-e4d7-369a-03c4f4259c90,221008032,ZHEDAIYU06083,32.6658,124.5441,162.937984,162.937984,162.0,162.0,2023-12-25T00:09:31.000Z,2024-01-01T23:16:03.000Z,loitering,1
47da63c9a-af22-39d9-e8ce-6952b5a77e42,750344323,SUQIYU03443-23_8.1V,32.5395,124.5405,176.213031,176.213031,173.0,173.0,2023-12-25T00:09:40.000Z,2024-01-01T02:55:05.000Z,loitering,1
feab0e200-0360-2bdc-9253-5543f1e6174b,565990015,,33.1754,124.1166,134.55592199999998,134.55592199999998,134.0,134.0,2023-12-25T00:09:47.000Z,2024-01-02T08:21:26.000Z,loitering,1
f8488deac-cb28-bcb0-380d-cf35b8bd7ab5,59270090,NET-ZSY05927-90-87%,32.5534,124.6082,169.820359,169.820359,167.0,167.0,2023-12-25T00:10:31.000Z,2024-01-01T09:50:27.000Z,loitering,1
8685dfb2d-d41f-376f-2360-9fee46d75efc,59270072,NET72-ZSY05927-82%,32.5643,124.594,171.025719,171.025719,168.0,168.0,2023-12-25T00:11:35.000Z,2024-01-01T02:49:25.000Z,loitering,1
83dd72b1e-ea13-8686-8cb3-8985c2cea58d,607226118,,33.1432,124.1151,137.80296900000002,137.80296900000002,137.0,137.0,2023-12-25T00:11:40.000Z,2024-01-01T16:56:36.000Z,loitering,1
5d34cddf3-3a30-8c1c-dc6a-1a2f243b6fda,40163903,,33.234,123.8824,147.32109400000002,147.32109400000002,146.0,146.0,2023-12-25T00:11:43.000Z,2024-01-01T16:26:42.000Z,loitering,1
2d56d0fe1-193e-ab48-3cb0-e797f65ad7bd,750344324,SUQIYU03443-24_8.0V,32.5331,124.534,176.694109,177.538625,173.0,174.0,2023-12-25T00:11:56.000Z,2024-01-02T05:07:49.000Z,loitering,1
783f1e6c5-51df-b62b-a7c7-8ecf8cb17395,10671061,,33.1231,123.8786,154.500172,155.243625,153.0,154.0,2023-12-25T00:12:19.000Z,2024-01-01T02:20:51.000Z,loitering,1
211a028c2-2051-6058-4e2e-e2915236e48c,110131952,SUQIYU01319-52-74%,32.6382,124.3777,171.564625,171.564625,171.0,171.0,2023-12-25T00:12:23.000Z,2024-01-01T04:30:50.000Z,loitering,1
ff8403174-463a-f6dd-de97-c91e9f49417e,321601057,,33.1329,124.0329,144.381875,144.381875,143.0,143.0,2023-12-25T00:12:38.000Z,2024-01-01T02:19:45.000Z,loitering,1
8b91e33c3-30a9-b953-107f-d9b4747ebb4f,223700913,SQYU01298-105-74%,32.596,124.4635,172.831062,172.831062,172.0,172.0,2023-12-25T00:13:00.000Z,2024-01-01T02:51:23.000Z,loitering,1
03cc6122c-cdb0-ca44-0824-53168b39a7cc,223317310,33173-10-61%,33.212,123.9626,142.301922,143.030328,141.0,142.0,2023-12-25T00:13:44.000Z,2024-01-01T01:51:46.000Z,loitering,1
a6b14f240-0678-73cb-5ed1-5c74be4801d5,96215951,ZHEDAIYU02159-5152%,32.5543,124.5945,170.662938,171.506438,167.0,168.0,2023-12-25T00:14:13.000Z,2024-01-01T02:30:34.000Z,loitering,1
687287977-75c2-4b77-fb6b-3298db1ff8f3,866654291,01166-1-74%,32.5714,124.615,167.453484,169.47231200000002,164.0,166.0,2023-12-25T00:14:23.000Z,2024-01-01T02:20:44.000Z,loitering,1
f614ba539-9b50-df6e-05b9-560b26cdaa0b,600436601,,32.9835,124.1481,149.698594,149.698594,149.0,149.0,2023-12-25T00:14:25.000Z,2024-01-01T02:37:05.000Z,loitering,1
ab774c615-59a8-a892-41ea-1d4e556aec18,607226126,,33.1619,124.1144,136.808734,136.170953,136.0,135.0,2023-12-25T00:14:34.000Z,2024-01-02T08:19:31.000Z,loitering,1
6b915c833-30a9-4b48-7dbd-b2a162239f01,180108712,04087-12-95%,32.5453,124.5178,175.109062,178.271625,173.0,175.0,2023-12-25T00:14:44.000Z,2024-01-01T02:13:41.000Z,loitering,1
78a32d25c-c178-e62f-1b38-ee1f967cd440,1266025,SUGANYU01266-25_7.7V,32.5549,124.5019,172.574438,179.92357800000002,172.0,177.0,2023-12-25T00:14:51.000Z,2024-01-01T22:06:21.000Z,loitering,1
49a1d62b2-2936-9b8b-d41b-966e9f44bc60,80503398,,32.7287,124.4824,158.69767199999998,158.69767199999998,158.0,158.0,2023-12-25T00:15:10.000Z,2024-01-01T10:29:28.000Z,loitering,1
f7d8bd3a9-9cd2-6b22-8ae2-ad802059922b,226187333,TIELONG61873-33-99%,26.9043,121.6158,82.18352300000001,66.742906,90.0,70.0,2023-12-25T00:15:16.000Z,2024-01-17T00:56:38.000Z,loitering,1
57722c6a3-3931-082f-d32c-54a25439b678,40163901,,33.2142,123.8792,150.85090599999998,146.630219,149.0,145.0,2023-12-25T00:15:35.000Z,2024-01-01T01:25:42.000Z,loitering,1
29cd7a248-879f-1a48-059a-3415fe8b4a37,110513810,SUQIYU05138-201-83%,32.556,124.5144,172.261516,179.62325,171.0,176.0,2023-12-25T00:15:44.000Z,2024-01-02T04:54:50.000Z,loitering,1
64d0078f5-5ba6-a627-9d94-2afa240818c3,901295032,NET01295-32-73%,32.5653,124.632,167.16407800000002,167.648109,164.0,164.0,2023-12-25T00:15:45.000Z,2024-01-01T05:19:15.000Z,loitering,1
d663e6c37-732f-6554-9880-1cb79d6505b1,223700901,SQYU01298-104-76%,32.5806,124.4668,170.755719,178.75746900000001,170.0,178.0,2023-12-25T00:15:57.000Z,2024-01-01T02:26:50.000Z,loitering,1
d0af49f9c-c5f9-07ed-e4cc-714de2b3ab39,51380001,SUQIYU05138-001_8.0V,32.5233,124.5187,174.056312,180.851203,173.0,178.0,2023-12-25T00:15:58.000Z,2024-01-01T21:41:01.000Z,loitering,1
7cef8c287-7daa-d1ca-0dab-ae59fafbe98a,96215674,SUGANYU02156-74-67%,32.5583,124.5172,171.95306200000002,178.866344,171.0,176.0,2023-12-25T00:15:59.000Z,2024-01-01T02:22:19.000Z,loitering,1
e3e8546bc-c2b7-ba72-d95e-2be3a2ad9734,232910279,ZHEDAIYU06098-35-67%,32.6288,124.6201,164.850391,165.69175,162.0,162.0,2023-12-25T00:16:06.000Z,2024-01-01T01:46:59.000Z,loitering,1
76b07d9ca-ab92-cec1-b683-bb47119fad57,233403136,SUQIYU01298-204-96%,32.5344,124.4649,176.992562,182.213484,176.0,181.0,2023-12-25T00:16:12.000Z,2024-01-01T10:37:24.000Z,loitering,1
c5a5adee6-6322-ad95-e174-0d8b4e7d3f23,26640002,,32.5446,124.6073,170.311562,170.311562,167.0,167.0,2023-12-25T00:16:22.000Z,2024-01-01T02:35:38.000Z,loitering,1
8a7bbf3b5-5ba8-7698-0b71-c4ac6d11fefc,201209083,SUQIYU01209-83_8.0V,33.2014,123.8431,152.310609,152.310609,151.0,151.0,2023-12-25T00:16:33.000Z,2024-01-01T16:48:48.000Z,loitering,1
3498bcb0e-eed0-3061-6422-516371868e60,41368801,SUQIYU03688-01,32.5546,124.5016,172.574438,179.92357800000002,172.0,177.0,2023-12-25T00:16:37.000Z,2024-01-01T21:45:47.000Z,loitering,1
8381dbc08-8fda-c4d1-5165-08d451510740,209260960,SUQIYU02609--60_8.0V,33.2002,123.9141,148.730094,145.140391,147.0,144.0,2023-12-25T00:16:44.000Z,2024-01-01T12:45:41.000Z,loitering,1
3c12ec5fe-e22f-bd90-f765-77a43f2a192e,750344304,SUQIYU03443-04_8.0V,32.5191,124.543,177.180859,177.180859,174.0,174.0,2023-12-25T00:16:49.000Z,2024-01-01T21:36:24.000Z,loitering,1
181c3afbf-f6f1-aef2-c992-802a392060e3,96655550,LU LAN 65555-1082%,32.5512,124.6923,163.950094,162.282219,161.0,159.0,2023-12-25T00:17:32.000Z,2024-01-01T18:48:13.000Z,loitering,1
1f462b662-2b4e-fdda-a82e-c9e8a0f58f68,222900436,LIN08662-20-63%,32.5587,124.7011,161.775125,161.775125,159.0,159.0,2023-12-25T00:17:49.000Z,2024-01-01T21:24:28.000Z,loitering,1
cd525adc5-5f80-112b-10e0-ded5b5ec945e,80203398,,32.7369,124.4825,157.6685,157.6685,157.0,157.0,2023-12-25T00:18:18.000Z,2024-01-01T10:32:36.000Z,loitering,1
be43a0bf1-107c-1cec-13d1-6490a82369da,10327907,,32.5871,124.4659,173.53964100000002,173.53964100000002,173.0,173.0,2023-12-25T00:18:33.000Z,2024-01-01T03:07:16.000Z,loitering,1
fa5f250be-e999-cee7-6a39-49b28ad0f8ab,750344305,SUQIYU03443-05_8.0V,32.5297,124.5416,176.694109,176.694109,173.0,173.0,2023-12-25T00:18:54.000Z,2024-01-02T04:29:08.000Z,loitering,1
6368ea0b1-1f3a-82c4-985e-a0571b787f63,550513802,SUQIYU05138-002-90%,32.5668,124.5118,169.852875,179.62325,169.0,176.0,2023-12-25T00:18:58.000Z,2024-01-02T05:20:47.000Z,loitering,1
8fe27de8d-dd28-14a5-3604-511a3aff225f,208932,SUGANYU02089-32_7.7V,33.148,123.9343,149.554172,148.867234,148.0,148.0,2023-12-25T00:18:59.000Z,2024-01-01T01:04:29.000Z,loitering,1
b3ddf680e-ebf5-087d-3cea-92d70f07df6f,80703398,,32.6678,124.4749,162.825234,168.343703,162.0,168.0,2023-12-25T00:19:28.000Z,2024-01-01T00:26:45.000Z,loitering,1
c81db2141-1418-064f-65cf-ebe64d7f0a2f,905659974,56599-74-52%,33.1921,124.0982,135.056219,135.056219,134.0,134.0,2023-12-25T00:19:47.000Z,2024-01-01T16:52:59.000Z,loitering,1
5f554efdb-bb60-ad41-c54a-186c67d1689c,211209087,SUQIYU01209-87_8.3V,33.2368,123.8439,149.569266,149.569266,148.0,148.0,2023-12-25T00:20:00.000Z,2024-01-01T16:48:56.000Z,loitering,1
91a1fa96a-a5a3-0e33-888d-b8fc50634af4,89471902,SUQIYU04719-A2,32.5497,124.5171,176.162547,176.162547,174.0,174.0,2023-12-25T00:20:40.000Z,2024-01-01T02:43:10.000Z,loitering,1
2a381c67c-c84f-dd96-9d7a-242e30ce28cc,26097388,SUQIYU02609-88_8.0V,33.2275,123.9113,145.149984,145.149984,144.0,144.0,2023-12-25T00:21:04.000Z,2024-01-01T17:09:56.000Z,loitering,1
bdc5d8fab-b3d7-2753-5e87-b48a3e921223,9870010,,33.2598,124.0166,135.171547,135.171547,134.0,134.0,2023-12-25T00:21:17.000Z,2024-01-01T01:33:29.000Z,loitering,1
58b53e009-9638-ee95-e7f0-1e548104cea8,96208902,SUGANYU02089-02-51%,33.1549,123.9284,148.807625,149.554172,148.0,148.0,2023-12-25T00:21:28.000Z,2024-01-01T02:15:36.000Z,loitering,1
dfb33fbf5-5db2-fb4a-ad9a-608f2252c78a,209129885,SUQIYU01298-85_8.1V,32.5967,124.4585,172.831062,173.870125,172.0,173.0,2023-12-25T00:21:28.000Z,2024-01-01T03:03:30.000Z,loitering,1
1387a44ed-ddba-c5e2-2e79-d90ba111897a,10876710,,33.1399,123.88,153.761156,153.761156,152.0,152.0,2023-12-25T00:21:49.000Z,2024-01-01T02:03:33.000Z,loitering,1
12d0ca6de-e242-943c-335f-bb4d465821b7,108003481,27777-21,32.6329,124.5228,167.755875,167.755875,167.0,167.0,2023-12-25T00:21:52.000Z,2024-01-01T03:25:13.000Z,loitering,1
5a6b8ca83-366f-ef6e-3e72-b0f548efaa32,51387369,SUQIYU05138-69_8.1V,32.5243,124.5192,174.361125,180.016922,173.0,177.0,2023-12-25T00:21:59.000Z,2024-01-01T21:26:21.000Z,loitering,1
b826af962-2a4c-0160-3999-d3a2318311f8,96014192,ZSY07465-13-82%,32.5821,124.5564,171.822594,172.11125,169.0,170.0,2023-12-25T00:22:22.000Z,2024-01-01T03:21:10.000Z,loitering,1
c86a060fe-e49a-18fd-15f7-7cbaa44a5237,780361935,SUQIYU03619-35_8.1V,33.1848,123.8968,149.422469,149.434625,148.0,148.0,2023-12-25T00:22:40.000Z,2024-01-01T01:20:33.000Z,loitering,1
9de95ab16-616c-8935-6de5-34e69d6ad33c,89513806,SUQIYU05138---06,32.5584,124.5178,170.902578,178.866344,170.0,176.0,2023-12-25T00:23:04.000Z,2024-01-01T02:21:37.000Z,loitering,1
ac8648397-7432-e2ba-4a0d-64549965ef59,60820018,,33.1166,124.0494,143.881766,143.881766,143.0,143.0,2023-12-25T00:23:21.000Z,2024-01-01T02:24:44.000Z,loitering,1
c69340a67-78de-b6bf-ccab-2b788354df0e,150123810,YUELIANYU15012-10,33.2854,124.0125,133.730016,134.440062,132.0,133.0,2023-12-25T00:23:36.000Z,2024-01-01T01:49:52.000Z,loitering,1
732f0738a-a9d2-1cc0-bdc8-98a25be23efa,80603398,,32.7148,124.4746,156.64046900000002,164.204094,156.0,164.0,2023-12-25T00:23:37.000Z,2024-01-01T12:46:36.000Z,loitering,1
05ad5608b-b765-7593-5fd9-cc814a3e91d9,100102450,ZHE DAI YU 06098-17,32.6173,124.6361,163.979141,163.979141,160.0,160.0,2023-12-25T00:24:02.000Z,2024-01-01T06:08:21.000Z,loitering,1
aa371f8f0-079f-3eef-ffcf-4802431e8969,96453985,ZHEDAIYU04539008573%,32.5597,124.6995,162.951953,161.449922,160.0,159.0,2023-12-25T00:24:06.000Z,2024-01-01T18:41:28.000Z,loitering,1
4f3178785-5556-f09c-3b75-cb442da42e47,750344309,SUQIYU03443-09_8.0V,32.5396,124.536,176.213031,176.213031,173.0,173.0,2023-12-25T00:24:07.000Z,2024-01-01T02:24:08.000Z,loitering,1
6c432641f-fa01-9616-0195-c830ec1cacd2,40368891,SUQIYU03688 9155%,32.5732,124.4975,173.93746900000002,174.670344,173.0,174.0,2023-12-25T00:24:16.000Z,2024-01-02T05:29:05.000Z,loitering,1
928319efa-a4c5-1da0-8be9-a90a516bc3c8,606068072,,32.6595,124.5842,162.782969,162.782969,162.0,162.0,2023-12-25T00:24:16.000Z,2024-01-01T22:46:54.000Z,loitering,1
4fb7cee53-31e5-33ed-069d-8674a2edfa6e,12365612,SUQIYU03656-12,32.5485,124.5023,176.769391,176.769391,175.0,175.0,2023-12-25T00:24:40.000Z,2024-01-01T21:33:33.000Z,loitering,1
7e4906851-159f-6b80-d847-e4ac169e8421,24590008,,33.2491,123.9123,143.753156,143.753156,142.0,142.0,2023-12-25T00:24:51.000Z,2024-01-01T02:04:51.000Z,loitering,1
8a9474be1-1b0d-4c4b-ec8a-c14c9bb1251d,60419718,,32.5838,124.5893,168.85754699999998,170.550875,166.0,167.0,2023-12-25T00:24:56.000Z,2024-01-01T02:52:48.000Z,loitering,1
d9ea6d752-277e-47ee-9b76-105d89746c13,901295002,ZHESHENGYU01295-27V8,32.5727,124.6193,166.60042199999998,168.978766,163.0,166.0,2023-12-25T00:24:59.000Z,2024-01-01T05:23:07.000Z,loitering,1
2897fde32-246e-72c4-0a21-9d5dadc2dea7,2377022,SUQIYU02377---22,33.2159,123.937,143.71415599999997,144.437672,142.0,143.0,2023-12-25T00:25:05.000Z,2024-01-01T00:52:10.000Z,loitering,1
2f40e3e3c-c71b-ba35-f781-74a59061db3a,26489162,ZHE DAI YU 04891-62,33.2523,123.8444,148.896797,148.896797,147.0,147.0,2023-12-25T00:25:11.000Z,2024-01-01T16:38:41.000Z,loitering,1
61f5f095e-ed92-ee7f-a4bb-4b9e0633eac0,36662337,,32.6186,124.5697,167.302,167.302,166.0,166.0,2023-12-25T00:25:50.000Z,2024-01-01T02:52:09.000Z,loitering,1
edfa237b0-0a8d-5f7f-1b5d-b3f7610719a3,41368897,,32.5517,124.4947,176.769391,177.079359,175.0,176.0,2023-12-25T00:25:56.000Z,2024-01-02T05:21:26.000Z,loitering,1
338d29b18-88b5-46b5-59fc-c0a304309036,10678095,,32.5806,124.6464,164.99354699999998,164.99354699999998,162.0,162.0,2023-12-25T00:26:29.000Z,2024-01-01T03:00:08.000Z,loitering,1
c6e0b2445-53cf-6de1-df8f-556546903117,406083038,,32.6453,124.5556,164.73007800000002,165.482766,164.0,165.0,2023-12-25T00:26:38.000Z,2024-01-01T11:52:42.000Z,loitering,1
cf34b378b-bdb0-9275-7c86-2727a1c86a9d,40163904,,33.2182,123.8766,148.017078,148.017078,146.0,146.0,2023-12-25T00:26:40.000Z,2024-01-01T17:01:14.000Z,loitering,1
f49586ae8-8e57-10bb-ae93-44802bbc88b4,12980110,SUQIYU01298-110_8.2V,32.5756,124.4688,174.581516,175.62425,174.0,175.0,2023-12-25T00:26:51.000Z,2024-01-01T02:38:37.000Z,loitering,1
bc69c28ee-e4d5-058d-92f1-ce0f194266a9,100101301,ZHEDAIYU17585-3-87%,33.2832,123.8833,143.91951600000002,143.91951600000002,142.0,142.0,2023-12-25T00:27:10.000Z,2024-01-01T01:27:22.000Z,loitering,1
17606b47c-c011-2f8c-9cdf-461985dcaa67,750344314,SUQIYU03443-14_8.0V,32.5981,124.5358,170.295438,170.295438,169.0,169.0,2023-12-25T00:27:16.000Z,2024-01-01T03:08:38.000Z,loitering,1
9a9102d53-3b87-b556-5937-60e599492094,10678094,,32.5873,124.6571,164.633844,163.582141,161.0,160.0,2023-12-25T00:27:22.000Z,2024-01-01T22:29:16.000Z,loitering,1
aeaec93bb-b5b4-1f71-5b5e-f6f330621cde,603677091,,32.5866,124.651,165.476281,162.730281,162.0,159.0,2023-12-25T00:27:46.000Z,2024-01-01T22:14:46.000Z,loitering,1
c0868e029-9683-6950-07b0-4fe032ee41c0,48760013,,33.2845,123.9095,141.69757800000002,141.69757800000002,140.0,140.0,2023-12-25T00:27:50.000Z,2024-01-01T16:24:20.000Z,loitering,1
249befdf8-8f67-49f1-770e-5da9ab93e375,96064177,MINYU68567-30-55%,32.6174,124.6892,159.71275,159.71275,156.0,156.0,2023-12-25T00:28:31.000Z,2024-01-01T03:11:06.000Z,loitering,1
94b13d6b9-9ce6-0f39-f6c8-8dd98172ea06,200225827,SUQIYU03258-27_8.0V,32.5837,124.3885,168.007688,185.78840599999998,167.0,185.0,2023-12-25T00:28:38.000Z,2024-01-01T19:35:29.000Z,loitering,1
2cce57faa-a52a-f061-01f7-fdc2222f4727,60441635,,33.0271,124.1611,144.725219,144.725219,144.0,144.0,2023-12-25T00:28:46.000Z,2024-01-01T03:07:30.000Z,loitering,1
8e5e2c245-5e7b-b4fe-1657-efe62ddcd325,790361951,SUQIYU03619-51_8.1V,33.1963,123.8552,150.86293799999999,152.286781,149.0,151.0,2023-12-25T00:28:49.000Z,2024-01-01T16:39:12.000Z,loitering,1
42962d368-8ffb-0663-b367-708094a61bce,750344322,SUQIYU03443-22_7.9V,32.5819,124.5319,171.349578,173.755953,170.0,172.0,2023-12-25T00:28:52.000Z,2024-01-01T02:42:54.000Z,loitering,1
9ccf11c5f-f723-1b62-00b3-37b89d7f67b1,96453983,ZHEDAIYU04539008372%,32.5834,124.6867,161.620125,161.620125,158.0,158.0,2023-12-25T00:28:57.000Z,2024-01-01T21:23:04.000Z,loitering,1
4726e911c-ce23-2e38-5190-3b6efa250bcf,80403398,,32.688,124.4651,163.171734,163.171734,162.0,162.0,2023-12-25T00:29:07.000Z,2024-01-01T05:04:51.000Z,loitering,1
a962a6470-0f75-fb23-dc7d-c97bd0e12f8b,750344307,SUQIYU03443-07_8.0V,32.597,124.5405,170.295438,170.295438,169.0,169.0,2023-12-25T00:29:13.000Z,2024-01-01T02:57:02.000Z,loitering,1
bfca79519-982b-caf3-bd90-87336530bbf7,100001234,08885-41-54%,32.5583,124.5131,171.212891,179.62325,170.0,176.0,2023-12-25T00:29:15.000Z,2024-01-01T02:14:06.000Z,loitering,1
c02aa0f11-1468-d133-4477-8dca930c8b15,2377016,SUQIYU02377---16 7V3,33.2296,123.9293,143.006281,144.427109,141.0,143.0,2023-12-25T00:29:15.000Z,2024-01-01T02:00:20.000Z,loitering,1
e54f95808-8ce7-dc26-701c-250f636fe796,603677015,ZHEDAIYU0367715-70%,32.5846,124.6779,165.12503099999998,159.33196900000002,162.0,156.0,2023-12-25T00:29:16.000Z,2024-01-01T21:26:37.000Z,loitering,1
4d0654906-6907-fc4e-dd12-117e10be4a13,590221810,02218-10-66%,32.5933,124.6877,161.978188,161.133891,159.0,158.0,2023-12-25T00:29:18.000Z,2024-01-01T21:23:42.000Z,loitering,1
252c75ae1-1827-f7f1-0629-1ddd73c9e7d0,98129883,SUQIYU01298---83 7V4,32.598,124.4951,171.52768799999998,172.89178099999998,171.0,172.0,2023-12-25T00:29:24.000Z,2024-01-01T02:39:16.000Z,loitering,1
4da9701ef-f6ca-0d47-1a89-f84c9b7335f8,606068062,,32.6594,124.5704,163.076797,163.076797,162.0,162.0,2023-12-25T00:29:26.000Z,2024-01-02T05:41:19.000Z,loitering,1
35cc0cd0c-c93e-9e00-2603-807276eb94d9,3258053,SUQIYU03258-53_7.9V,32.5834,124.3884,171.128516,183.147547,170.0,182.0,2023-12-25T00:29:41.000Z,2024-01-02T05:37:50.000Z,loitering,1
02ad6b40c-c736-418e-bd1f-e45d90ca7d90,750344306,SUQIYU03443-06_8.1V,32.5688,124.5391,172.40445300000002,174.516312,171.0,172.0,2023-12-25T00:30:05.000Z,2024-01-01T00:58:53.000Z,loitering,1
fd1c2fca1-1156-ff30-2087-55618e751c05,277776251,QIONG27777-51-80%,32.6343,124.5174,166.708609,167.755875,166.0,167.0,2023-12-25T00:30:06.000Z,2024-01-01T03:20:20.000Z,loitering,1
8d0f8feb1-12a3-a51d-07d5-2d03298ffa11,221500966,QUNCHANGYU27777-7,32.6469,124.5416,165.036125,165.036125,164.0,164.0,2023-12-25T00:30:07.000Z,2024-01-01T02:47:09.000Z,loitering,1
5d0afa862-2947-ccc6-f5e9-3638e528a4a2,750344315,SUQIYU03443-15_8.0V,32.5826,124.5379,171.349578,172.702156,170.0,171.0,2023-12-25T00:30:17.000Z,2024-01-01T02:16:42.000Z,loitering,1
dd882e6ec-c01b-7388-d824-a50608fdac64,61051015,LUDONGYU6105115-93%,32.5956,124.567,170.47834400000002,169.418891,168.0,167.0,2023-12-25T00:30:48.000Z,2024-01-01T10:57:43.000Z,loitering,1
8a52ede07-785b-02de-6799-e2686585f24a,10663330,,32.5835,124.6643,164.148734,163.304875,161.0,160.0,2023-12-25T00:30:55.000Z,2024-01-01T22:19:19.000Z,loitering,1
32071105a-a0db-6370-4707-50c0de7253de,10663344,,32.5866,124.6708,165.965078,160.180141,163.0,157.0,2023-12-25T00:30:56.000Z,2024-01-01T21:40:22.000Z,loitering,1
e95f8f6e9-97a0-169d-9d24-cfdb3624b23b,64580004,,32.588,124.6562,164.99354699999998,162.348281,162.0,159.0,2023-12-25T00:31:08.000Z,2024-01-01T20:57:54.000Z,loitering,1
787d9ecdf-f161-a428-f1c9-1c0734bdad28,20108603,SUQIYU04186---03 7V5,32.5594,124.5183,169.852875,179.354281,169.0,176.0,2023-12-25T00:31:28.000Z,2024-01-02T05:02:22.000Z,loitering,1
7335f70bc-c77b-fe73-c442-89053dd4d077,9870037,,33.2081,124.0153,138.870859,138.870859,138.0,138.0,2023-12-25T00:31:45.000Z,2024-01-01T16:00:24.000Z,loitering,1
f46cdc308-8e13-42cf-1843-54ed3f75d19e,603677003,,32.5867,124.6613,163.66971900000001,163.66971900000001,160.0,160.0,2023-12-25T00:31:51.000Z,2024-01-01T05:25:37.000Z,loitering,1
5bfcd9524-44cf-8a18-4e5a-b4fbaf000803,96026638,ZSY07465-2-71%,32.6241,124.5832,167.302,165.393844,166.0,163.0,2023-12-25T00:31:53.000Z,2024-01-01T11:36:02.000Z,loitering,1
f9f434834-4868-49bf-df16-cb9f827332ff,406083073,,32.6575,124.5431,163.98665599999998,163.98665599999998,163.0,163.0,2023-12-25T00:31:56.000Z,2024-01-01T02:43:09.000Z,loitering,1
4e1346631-180e-baea-973d-6353cdd03960,40368892,SUQIYU03688 9283%,32.5805,124.4976,173.622,173.622,173.0,173.0,2023-12-25T00:32:11.000Z,2024-01-01T02:21:13.000Z,loitering,1
9b2cf6093-392d-aea2-2889-8f360ed0735a,42516609,,32.6512,124.7689,151.512969,151.512969,148.0,148.0,2023-12-25T00:32:11.000Z,2024-01-01T05:35:55.000Z,loitering,1
3d0cd9e73-3df1-cad6-a87b-0a1be3d4045d,40163902,,33.2434,123.8773,146.630219,146.630219,145.0,145.0,2023-12-25T00:32:15.000Z,2024-01-01T16:57:02.000Z,loitering,1
e231593bb-b6c6-d291-67d9-8b8fcf92a7ee,221112097,SUQIYU01209-07_8.1V,33.2453,123.8437,148.896797,149.569266,147.0,148.0,2023-12-25T00:32:33.000Z,2024-01-01T16:56:02.000Z,loitering,1
d69b0bc65-5dd5-74f1-6521-7f606805dff0,420363954,SUQIYU03639-54-79%,33.2485,123.8608,147.416438,147.416438,146.0,146.0,2023-12-25T00:32:43.000Z,2024-01-01T16:39:08.000Z,loitering,1
68090180f-f133-f90b-c940-772c12ea9db5,41320609,YUOTING09_7.6V,33.2394,123.8606,148.09545300000002,148.09545300000002,146.0,146.0,2023-12-25T00:32:44.000Z,2024-01-01T16:52:23.000Z,loitering,1
08bea4491-1c9b-b51a-999b-96e2c94181eb,412235905,SUQIYU02359-05-62%,32.6251,124.6485,162.672391,163.124109,159.0,160.0,2023-12-25T00:32:46.000Z,2024-01-01T03:06:14.000Z,loitering,1
e49b77b4a-aee9-fe38-8799-065f0a61b7dc,10011196,SUHAI ANYU111-96,32.5368,124.519,173.310938,179.510219,172.0,176.0,2023-12-25T00:32:58.000Z,2024-01-01T21:37:44.000Z,loitering,1
aa992ec55-539f-e259-0712-a26b294984dc,99365630,SUQIYU03656---30 7V6,32.6088,124.5009,170.481766,170.481766,170.0,170.0,2023-12-25T00:33:04.000Z,2024-01-01T02:59:51.000Z,loitering,1
19b2fa410-0ab5-927a-2e70-6fe43d252dc8,606083094,,32.6553,124.5564,163.375359,164.428688,163.0,164.0,2023-12-25T00:33:12.000Z,2024-01-01T23:04:21.000Z,loitering,1
723508b8f-f753-ff39-2ae2-bf45050213d0,750344303,SUQIYU03443-03_7.9V,32.5598,124.5425,169.24204699999999,176.83410899999998,168.0,174.0,2023-12-25T00:33:29.000Z,2024-01-01T21:37:29.000Z,loitering,1
5e2505be5-5219-5376-4814-8baa1a1f2883,221008046,ZHEDAIYU06083,32.7003,124.5443,159.797156,159.481219,159.0,159.0,2023-12-25T00:33:41.000Z,2024-01-01T22:18:44.000Z,loitering,1
85d1bed87-71a2-e023-db36-d97eaadc0267,108000064,ZHE DAI YU 06098-16,32.651,124.6237,162.72,162.72,161.0,161.0,2023-12-25T00:34:07.000Z,2024-01-01T05:40:08.000Z,loitering,1
6ce6ada2c-cb26-6264-2038-603219cda6ce,123611754,ZHEDAIYU06117-54-76%,32.6378,124.6567,162.730281,159.792641,159.0,157.0,2023-12-25T00:34:11.000Z,2024-01-01T12:20:04.000Z,loitering,1
f5c500a72-2cad-5618-0c5c-7b74349aa25e,81260905,SUQIYU02609---05,33.2012,123.9161,146.574438,146.574438,145.0,145.0,2023-12-25T00:34:12.000Z,2024-01-01T17:11:45.000Z,loitering,1
bdfbfc406-69a2-e26e-2d72-7097dd1ec33a,606083088,,32.6734,124.5559,162.32282800000002,162.32282800000002,162.0,162.0,2023-12-25T00:34:33.000Z,2024-01-02T05:32:09.000Z,loitering,1
4de457737-72c7-c4e9-a30f-f9d20acb3b24,60980009,,32.6586,124.6357,161.121297,161.121297,158.0,158.0,2023-12-25T00:34:53.000Z,2024-01-01T03:14:57.000Z,loitering,1
3e452d567-72f3-b19d-4b4c-ed7c5ae6a5b1,200000069,SQYU01298-99-52%,32.5807,124.466,168.343703,180.85029699999998,168.0,179.0,2023-12-25T00:35:06.000Z,2024-01-01T21:34:09.000Z,loitering,1
5b4d5eda9-9e0c-a6a8-f568-a68657a5a0c7,51387367,SUQIYU05138-67_8.1V,32.5375,124.5192,172.261516,179.510219,171.0,176.0,2023-12-25T00:35:23.000Z,2024-01-01T21:16:34.000Z,loitering,1
f449aa8c5-5072-4be1-c756-e7a9df12b3b8,26317951,ZHE DAI YU 03179-51,32.6855,124.5107,161.81329699999998,162.854109,161.0,162.0,2023-12-25T00:35:35.000Z,2024-01-01T03:19:39.000Z,loitering,1
937719ca6-610f-f9ba-92c9-167960b14f41,96268851,ZSY07465-7-38%,32.624,124.5831,167.015484,167.015484,165.0,165.0,2023-12-25T00:35:45.000Z,2024-01-01T03:08:12.000Z,loitering,1
0b761472b-b46e-ce18-067a-7b4ae9bfc405,750344311,SUQIYU03443-11_7.8V,32.5588,124.5419,169.24204699999999,177.673234,168.0,175.0,2023-12-25T00:35:49.000Z,2024-01-01T21:41:49.000Z,loitering,1
e692fa1c6-6451-1ee8-464c-854e3ecbb1da,750344319,SUQIYU03443-19_8.1V,32.5507,124.5366,175.573266,175.573266,172.0,172.0,2023-12-25T00:35:53.000Z,2024-01-01T02:34:27.000Z,loitering,1
3e9621fa5-5d7e-f38f-416a-c87af3c1b01f,603677002,,32.6003,124.6646,163.196891,162.348281,160.0,159.0,2023-12-25T00:36:19.000Z,2024-01-01T11:33:01.000Z,loitering,1
cedf84cac-cef1-291a-f1ff-5e26a561f2b3,510606806,ZHEDAIYU0606806-79%,32.6679,124.569,162.022359,162.022359,161.0,161.0,2023-12-25T00:36:59.000Z,2024-01-02T05:23:31.000Z,loitering,1
bcfeec8fd-dff5-5b66-2f28-3eddd1ee3c20,413235904,SUQIYU02359-4    8V1,32.5994,124.5021,171.52768799999998,171.52768799999998,171.0,171.0,2023-12-25T00:37:00.000Z,2024-01-01T01:34:17.000Z,loitering,1
9c7b08b6b-b722-472a-c04c-851198faf85b,60980022,ZHE DAI YU 06098-22,32.6423,124.6232,163.784875,163.784875,161.0,161.0,2023-12-25T00:37:06.000Z,2024-01-01T04:52:24.000Z,loitering,1
29dbd346b-bd15-95bc-d031-cda98877df72,606083000,,32.6738,124.5436,162.937984,162.937984,162.0,162.0,2023-12-25T00:37:13.000Z,2024-01-01T03:27:44.000Z,loitering,1
2bd728d8c-cefe-3701-d929-9d2260b9c306,59270070,NET70-ZSY05927-86%,32.5638,124.6036,169.702797,170.179922,166.0,167.0,2023-12-25T00:37:19.000Z,2024-01-01T02:25:04.000Z,loitering,1
fe7bc6fd0-0fe0-21ea-3dc5-739912d8688e,432193558,21935-58_8.1V,32.5594,124.5428,168.189406,177.334312,167.0,174.0,2023-12-25T00:37:26.000Z,2024-01-01T21:41:55.000Z,loitering,1
3ac36f666-65f2-eed2-d0ab-f41759492916,135490003,,32.6252,124.6634,161.815938,162.269938,158.0,159.0,2023-12-25T00:37:27.000Z,2024-01-01T00:56:54.000Z,loitering,1
ed43165df-fff9-d21f-66bc-f9a87cf7f77a,930000014,ZHEDAIYU03768-21,32.6245,124.6701,161.416656,160.96034400000002,158.0,157.0,2023-12-25T00:37:40.000Z,2024-01-01T05:33:25.000Z,loitering,1
a31956d89-91d4-81d5-32f6-51f4f423ca5b,412680203,68020-3-57%,32.6001,124.6518,164.04642199999998,163.196891,161.0,160.0,2023-12-25T00:38:17.000Z,2024-01-01T22:14:22.000Z,loitering,1
5e487fd81-19e7-6c36-2bd8-4f4ad516e8ce,96226626,ZHEDAIYU02266-2671%,32.5549,124.6908,163.950094,161.775125,161.0,159.0,2023-12-25T00:38:22.000Z,2024-01-01T18:43:48.000Z,loitering,1
29fd59e24-4bec-e1ef-9837-6fc7980f3c79,10663333,,32.6178,124.663,162.269938,162.269938,159.0,159.0,2023-12-25T00:38:37.000Z,2024-01-01T05:38:07.000Z,loitering,1
0db171266-6eb3-2bbb-3b02-9f99734ac1f9,201235646,ZSY07465-6-87%,32.5994,124.5721,169.706484,169.13589100000002,168.0,166.0,2023-12-25T00:38:49.000Z,2024-01-01T11:25:40.000Z,loitering,1
d413fad5f-fd42-2711-2321-6a98e85136e5,41163997,,33.242,123.8828,146.630219,146.630219,145.0,145.0,2023-12-25T00:39:01.000Z,2024-01-01T16:44:35.000Z,loitering,1
3f761323d-d623-b662-27dc-77f24819907c,51380004,SUQIYU05138-00481%,32.5614,124.5132,170.165062,180.196203,169.0,177.0,2023-12-25T00:39:04.000Z,2024-01-02T04:50:01.000Z,loitering,1
67a62b542-2e5a-e257-7ac3-ea1e83d26be1,10626425,,32.6585,124.6225,161.65575,161.65575,160.0,160.0,2023-12-25T00:39:20.000Z,2024-01-01T03:05:34.000Z,loitering,1
44b134d20-0db3-7966-3075-260d912e41e8,901295039,ZHESHENGYU01295-39,32.5868,124.6342,166.214062,166.214062,163.0,163.0,2023-12-25T00:39:35.000Z,2024-01-01T02:58:44.000Z,loitering,1
6b77421b5-5cbf-e5ed-7784-1b254928169b,12980113,SUQIYU01298-113_7.8V,32.5819,124.4595,169.71945300000002,180.12268799999998,169.0,179.0,2023-12-25T00:39:37.000Z,2024-01-02T04:41:42.000Z,loitering,1
5ead1b0e1-17b6-6cf5-a99f-78c297b20a99,96054655,SUQIYU02301-7-46%,32.6517,124.4274,168.703938,168.703938,168.0,168.0,2023-12-25T00:39:38.000Z,2024-01-02T05:37:15.000Z,loitering,1
8478b4c90-03ee-98d1-c083-60b288c2b82c,901295033,NET01295-33-56%,32.5887,124.645,166.214062,163.66971900000001,163.0,160.0,2023-12-25T00:39:52.000Z,2024-01-01T10:03:14.000Z,loitering,1
7b5d29273-3713-bf06-9546-0c7e04a00d2e,905717004,SHENGYU05717-4-64%,32.5636,124.6079,169.335031,169.335031,166.0,166.0,2023-12-25T00:39:52.000Z,2024-01-01T02:32:37.000Z,loitering,1
067710604-4153-6edc-d1d3-478fd0cd9b9c,10673257,,32.6235,124.6687,160.96034400000002,161.416656,157.0,158.0,2023-12-25T00:39:58.000Z,2024-01-01T02:28:49.000Z,loitering,1
7a8528664-4e9d-406d-1b0c-257478ea5eba,10673256,,32.6234,124.6805,160.56425,160.105609,157.0,157.0,2023-12-25T00:40:08.000Z,2024-01-01T04:44:25.000Z,loitering,1
f00d06e20-063f-8352-82ea-93f82c2fd845,326218594,LIN21859-4-61%,32.5924,124.6651,163.66971900000001,162.823484,160.0,160.0,2023-12-25T00:40:14.000Z,2024-01-01T22:01:47.000Z,loitering,1
3e427ef2a-abbf-4252-1fee-a93969d6af02,100000645,ZSY07465-17-66%,32.592,124.561,170.764188,170.764188,168.0,168.0,2023-12-25T00:40:29.000Z,2024-01-01T02:57:20.000Z,loitering,1
020cb1268-8d59-6a41-dfe0-88fca2dac3d8,412433954,SURUYU04339-54,33.2425,123.8807,146.630219,146.630219,145.0,145.0,2023-12-25T00:40:34.000Z,2024-01-01T16:34:42.000Z,loitering,1
32626f299-9162-950a-cbd1-a8b8d1294dfb,252880033,,32.564,124.6409,166.68603099999999,166.459844,163.0,163.0,2023-12-25T00:40:46.000Z,2024-01-01T01:42:33.000Z,loitering,1
bcad027bd-dc35-a217-4e85-4505f398f423,96054651,SUQIYU02301-4-41%,32.6713,124.4402,165.62640599999997,166.965594,165.0,166.0,2023-12-25T00:40:57.000Z,2024-01-01T22:55:51.000Z,loitering,1
7cde8a6a4-48bc-5a17-2edd-dac9ca72a2f5,277776250,QIONG27777-50-71%,32.6498,124.5227,165.662188,165.662188,165.0,165.0,2023-12-25T00:40:58.000Z,2024-01-01T02:43:18.000Z,loitering,1
e00462d8c-ce4a-9b46-9799-ca78794fa136,2377029,SUGANYU02377-29,33.2237,123.9336,143.71415599999997,143.71625,142.0,142.0,2023-12-25T00:41:11.000Z,2024-01-01T01:03:53.000Z,loitering,1
ccf4e4036-6897-127f-3531-b63098dc4b4c,30120861,SUQIYU01208-61_8.1V,33.1383,123.897,151.594047,154.621172,150.0,153.0,2023-12-25T00:41:12.000Z,2024-01-01T01:38:10.000Z,loitering,1
8211002a3-379f-01a2-fe1f-1cd2f8bdd2c7,901295051,SHENG01295-5193%,32.5973,124.6395,165.74820300000002,164.51690599999998,162.0,161.0,2023-12-25T00:41:24.000Z,2024-01-01T11:22:58.000Z,loitering,1
66cbd3b39-9647-9f8f-6824-a74adf012706,20206912,SUGANYU02069-12_7.8V,32.6363,124.3853,167.996812,175.913375,167.0,175.0,2023-12-25T00:41:32.000Z,2024-01-01T19:06:30.000Z,loitering,1
297f9505e-e9fc-5251-4a9a-868b448fc516,32587302,SUQIYU03258-02_8.0V,32.5875,124.3874,168.007688,185.78840599999998,167.0,185.0,2023-12-25T00:42:02.000Z,2024-01-01T19:21:01.000Z,loitering,1
20b0dc3d4-45ff-b282-8ea1-1bd27499c019,60980013,,32.6504,124.6359,162.189,162.189,159.0,159.0,2023-12-25T00:42:10.000Z,2024-01-01T04:49:09.000Z,loitering,1
e4b6c49cd-d947-0fbf-c421-b87e31df6566,606083089,,32.6823,124.5559,161.271094,161.271094,161.0,161.0,2023-12-25T00:42:30.000Z,2024-01-02T05:28:14.000Z,loitering,1
70a229e2f-f42b-cb96-879b-9350f9a2976d,68180087,,32.6423,124.6507,162.22703099999998,162.22703099999998,159.0,159.0,2023-12-25T00:42:41.000Z,2024-01-01T11:06:53.000Z,loitering,1
352697703-350f-467c-3b03-b4a0cf65c331,302882910,YUE28829-10-60%,33.1843,124.115,134.55592199999998,135.201156,134.0,134.0,2023-12-25T00:42:50.000Z,2024-01-01T16:39:47.000Z,loitering,1
7334cfa45-57f0-f6d5-8cea-1ec918907063,60980001,,32.6339,124.6363,163.529688,163.529688,160.0,160.0,2023-12-25T00:43:07.000Z,2024-01-01T05:44:03.000Z,loitering,1
006410b07-7654-7690-84c7-17f413389a39,606068092,,32.6832,124.5701,160.968688,160.968688,160.0,160.0,2023-12-25T00:43:08.000Z,2024-01-01T22:51:02.000Z,loitering,1
b4fce351f-f73d-15cf-38b2-84187b410e41,510600002,ZHEDAIYU0600002-33%,32.6498,124.5836,163.840047,163.840047,163.0,163.0,2023-12-25T00:43:19.000Z,2024-01-01T22:37:13.000Z,loitering,1
83b818abd-df79-998b-894f-77af61017178,13228092,,32.6342,124.6498,162.672391,162.672391,159.0,159.0,2023-12-25T00:43:22.000Z,2024-01-01T02:58:21.000Z,loitering,1
2b560e853-3b46-34bc-4ecb-ad1f957dedfe,4068846,QIONGCHANGYU27777-2,32.6339,124.5341,166.086422,167.444406,165.0,167.0,2023-12-25T00:43:27.000Z,2024-01-01T02:24:42.000Z,loitering,1
75c6dd953-32dc-217e-d7fb-56f3b93c29a3,40166501,,33.1988,123.9024,147.99884400000002,148.004281,146.0,147.0,2023-12-25T00:44:15.000Z,2024-01-01T00:22:04.000Z,loitering,1
87eada338-872c-c075-9545-5be1d0601329,607226121,,33.1742,124.0974,137.295516,135.84965599999998,136.0,135.0,2023-12-25T00:44:28.000Z,2024-01-02T07:56:53.000Z,loitering,1
912bc7386-6808-93bd-96c2-064e68459e86,43191941,QIONGCHANGYU27777-3,32.6416,124.5217,166.708609,166.708609,166.0,166.0,2023-12-25T00:44:29.000Z,2024-01-01T02:57:19.000Z,loitering,1
c866f98de-e28e-8f09-0aba-d2907dfe2d6e,32587305,SUQIYU03258-05_8.1V,32.6317,124.3878,164.89528099999998,179.729141,164.0,179.0,2023-12-25T00:45:02.000Z,2024-01-01T20:55:16.000Z,loitering,1
37a787b35-5db5-5a66-ae71-995427c98a2b,231346230,SUQIYU03462-30_8.0V,32.6357,124.3816,165.935422,177.929719,165.0,177.0,2023-12-25T00:45:10.000Z,2024-01-01T10:04:31.000Z,loitering,1
cd5eff8ff-f9f0-3eb8-d69a-ef9cfa27fda7,605380013,,32.6482,124.7427,154.99625,153.169781,152.0,149.0,2023-12-25T00:45:18.000Z,2024-01-01T05:43:25.000Z,loitering,1
2a1ae14ea-aee8-8e24-290c-0ccf9a1bc1e1,605380011,,32.6523,124.7392,154.99625,153.169781,152.0,149.0,2023-12-25T00:45:26.000Z,2024-01-01T05:34:36.000Z,loitering,1
bbbe38643-3862-e996-f65e-99a670affe3c,44160004,,33.0338,124.1694,143.274969,144.151375,142.0,143.0,2023-12-25T00:45:28.000Z,2024-01-01T02:37:26.000Z,loitering,1
4249c3c11-1441-bb65-d443-cf4f2bd00dae,100000712,ZHE DAI YU 03677-33,32.6,124.6504,164.04642199999998,164.04642199999998,161.0,161.0,2023-12-25T00:45:37.000Z,2024-01-01T21:59:59.000Z,loitering,1
36d621b53-3bd4-bfd2-3fab-bb73b19d219f,41163558,SUQIYU01635-58,33.2654,123.9131,142.377375,143.062609,141.0,141.0,2023-12-25T00:45:37.000Z,2024-01-01T02:05:06.000Z,loitering,1
e85df6c3a-ac95-92fc-4387-6b8b06822100,46230037,,32.684,124.5959,160.090375,160.090375,159.0,159.0,2023-12-25T00:45:45.000Z,2024-01-01T03:23:27.000Z,loitering,1
0f7ded129-9522-5203-8daa-1c7098117f11,606068073,,32.659,124.583,164.897828,160.67107800000002,164.0,160.0,2023-12-25T00:46:00.000Z,2024-01-01T03:13:18.000Z,loitering,1
15e90fdfe-e7b3-d9de-8762-4c8b9f784485,96054602,SUQIYU02301-5-46%,32.6574,124.4344,164.60279699999998,170.409469,164.0,170.0,2023-12-25T00:46:07.000Z,2024-01-01T22:20:24.000Z,loitering,1
65daa6b2c-c9d6-ca52-e2e6-1c6ec793bfed,606083099,,32.701,124.5556,159.17007800000002,159.17007800000002,159.0,159.0,2023-12-25T00:46:11.000Z,2024-01-01T03:45:20.000Z,loitering,1
a5bc4abfd-d361-fa71-a60c-46b9ef844570,26097371,SUQIYU02609-71_8.1V,33.2407,123.9142,144.448969,143.72645300000002,143.0,142.0,2023-12-25T00:46:32.000Z,2024-01-01T01:09:20.000Z,loitering,1
79e357fc7-7051-5a3b-d168-7d7f0f4100d2,209129887,SUQIYU01298-87_8.0V,32.2941,124.6468,170.755719,191.593266,170.0,189.0,2023-12-25T00:46:33.000Z,2024-01-01T08:54:29.000Z,loitering,1
776abc911-1268-0124-e561-f5c7d7e37c85,10032052,,33.1963,124.0666,136.254141,136.254141,135.0,135.0,2023-12-25T00:46:48.000Z,2024-01-01T00:29:01.000Z,loitering,1
86eccdbde-ec19-c35a-7b77-c094df950087,606068008,,32.6677,124.5838,161.726656,161.726656,161.0,161.0,2023-12-25T00:47:02.000Z,2024-01-01T22:45:28.000Z,loitering,1
70ada7bb2-2706-5723-5c59-c3042e93ec6a,221501049,QUNCHANGYU27777-6,32.6477,124.5366,165.036125,166.086422,164.0,165.0,2023-12-25T00:47:10.000Z,2024-01-01T02:45:26.000Z,loitering,1
0a2914a1a-aa5e-b266-b9a3-e6cf94fd723f,506068004,,32.6631,124.5703,164.132,162.022359,163.0,161.0,2023-12-25T00:47:11.000Z,2024-01-01T22:41:41.000Z,loitering,1
4a9c03674-4552-b59c-3d8a-27e9fcf6dce1,306083045,,32.6832,124.5436,161.890188,161.890188,161.0,161.0,2023-12-25T00:47:17.000Z,2024-01-01T02:11:25.000Z,loitering,1
20e0c5443-3d5c-d1f5-63ad-eb4731c88e94,901295052,SHENG01295-5295%,32.56,124.627,168.138125,168.009391,165.0,165.0,2023-12-25T00:48:16.000Z,2024-01-01T02:17:53.000Z,loitering,1
7898e0c86-6621-23e4-4f70-24823144027c,1239005,SUQIYU01239---05 7V7,33.2749,123.916,140.961297,141.644562,139.0,140.0,2023-12-25T00:48:32.000Z,2024-01-01T16:08:04.000Z,loitering,1
cadb70394-4503-6d52-0a19-b4bf180de6d7,28990903,,31.3429,125.3383,172.104938,197.84496900000002,203.0,194.0,2023-12-25T00:48:48.000Z,2024-01-02T04:08:15.000Z,loitering,1
6f8de76a2-2492-0900-2a0e-71725267e556,210108082,SUQIYU08082-39_7.7V,32.6125,124.3778,167.319094,182.363203,167.0,182.0,2023-12-25T00:48:50.000Z,2024-01-01T04:49:00.000Z,loitering,1
c96e8c28e-e9f7-fd60-3a1f-0fd3b220689c,80227803,SUQIYU02278----038V0,33.2251,123.9497,142.287938,143.007844,141.0,142.0,2023-12-25T00:48:55.000Z,2024-01-01T01:42:05.000Z,loitering,1
e6950c76c-c625-567f-b103-80c5ef621457,223700986,SQYU01298-106-59%,32.5825,124.4669,168.684156,180.85029699999998,168.0,179.0,2023-12-25T00:48:55.000Z,2024-01-01T21:23:03.000Z,loitering,1
71b2e4d11-1d81-d1ed-de9b-ca371e4da17a,9870030,,33.2104,124.0097,139.557359,139.557359,138.0,138.0,2023-12-25T00:49:06.000Z,2024-01-01T16:51:58.000Z,loitering,1
3de594159-993e-dd1a-4322-ebc2a697458e,96054650,SUQIYU02301-6-51%,32.6595,124.428,167.676984,167.676984,167.0,167.0,2023-12-25T00:49:35.000Z,2024-01-01T03:07:44.000Z,loitering,1
7efeef3d6-6f81-d6ef-f29b-8702b5abb9ca,750344316,SUQIYU03443-16_7.6V,32.5585,124.5425,168.189406,178.17117199999998,167.0,175.0,2023-12-25T00:49:49.000Z,2024-01-01T21:55:19.000Z,loitering,1
17e7ddb94-40c1-bde5-d39e-cdeff9c53318,231346233,SUQIYU03462-33_8.1V,32.6454,124.3916,162.851391,178.166203,162.0,177.0,2023-12-25T00:49:50.000Z,2024-01-01T21:24:12.000Z,loitering,1
9a19365a9-9b4b-a19c-237c-beaf118a70cc,412239821,SURUYU02398-21-60%,32.6584,124.6505,160.861438,160.861438,157.0,157.0,2023-12-25T00:50:11.000Z,2024-01-01T12:04:23.000Z,loitering,1
b616c820a-a4b2-46a8-35e2-0264d5462621,191017011,ZHE DAI YU 03580-50,32.7336,124.4654,160.08104699999998,157.364906,159.0,157.0,2023-12-25T00:50:22.000Z,2024-01-01T03:34:02.000Z,loitering,1
8fa502e28-8a75-e88e-baeb-10b85858ba2a,60830101,,32.6913,124.5553,160.220172,160.220172,160.0,160.0,2023-12-25T00:50:27.000Z,2024-01-01T03:38:22.000Z,loitering,1
81fcba3b6-674e-499f-8c5c-5a7d8934e142,41222117,SUQIYU02221-17,32.6755,124.4171,165.993062,165.993062,165.0,165.0,2023-12-25T00:50:46.000Z,2024-01-01T22:30:16.000Z,loitering,1
dc5978913-37f6-3d04-f291-41dece1ac02a,413301527,SURUYU33015-27-60%,32.6502,124.384,163.878312,176.920922,163.0,176.0,2023-12-25T00:50:47.000Z,2024-01-01T00:33:46.000Z,loitering,1
c29965251-14f3-3b9a-793b-45c0e354ae67,20106225,SUQIYU03462---25 7V7,32.6416,124.383,164.906328,177.929719,164.0,177.0,2023-12-25T00:51:11.000Z,2024-01-01T00:36:38.000Z,loitering,1
86404b05b-b7ef-afb6-9978-f44ff333973f,667572567,ZHEDAIYU04623-01-79%,32.6856,124.591,159.321594,160.378312,159.0,160.0,2023-12-25T00:51:26.000Z,2024-01-01T03:26:38.000Z,loitering,1
efdb6ba01-1ea5-d155-f5ae-a927124bc6f6,321000634,ZHEDAIYU06088-32,32.7446,124.5106,155.58901600000002,156.62384400000002,155.0,156.0,2023-12-25T00:52:11.000Z,2024-01-01T03:49:54.000Z,loitering,1
327db480b-bf8c-bc89-a6f9-e976d6579741,10663345,,32.5918,124.6647,163.66971900000001,162.823484,160.0,160.0,2023-12-25T00:52:16.000Z,2024-01-01T21:55:44.000Z,loitering,1
22669cdc6-658b-2c8f-eea5-2c06abef900d,68890005,,32.8008,124.4709,151.889875,151.889875,151.0,151.0,2023-12-25T00:52:22.000Z,2024-01-01T03:54:01.000Z,loitering,1
567091d08-8785-2e66-2630-c4f0437fd4a1,99237761,SUQIYU02377---61 7V7,33.2356,123.9349,141.606141,144.437672,140.0,143.0,2023-12-25T00:52:23.000Z,2024-01-01T00:52:02.000Z,loitering,1
350820d9c-c9ee-f09b-bf9b-1846591ca40b,9870021,,33.2199,124.0111,138.811141,138.811141,138.0,138.0,2023-12-25T00:52:34.000Z,2024-01-01T17:06:51.000Z,loitering,1
d166a1cc1-134e-2b5c-358a-33111e0daaff,220100586,ZHEDAIYU03213-5B-70%,32.5948,124.6429,165.74820300000002,164.51690599999998,162.0,161.0,2023-12-25T00:52:44.000Z,2024-01-01T11:34:05.000Z,loitering,1
96a0c702d-d8d5-b2af-22b9-0fc736f238c9,32587307,SUQIYU03258-07_8.1V,32.5864,124.3755,169.047047,185.95678099999998,168.0,185.0,2023-12-25T00:52:47.000Z,2024-01-02T04:53:51.000Z,loitering,1
503c0f148-8d3c-9f8a-32d1-4e6b922deb54,31500002,,32.68,124.5295,162.206812,162.206812,162.0,162.0,2023-12-25T00:53:58.000Z,2024-01-01T03:11:14.000Z,loitering,1
4686125d0-0bc1-34bb-3063-35f60f6e5f4a,129211030,SUQIYU03129-30-67%,32.7403,124.459,159.053016,157.734078,158.0,157.0,2023-12-25T00:54:07.000Z,2024-01-01T11:54:52.000Z,loitering,1
d59fc639e-ee4e-0059-b9c5-1f59e200c02a,34620038,SUQIYU03462-38_8.0V,32.6411,124.3803,161.82559400000002,181.351766,161.0,181.0,2023-12-25T00:54:17.000Z,2024-01-01T00:46:19.000Z,loitering,1
f3feddd76-68e6-fa6d-1807-641fb1ad5092,813770985,JIAO77098--5,32.6378,124.5425,166.086422,166.086422,165.0,165.0,2023-12-25T00:54:21.000Z,2024-01-01T01:23:04.000Z,loitering,1
54b1c5120-051b-4e51-ee97-12692ae50960,412426937,ZHEDAIYU03150,32.6848,124.5196,163.252625,161.81329699999998,163.0,161.0,2023-12-25T00:54:26.000Z,2024-01-01T01:56:44.000Z,loitering,1
75c7f6378-8ecc-eed6-268f-140540fd501e,41550080,NET04155-80-82%,31.5328,125.8195,191.12204699999998,191.12204699999998,187.0,187.0,2023-12-25T00:54:29.000Z,2024-01-01T11:57:39.000Z,loitering,1
e303c7cca-a2c4-0e39-e87d-c860f98dbe2f,79260919,SUQIYU02609--19,33.2337,123.9162,144.430875,144.430875,143.0,143.0,2023-12-25T00:54:32.000Z,2024-01-01T16:48:45.000Z,loitering,1
7743216c9-917c-794f-0ce2-28fe14d34432,68890029,ZHEDAIYU06889-29-85%,32.7903,124.4637,151.889875,154.302,151.0,154.0,2023-12-25T00:54:59.000Z,2024-01-01T02:48:56.000Z,loitering,1
59358790b-bcfd-1320-b23d-432924b85eb8,26312922,,32.7435,124.456,157.364906,158.755156,157.0,158.0,2023-12-25T00:55:02.000Z,2024-01-01T03:37:39.000Z,loitering,1
a90e9a6c7-7b1b-2b8f-089e-389a1bcf6445,70260906,SUQIYU02609--6,33.2418,123.9168,143.72645300000002,143.72645300000002,142.0,142.0,2023-12-25T00:55:14.000Z,2024-01-01T01:22:00.000Z,loitering,1
ef8ec6d65-539e-013e-036e-8744635fc4ff,60880083,,32.7424,124.5154,156.28509400000002,156.28509400000002,156.0,156.0,2023-12-25T00:55:51.000Z,2024-01-01T03:54:22.000Z,loitering,1
d4f2049b0-0fb6-4e02-be71-05b4200cfb3a,41166554,,33.2509,123.8987,144.481391,144.481391,143.0,143.0,2023-12-25T00:56:00.000Z,2024-01-01T16:47:09.000Z,loitering,1
a20f07375-5e82-aab2-acbb-c396b406b6c7,606818003,,32.6417,124.654,161.788094,161.368312,158.0,158.0,2023-12-25T00:56:19.000Z,2024-01-01T11:44:48.000Z,loitering,1
ef38ab5cf-f69c-88e1-ab3e-1bc0bf653d15,125521111,U,32.6338,124.6767,160.105609,160.105609,157.0,157.0,2023-12-25T00:56:24.000Z,2024-01-01T02:42:31.000Z,loitering,1
5deaf7cfd-de3e-2536-0be3-8b5f253c2cf2,10510642,,33.2866,124.0282,132.300797,133.018297,131.0,132.0,2023-12-25T00:56:35.000Z,2024-01-01T01:50:06.000Z,loitering,1
107d80cf0-0e61-09b8-e1a2-80ce371d2adf,808204,SUQIYU08082-0404%,32.6074,124.3818,164.906328,184.00740599999997,164.0,183.0,2023-12-25T00:56:51.000Z,2024-01-01T00:47:22.000Z,loitering,1
efe0e6c56-6677-c457-95b1-3db6c82c50ed,231346232,SUQIYU03462-32_8.0V,32.6575,124.3874,160.80095300000002,178.550969,160.0,178.0,2023-12-25T00:57:06.000Z,2024-01-01T21:00:33.000Z,loitering,1
6226201b9-9f04-d457-ed10-10378bd89c7d,41322602,SHANGLIUYOUWANG-02,32.6964,124.428,163.58034400000003,164.60279699999998,163.0,164.0,2023-12-25T00:57:08.000Z,2024-01-01T02:58:05.000Z,loitering,1
3bbcec43d-dc31-546e-0008-88ad6414aa1a,31290060,SYQIYU03129-60-88%,32.7542,124.4603,156.34271900000002,157.364906,156.0,157.0,2023-12-25T00:57:10.000Z,2024-01-01T04:18:50.000Z,loitering,1
17671308a-a76b-0224-b101-ddc549e5d293,42984601,ZHEDAIYU04298-01-72%,32.7155,124.5634,156.76206200000001,158.120812,156.0,157.0,2023-12-25T00:57:37.000Z,2024-01-01T02:25:55.000Z,loitering,1
bc8319598-812e-3236-b47d-8f52943d685f,606068088,,32.6429,124.5699,165.187938,165.187938,164.0,164.0,2023-12-25T00:57:45.000Z,2024-01-01T22:41:45.000Z,loitering,1
19665104d-db1e-2de2-8fbf-68ed84815411,123037310,ZHEDAIYU06088-10-44%,32.7498,124.5124,154.55526600000002,156.62384400000002,154.0,156.0,2023-12-25T00:57:58.000Z,2024-01-01T01:52:10.000Z,loitering,1
2ddbbae10-02bd-c65d-fe77-4d55e1e6977e,808210,SUQIYU08082-1004%,32.6418,124.3826,161.82559400000002,181.351766,161.0,181.0,2023-12-25T00:58:11.000Z,2024-01-01T00:45:13.000Z,loitering,1
2c4b5f010-08e6-20dc-6eaf-9b711bb324c6,412158948,TIELONG61589-48-89%,24.8591,120.5292,68.374219,12.231441,77.0,16.0,2023-12-25T00:58:15.000Z,2024-01-03T07:49:04.000Z,loitering,1
49d686349-9c27-6d2e-004e-3ef8800b8bc7,26317662,ZHEDAIYU03176-62 7V8,32.6753,124.5145,162.854109,163.571938,162.0,163.0,2023-12-25T00:58:47.000Z,2024-01-01T12:10:30.000Z,loitering,1
a8482d2f4-4923-98f5-b3ef-4a870f02bab7,2377011,SUQIYU02377--11_8.3V,33.2335,123.9367,141.606141,144.437672,140.0,143.0,2023-12-25T00:58:53.000Z,2024-01-01T00:54:54.000Z,loitering,1
d133a313f-fca3-85b7-854d-c50bc65714c5,2609080,SUQIYU02609-80_8.0V,33.211,123.9108,146.56721900000002,146.56721900000002,145.0,145.0,2023-12-25T00:58:55.000Z,2024-01-01T16:52:41.000Z,loitering,1
5c770c6a7-7a9b-e94c-1e16-739e2308656d,2609041,SUQIYU02609-41_7.6V,33.2259,123.916,144.430875,144.430875,143.0,143.0,2023-12-25T00:59:36.000Z,2024-01-01T16:59:34.000Z,loitering,1
6494bd4d0-0754-13f5-4c73-cf0eb326e50a,44650006,,32.7439,124.4027,159.648109,160.657219,159.0,160.0,2023-12-25T00:59:52.000Z,2024-01-01T02:31:51.000Z,loitering,1
075bebddd-dab5-2e14-8fd2-571b163880f7,32387374,SUQIYU03238-74_8.1V,33.248,123.9372,139.546,144.437672,138.0,143.0,2023-12-25T01:00:09.000Z,2024-01-01T00:50:48.000Z,loitering,1
58d41153f-f957-c3bf-d9fa-08fd0d5d547e,10671391,,32.7824,124.4476,154.678359,154.678359,154.0,154.0,2023-12-25T01:00:10.000Z,2024-01-01T03:46:09.000Z,loitering,1
d90414577-7b67-289a-dac0-ba029c4a7918,247530,,32.6589,124.5227,164.616625,164.616625,164.0,164.0,2023-12-25T01:00:21.000Z,2024-01-01T03:30:35.000Z,loitering,1
8d6f3da7a-a60c-5d4c-854e-bea5ebcf539b,34620036,SUQIYU03462-36_8.1V,32.6342,124.3835,162.851391,181.976891,162.0,181.0,2023-12-25T01:00:28.000Z,2024-01-01T00:37:40.000Z,loitering,1
4d8da2369-91fe-7d00-5fdb-0dd0ad333320,99332805,SUQIYU03328---05 7V7,33.2438,123.9342,143.006281,143.006281,141.0,141.0,2023-12-25T01:00:49.000Z,2024-01-01T01:18:23.000Z,loitering,1
9471997f8-8532-b7c0-71a2-904b94f5ea7f,2377023,SUQIYU02377---23 7V8,33.2432,123.9308,142.303594,143.006281,141.0,141.0,2023-12-25T01:01:15.000Z,2024-01-01T01:52:24.000Z,loitering,1
705e5ee18-8e11-c569-8ad8-e252fe869c27,2377026,SUQIYU02377---26 7V5,33.2428,123.9368,140.22726600000001,144.437672,139.0,143.0,2023-12-25T01:01:20.000Z,2024-01-01T00:53:42.000Z,loitering,1
5496700a9-972c-a0ed-4f7e-2711ecc78ece,26312925,,32.7478,124.4507,157.734078,158.38834400000002,157.0,158.0,2023-12-25T01:01:21.000Z,2024-01-01T12:22:41.000Z,loitering,1
df378f2f8-8d7b-4955-ff07-d42303966414,9870018,,33.2298,124.0002,138.766344,138.766344,137.0,137.0,2023-12-25T01:01:53.000Z,2024-01-01T01:47:48.000Z,loitering,1
2a29ad58d-ddb8-5a2f-938b-1c22c60ed380,34627341,SUQIYU03462-41_8.1V,32.6035,124.3808,168.348172,181.976891,168.0,181.0,2023-12-25T01:02:20.000Z,2024-01-01T00:49:33.000Z,loitering,1
88ba68a0d-d56e-ee9e-2fbf-e7e2e9451a28,20063642,SUQIYU02636---42 7V9,33.3831,123.8504,139.879234,139.879234,138.0,138.0,2023-12-25T01:02:54.000Z,2024-01-01T01:58:48.000Z,loitering,1
2dceefbba-a039-48a6-5733-895bad626743,277770108,27777-08-75%,32.6605,124.5183,164.616625,164.616625,164.0,164.0,2023-12-25T01:03:06.000Z,2024-01-01T03:17:08.000Z,loitering,1
bcbb285c1-1468-ec68-7f3e-b292d416a71d,10669664,,33.2411,124.0337,135.941438,135.941438,135.0,135.0,2023-12-25T01:03:11.000Z,2024-01-01T01:53:47.000Z,loitering,1
fd33f30c7-70b0-0f1f-b5bf-106637551c94,44220048,,32.6506,124.6509,161.788094,161.788094,158.0,158.0,2023-12-25T01:03:21.000Z,2024-01-01T11:59:41.000Z,loitering,1
d91c7f664-42be-cba7-0aaa-304d81226160,214260966,SUQIYU02609-66_8.0V,33.2505,123.9161,143.027219,143.027219,141.0,141.0,2023-12-25T01:03:29.000Z,2024-01-01T01:42:12.000Z,loitering,1
b75630a26-6680-b5ca-cee1-277ea81b4ddf,10032053,,32.6799,124.4141,163.310359,169.064047,163.0,168.0,2023-12-25T01:03:39.000Z,2024-01-01T18:27:51.000Z,loitering,1
65ec34f70-046d-1fd0-3574-fec791a87f51,9870009,,33.2594,124.0134,135.876312,136.602359,134.0,135.0,2023-12-25T01:04:20.000Z,2024-01-01T01:59:58.000Z,loitering,1
50aab7d0a-ae03-46ba-ec24-8217a4e7898e,926780106,ZHEDAIYU04623-02-73%,32.717,124.5965,155.86046900000002,155.86046900000002,155.0,155.0,2023-12-25T01:05:08.000Z,2024-01-01T03:24:24.000Z,loitering,1
cea4664b7-736b-6302-6aca-f93a8404ea5b,32690004,SUQIYU03269-04-99%,32.3135,123.2952,123.619602,123.619602,146.0,146.0,2023-12-25T01:05:34.000Z,2024-01-05T08:45:47.000Z,loitering,1
ee1f69ef4-4714-7063-cdc1-142ec3a7b40f,930000027,ZHEDAIYU04623-20,32.695,124.5922,158.26564100000002,159.321594,158.0,159.0,2023-12-25T01:05:56.000Z,2024-01-01T04:42:28.000Z,loitering,1
764535c22-2c6f-4ba7-41b0-0740673a14e9,565990020,,33.2086,124.0992,133.482953,133.482953,132.0,132.0,2023-12-25T01:06:01.000Z,2024-01-01T01:57:06.000Z,loitering,1
9e7f830a9-920e-4912-b1ac-57bfaed0f852,96321711,ZHEDAIYU03217-0179%,32.7219,124.6485,157.656812,151.26459400000002,156.0,151.0,2023-12-25T01:06:03.000Z,2024-01-03T14:02:17.000Z,loitering,1
25c547543-3cfd-9ac0-3cc7-d68413240b40,96321736,ZHEDAIYU03217-3657%,32.7395,124.6459,152.328297,152.328297,152.0,152.0,2023-12-25T01:06:19.000Z,2024-01-01T05:17:57.000Z,loitering,1
a4e3d044e-ea9f-4193-2b67-5f3f5aaa3ec1,606882074,,32.8096,124.518,149.048484,149.048484,148.0,148.0,2023-12-25T01:06:26.000Z,2024-01-01T04:01:26.000Z,loitering,1
1ad2f2f80-01cf-b431-c583-5532786a6273,100365004,SUQIYU03650-4-77%,33.2772,123.9113,141.69757800000002,141.69757800000002,140.0,140.0,2023-12-25T01:06:34.000Z,2024-01-01T16:42:15.000Z,loitering,1
4437f4510-036e-88b2-c1db-0b30c4d8f1a7,96317970,ZHEDAIYU03179-7099%,32.6962,124.5287,160.117859,160.117859,159.0,159.0,2023-12-25T01:06:51.000Z,2024-01-01T02:20:51.000Z,loitering,1
97c4d8f47-7897-f1b9-56ca-933976a19b0c,96462322,ZHEDAIYU04623-2262%,32.7189,124.5909,156.156062,156.156062,156.0,156.0,2023-12-25T01:07:58.000Z,2024-01-01T03:31:57.000Z,loitering,1
d26824f40-0b14-d0e2-7676-ab1815bef1c9,26097372,SUQIYU02609-72_8.1V,33.1832,123.9165,148.027984,148.027984,147.0,147.0,2023-12-25T01:07:58.000Z,2024-01-01T02:22:11.000Z,loitering,1
d4040b16b-b7d1-f0e2-da27-0dbe2cf4572c,31290066,,32.7267,124.4621,159.412938,160.438703,159.0,160.0,2023-12-25T01:08:06.000Z,2024-01-01T03:36:49.000Z,loitering,1
6368e1a65-54c6-c832-8ef2-2369162cd5ce,12097303,SUQIYU01209-03_8.0V,33.2441,123.8491,148.831312,148.831312,147.0,147.0,2023-12-25T01:08:11.000Z,2024-01-01T16:40:03.000Z,loitering,1
c1690006a-a72a-a6ba-7026-e24f4ebef5ee,44650043,,32.7832,124.4011,156.629062,156.629062,156.0,156.0,2023-12-25T01:08:14.000Z,2024-01-01T03:54:54.000Z,loitering,1
a5573a41b-b30a-e80c-e438-a0e9533d836e,100000081,ZHE DAI YU 02302-1,32.6467,124.3832,162.851391,178.939734,162.0,178.0,2023-12-25T01:08:23.000Z,2024-01-01T19:06:43.000Z,loitering,1
40e440746-6c02-a6a7-22e8-5651e9bbe32f,88268813,SUQIYU02688----137V5,33.3046,123.8857,141.943969,141.84731200000002,140.0,140.0,2023-12-25T01:08:46.000Z,2024-01-01T00:54:08.000Z,loitering,1
acb0dee26-651f-172d-f216-a9e3d94d8ba5,930150026,01500-26-57%,31.6584,127.2447,166.886562,195.7985,111.0,112.0,2023-12-25T01:09:34.000Z,2024-01-02T04:25:49.000Z,loitering,1
3d64c0e29-91d9-945b-d29f-da60a9d194af,44650009,,32.7563,124.4005,158.640328,158.640328,158.0,158.0,2023-12-25T01:09:50.000Z,2024-01-01T03:28:43.000Z,loitering,1
5c8775afc-c486-1de9-5d7e-ddcaf0fad56f,46230035,,32.6918,124.5964,159.031781,159.031781,158.0,158.0,2023-12-25T01:09:56.000Z,2024-01-01T04:40:30.000Z,loitering,1
c3839bb07-7f4f-667c-e1ca-52ef97dca56d,46230009,,32.7249,124.5957,154.804906,155.86046900000002,154.0,155.0,2023-12-25T01:10:09.000Z,2024-01-01T02:18:13.000Z,loitering,1
8dc6d20e4-4c32-bc39-424e-4ff93e8d661b,26312979,SUQIYU03129-79A_7.8V,32.7248,124.4667,159.053016,160.08104699999998,158.0,159.0,2023-12-25T01:10:13.000Z,2024-01-01T03:22:11.000Z,loitering,1
8b015cd0f-f257-9db7-c5b2-b3ed7e4c9c4d,31290061,SYQIYU03129-61-89%,32.728,124.4636,159.77746900000002,158.69767199999998,159.0,158.0,2023-12-25T01:10:13.000Z,2024-01-01T10:41:26.000Z,loitering,1
4f1e30b7f-f3f6-b3b6-5331-a443ce6f4784,920000002,ZHEDAIYU04861-08,33.3024,124.0306,130.882312,131.588766,129.0,130.0,2023-12-25T01:10:25.000Z,2024-01-01T01:19:05.000Z,loitering,1
b4223f579-9416-c9bf-2aed-c030b3539855,44650015,,32.7798,124.386,156.629062,157.85339100000002,156.0,157.0,2023-12-25T01:10:29.000Z,2024-01-01T17:46:17.000Z,loitering,1
04651b621-19a9-8116-0a16-3feb837b5a1b,607226115,,33.1463,124.1105,137.618953,137.618953,137.0,137.0,2023-12-25T01:10:31.000Z,2024-01-01T16:45:05.000Z,loitering,1
ed2163b3a-ad0d-e742-4c84-21eb6005c87c,900638001,NET-ZSY00638-01-97%,32.6955,124.5209,160.117859,161.48525,159.0,161.0,2023-12-25T01:10:43.000Z,2024-01-01T03:02:08.000Z,loitering,1
c61796bbc-c040-09ef-055c-e619f1ddfd64,31500004,,32.6843,124.516,162.528141,162.528141,162.0,162.0,2023-12-25T01:11:02.000Z,2024-01-01T03:14:21.000Z,loitering,1
124c9345f-ff45-aa0c-c474-4f866bc8f1a6,62564551,,32.7347,124.5112,156.62384400000002,157.65971900000002,156.0,157.0,2023-12-25T01:11:13.000Z,2024-01-01T03:18:51.000Z,loitering,1
0e8347820-0a6d-4ab5-5490-ee2219d1b81e,565990018,,33.2008,124.1173,132.95845300000002,132.95845300000002,132.0,132.0,2023-12-25T01:11:49.000Z,2024-01-02T08:25:34.000Z,loitering,1
aa4a572e0-067d-725e-fe2f-a9e4f916d5f6,44650002,,32.7371,124.4004,160.657219,160.657219,160.0,160.0,2023-12-25T01:11:54.000Z,2024-01-01T03:17:10.000Z,loitering,1
ee1fedd2b-b02a-9761-ead2-322e77126e30,23017302,SUQIYU02301-02_8.1V,32.7077,124.4288,162.559062,162.559062,162.0,162.0,2023-12-25T01:11:56.000Z,2024-01-01T03:32:08.000Z,loitering,1
e612a6951-1b16-e961-e2f6-af4aa8f1be01,2609040,SUQIYU02609-40_8.0V,33.2358,123.912,144.448969,145.149984,143.0,144.0,2023-12-25T01:12:21.000Z,2024-01-01T16:37:19.000Z,loitering,1
822957822-235a-823d-78e7-7cc228d69e87,44650036,,32.742,124.3878,161.051,161.051,160.0,160.0,2023-12-25T01:12:36.000Z,2024-01-01T11:17:39.000Z,loitering,1
f3dfd7d82-2aa9-246a-0c27-e2b975d5a049,60609125,ZHEDAIYU06091-B5 93%,32.7674,124.5566,151.844062,151.844062,151.0,151.0,2023-12-25T01:12:48.000Z,2024-01-01T02:46:40.000Z,loitering,1
21722e296-6b06-ac9f-3295-5760fc8404ea,26026615,ZHE DAI YU 70520-03,32.7657,124.4501,155.69565599999999,156.714234,155.0,156.0,2023-12-25T01:12:52.000Z,2024-01-01T12:16:59.000Z,loitering,1
b976ba81c-c43e-f1d0-e988-854052a16097,108002380,69331-17,32.8122,124.4364,153.03368799999998,151.013594,152.0,150.0,2023-12-25T01:13:04.000Z,2024-01-01T03:55:07.000Z,loitering,1
4991f931d-d778-9d01-2426-8964624f6e53,603358003,,32.7153,124.475,155.613594,165.2375,155.0,165.0,2023-12-25T01:13:31.000Z,2024-01-01T11:47:20.000Z,loitering,1
472608073-34b3-1f2a-c367-7fd7c7acd3ad,9870013,,33.2489,123.9966,137.306125,138.033672,136.0,137.0,2023-12-25T01:13:38.000Z,2024-01-01T01:50:10.000Z,loitering,1
a2bd05788-83b1-7216-ff0f-13113ebf7df0,200225825,SUQIYU03258-25_8.1V,32.6148,124.3874,165.931781,182.140375,165.0,181.0,2023-12-25T01:13:51.000Z,2024-01-02T05:33:14.000Z,loitering,1
44eae1146-6869-d818-f4dd-389bc302dbd0,210001295,ZHESHENGYU01295=21,32.5819,124.637,167.648109,164.896859,164.0,161.0,2023-12-25T01:14:48.000Z,2024-01-01T11:45:17.000Z,loitering,1
5827c0ba1-161f-7ea8-76f7-9e1dbe05b053,9870014,,33.2496,123.9997,137.306125,137.306125,136.0,136.0,2023-12-25T01:15:06.000Z,2024-01-01T01:44:00.000Z,loitering,1
2f27f4e21-11f0-b000-a717-2bde2c1d7d33,107226160,QIONGSANYU722616076%,33.1388,124.1109,138.433359,138.433359,138.0,138.0,2023-12-25T01:15:12.000Z,2024-01-01T16:45:59.000Z,loitering,1
4d319a9d0-0219-5ce9-a124-914ed2f05f13,232000025,MFJY09979-16-71%,32.8882,124.4911,141.990109,141.990109,141.0,141.0,2023-12-25T01:15:37.000Z,2024-01-01T04:14:43.000Z,loitering,1
8cf21d6b7-7a8d-dbbf-4447-7400e0080344,606068074,,32.6922,124.5694,159.91581200000002,159.91581200000002,159.0,159.0,2023-12-25T01:16:00.000Z,2024-01-01T03:28:22.000Z,loitering,1
a3d0306ea-af28-0451-a3c2-011511be0902,880197763,01977-6383%,32.7776,124.5237,151.800359,152.143281,151.0,151.0,2023-12-25T01:16:27.000Z,2024-01-01T03:53:24.000Z,loitering,1
5a7ec55d4-4fc5-4783-811c-02d813ad383d,91580012,FUDINGYU09158-12-99%,33.4952,124.0737,113.151281,117.655711,111.0,116.0,2023-12-25T01:17:43.000Z,2024-01-02T18:00:36.000Z,loitering,1
2db2a7634-4edf-7d5d-eb7b-d6c53c64e224,60880101,,32.775,124.5298,151.800359,152.83648399999998,151.0,152.0,2023-12-25T01:17:46.000Z,2024-01-01T03:27:39.000Z,loitering,1
277e468b0-0f88-a5a8-d280-d7d5824e8f22,123007349,06153-91-82%,32.8302,124.5348,146.286656,146.636391,146.0,146.0,2023-12-25T01:17:53.000Z,2024-01-01T03:30:00.000Z,loitering,1
e2959a7b8-8ab6-a3cb-ea52-bc2e2e543143,10671030,,32.8081,124.4364,152.02293799999998,152.02293799999998,151.0,151.0,2023-12-25T01:17:56.000Z,2024-01-01T04:18:35.000Z,loitering,1
2767fcf53-3c2a-9559-21aa-aa375c65d2fe,606882068,,32.79,124.5146,151.11053099999998,151.460656,150.0,151.0,2023-12-25T01:18:06.000Z,2024-01-01T02:48:56.000Z,loitering,1
345ba6e32-2727-fcce-e98e-a94bc9f80cbc,750344320,SUQIYU03443-20_8.1V,32.5504,124.5414,175.573266,175.573266,172.0,172.0,2023-12-25T01:18:11.000Z,2024-01-01T02:34:43.000Z,loitering,1
d0b69adf3-346a-f2f2-2cb2-56ab80ba1001,40166506,SUQIYU1665 0645%,33.294,123.8948,145.211875,139.895797,144.0,138.0,2023-12-25T01:18:57.000Z,2024-01-05T16:55:44.000Z,loitering,1
3ab64da0a-ac8e-9678-b221-f44a5707f08a,60880081,,32.7571,124.5296,153.873672,153.873672,153.0,153.0,2023-12-25T01:19:30.000Z,2024-01-01T04:20:06.000Z,loitering,1
fe491caa2-2abe-902c-769b-0de8bdbcf836,210325827,SUQIYU03258-27_8.0V,32.6446,124.387,163.85975,179.126297,163.0,178.0,2023-12-25T01:19:39.000Z,2024-01-01T18:48:14.000Z,loitering,1
5cf08767d-df98-a85c-0f5b-018a61240fd4,96317972,ZHEDAIYU03179-7299%,32.678,124.5169,161.48525,164.616625,161.0,164.0,2023-12-25T01:19:43.000Z,2024-01-01T11:52:38.000Z,loitering,1
7f47be1dc-c5e7-bc89-629b-7705b1d163ca,26312918,,32.734,124.4736,158.38834400000002,158.69767199999998,158.0,158.0,2023-12-25T01:19:53.000Z,2024-01-01T10:47:59.000Z,loitering,1
5a676c485-56e2-05c1-7930-f22228b585bb,231903378,MFJY09979-1-71%,32.8921,124.4991,141.604859,141.604859,141.0,141.0,2023-12-25T01:20:42.000Z,2024-01-01T04:44:39.000Z,loitering,1
b627da61b-bff5-ffa1-7034-bf1b7e3b1874,2377005,SUQIYU02377--05_8.0V,33.2506,123.9355,139.546,144.437672,138.0,143.0,2023-12-25T01:20:57.000Z,2024-01-01T00:47:53.000Z,loitering,1
a729f55d3-3071-3076-b40b-2386e1f2314c,60979339,,33.3174,124.0311,130.18151600000002,130.882312,129.0,129.0,2023-12-25T01:21:04.000Z,2024-01-01T01:10:05.000Z,loitering,1
66b9e3def-f00e-d13d-ee25-f5e34153e6b2,26312916,,32.7618,124.4624,156.34271900000002,156.34271900000002,156.0,156.0,2023-12-25T01:21:28.000Z,2024-01-01T03:59:01.000Z,loitering,1
05177f238-843a-1c7e-e8d8-3063df27b127,68890028,ZHEDAIYU06889-28-88%,32.8641,124.4717,144.790797,145.413547,144.0,145.0,2023-12-25T01:21:51.000Z,2024-01-01T13:11:59.000Z,loitering,1
cefc65679-9de9-0993-bb97-d87338fb2a49,606068091,,32.7054,124.5661,157.81248399999998,159.17007800000002,157.0,159.0,2023-12-25T01:22:10.000Z,2024-01-01T02:28:47.000Z,loitering,1
3a778e2e6-6108-3739-47e9-745b6af8bdb3,31500001,,32.6717,124.5296,163.252625,163.252625,163.0,163.0,2023-12-25T01:22:37.000Z,2024-01-01T03:06:52.000Z,loitering,1
7bb34ecb0-0f74-abfe-cc50-04388df0d2e3,429800502,ZHEDAIYU04298-02-83%,32.7354,124.5628,154.663812,156.024922,154.0,155.0,2023-12-25T01:22:42.000Z,2024-01-01T03:36:26.000Z,loitering,1
0dc0d05de-ef9d-ab28-1ff1-4e76981d63de,9870012,,33.2693,124.0162,134.44703099999998,134.44703099999998,133.0,133.0,2023-12-25T01:22:54.000Z,2024-01-01T01:27:45.000Z,loitering,1
f857ccf25-59eb-8b77-1d21-993f6e67f49c,31500005,,32.7,124.5161,160.44328099999998,160.44328099999998,160.0,160.0,2023-12-25T01:23:27.000Z,2024-01-01T03:22:00.000Z,loitering,1
9433a1bcd-de8e-a368-ebd8-53e35777b075,209237794,SUQIYU02377--94_7.9V,33.3051,123.8831,141.943969,141.84731200000002,140.0,140.0,2023-12-25T01:23:47.000Z,2024-01-01T00:58:00.000Z,loitering,1
f2e29cf4e-e0f7-08b9-54fc-a899a9cdd1be,232000819,08600-23-66%,32.8568,124.5415,142.843031,144.224359,142.0,144.0,2023-12-25T01:23:50.000Z,2024-01-01T03:17:33.000Z,loitering,1
d14ea2bbd-d0c1-d81b-860a-5035413c9e7d,68838506,,32.7229,124.7326,151.039906,151.910359,147.0,148.0,2023-12-25T01:24:15.000Z,2024-01-01T04:16:36.000Z,loitering,1
32162237b-b212-589c-1a77-8d4b4c3a625e,83018010,,32.8106,124.432,152.416078,152.416078,152.0,152.0,2023-12-25T01:24:20.000Z,2024-01-01T03:56:39.000Z,loitering,1
05500ef47-7914-ace1-2afa-3adaa6677807,706818053,ZHEDAIYU06818-53A,32.6222,124.6609,162.269938,162.269938,159.0,159.0,2023-12-25T01:24:42.000Z,2024-01-01T05:47:46.000Z,loitering,1
0d61d488e-efab-6e13-603d-073b9c383810,211050901,05509-1-60%,33.3613,123.9825,130.50692999999998,131.072359,129.0,129.0,2023-12-25T01:24:43.000Z,2024-01-01T00:31:18.000Z,loitering,1
4a8690cd2-274e-ea84-67fe-ff67d6ae558a,9870005,,33.2457,124.0114,136.602359,137.33357800000002,135.0,136.0,2023-12-25T01:24:46.000Z,2024-01-01T16:06:41.000Z,loitering,1
6ee7fd37b-b153-95dd-5fd4-a964ec80c836,333000008,C333-08-82%,32.7714,124.522,152.143281,153.177125,151.0,153.0,2023-12-25T01:24:53.000Z,2024-01-01T03:57:16.000Z,loitering,1
4b07c3b25-5979-f23f-0bce-cf3a436c55f0,210163563,SUQIYU01635-63_8.1V,33.2927,123.9163,140.28353099999998,140.28353099999998,139.0,139.0,2023-12-25T01:25:03.000Z,2024-01-01T16:24:23.000Z,loitering,1
6530bca59-90fe-1977-13aa-866172048894,900021877,ZLY21877-951%,31.424,122.7448,18.833896,17.376905999999998,63.0,62.0,2023-12-25T01:25:04.000Z,2024-01-05T02:01:08.000Z,loitering,1
d8f8aa71b-b3c0-fbda-0f9e-51c687b3c84d,33380058,SUQIYU03338-58_8.1V,32.7079,124.5829,155.405016,159.321594,155.0,159.0,2023-12-25T01:25:07.000Z,2024-01-03T22:35:40.000Z,loitering,1
21cb19cf7-706e-2517-28fd-c5c9aa75b4e1,79228926,SUQIYU02289---26,33.342,123.977,131.817781,132.482344,130.0,131.0,2023-12-25T01:25:09.000Z,2024-01-01T01:25:38.000Z,loitering,1
b682e571e-e937-0ebf-3e03-05432aff2f38,123037305,ZHEDAIYU06088-05-52%,32.7328,124.5156,157.32315599999998,157.32315599999998,157.0,157.0,2023-12-25T01:25:13.000Z,2024-01-01T02:57:35.000Z,loitering,1
3a832e522-2c99-e73d-8ec7-8a3b2e838779,90106050,ZHE DAI YU 04201=03,32.7255,124.5699,155.712516,155.712516,155.0,155.0,2023-12-25T01:25:20.000Z,2024-01-01T03:31:32.000Z,loitering,1
d435c6eb5-5c17-81bd-c7f3-881774111e79,605659905,,33.2252,124.0998,131.92842199999998,132.703312,131.0,132.0,2023-12-25T01:25:23.000Z,2024-01-01T01:41:44.000Z,loitering,1
ccf2c8a47-73cf-1dee-ceb1-88f5a828fd9a,412955004,01955-4--66%,32.8748,124.5241,141.869781,142.526641,141.0,142.0,2023-12-25T01:26:15.000Z,2024-01-01T23:27:59.000Z,loitering,1
629b8e4b6-6b89-c45a-315f-a967983cef1b,26312924,,32.7423,124.4654,158.026109,158.026109,157.0,157.0,2023-12-25T01:26:32.000Z,2024-01-01T02:43:42.000Z,loitering,1
7da9c98a5-5f86-1782-78e1-01187f6fcbdb,20334892,SUQIYU03348---92,33.3421,123.9993,131.001172,131.001172,129.0,129.0,2023-12-25T01:26:48.000Z,2024-01-01T01:32:24.000Z,loitering,1
39f78e309-9cab-1327-dd8b-101bb371b7f0,10626031,,33.5999,124.0606,110.783586,110.783586,108.0,108.0,2023-12-25T01:27:00.000Z,2024-01-02T00:47:10.000Z,loitering,1
b989226d1-133f-2605-6bcf-f7fe4e698d91,26031297,,32.7658,124.4504,155.69565599999999,156.714234,155.0,156.0,2023-12-25T01:27:01.000Z,2024-01-01T12:21:49.000Z,loitering,1
12e7177c4-4a9f-d86c-79c8-d7cce30c56fe,26312921,,32.7591,124.4668,155.97581200000002,155.97581200000002,155.0,155.0,2023-12-25T01:27:13.000Z,2024-01-01T03:29:25.000Z,loitering,1
5cf59ef84-462e-8c8c-c767-376b7151b6bf,260101916,LIAOYINGYU26799-1,37.704,122.8102,29.205291000000003,35.775664,30.0,36.0,2023-12-25T01:27:22.000Z,2024-01-09T08:23:15.000Z,loitering,1
c89607c03-38b0-86b9-5b3e-50a66d99e1bb,9870011,,33.2689,124.0135,135.155516,135.876312,134.0,134.0,2023-12-25T01:27:22.000Z,2024-01-01T01:44:12.000Z,loitering,1
9785a59a6-618e-fe31-1ecf-9e3d028ad515,585209595,58520-95-85%,33.323,124.0493,129.44843799999998,128.03732,128.0,127.0,2023-12-25T01:27:31.000Z,2024-01-07T21:43:06.000Z,loitering,1
eec828930-0984-00a0-f9b8-1e6e4249787b,67150043,,32.8339,124.4212,150.807031,150.807031,150.0,150.0,2023-12-25T01:27:47.000Z,2024-01-01T04:24:36.000Z,loitering,1
fc19f5f33-3bac-b43c-c5c3-1b3e3fd2a747,67150006,,32.8307,124.4248,150.807031,150.807031,150.0,150.0,2023-12-25T01:27:52.000Z,2024-01-01T04:05:06.000Z,loitering,1
799bc7c9c-c4de-3e96-6c7a-220eb8bc2198,59270085,NET-ZSY05927-85-91%,32.5659,124.5904,170.550875,171.025719,167.0,168.0,2023-12-25T01:27:57.000Z,2024-01-01T02:51:08.000Z,loitering,1
f1c672ad1-184b-6f4b-098e-b64ef3b327d8,10669635,,33.2654,124.0332,133.741219,133.770031,132.0,132.0,2023-12-25T01:27:58.000Z,2024-01-01T01:17:19.000Z,loitering,1
a693a0b68-889e-0a87-f848-d6baa2b5f3e6,44650033,,32.7918,124.4007,155.62557800000002,155.62557800000002,155.0,155.0,2023-12-25T01:28:00.000Z,2024-01-01T03:53:54.000Z,loitering,1
e30862605-513c-c23d-08da-141d4736eec3,10671078,,32.8793,124.4015,146.66475,146.66475,146.0,146.0,2023-12-25T01:28:02.000Z,2024-01-01T12:59:29.000Z,loitering,1
6a4ff23c5-5292-8d65-e09b-c022fa4de05f,123007354,06153-98-85%,32.8023,124.5343,149.731375,149.731375,149.0,149.0,2023-12-25T01:28:16.000Z,2024-01-01T03:53:51.000Z,loitering,1
9fa519733-39cc-a477-7999-f684de0ba582,892001123,04062-16-99%,27.4046,122.3532,73.82154700000001,80.441125,110.0,114.0,2023-12-25T01:28:19.000Z,2024-01-01T05:22:24.000Z,loitering,1
55cd5d6d6-6fe9-2a43-9570-b925ff28800b,400001295,ZSY01295-494%,32.582,124.6231,167.064,167.16407800000002,164.0,164.0,2023-12-25T01:28:23.000Z,2024-01-01T01:31:14.000Z,loitering,1
2dcff35dd-d6f2-78d2-471a-b1f2e421cc13,33897302,SUQIYU03389-02_8.1V,33.3652,123.9387,133.67492199999998,134.821781,132.0,133.0,2023-12-25T01:28:31.000Z,2024-01-01T00:48:18.000Z,loitering,1
0583255f0-000d-bf03-50a1-a533a76b8e5c,10663352,,32.8467,124.4133,149.219359,149.219359,149.0,149.0,2023-12-25T01:28:33.000Z,2024-01-01T12:38:20.000Z,loitering,1
8f8a9ae62-239f-1a62-d221-03208b40e8c1,120429802,ZHEDAIYU04298-A2-61%,32.7338,124.5707,155.712516,155.712516,155.0,155.0,2023-12-25T01:28:39.000Z,2024-01-01T03:04:38.000Z,loitering,1
ec89579f7-7f54-ecca-6c80-3974ac6104e2,34010037,SUQIYU03401-37   7V7,33.3022,123.8963,141.09984400000002,141.09984400000002,139.0,139.0,2023-12-25T01:29:06.000Z,2024-01-01T16:00:45.000Z,loitering,1
f922e48a3-3922-a574-471c-593223f08c5a,67150034,,32.7994,124.4253,153.8195,154.433922,153.0,154.0,2023-12-25T01:29:12.000Z,2024-01-01T12:12:57.000Z,loitering,1
d596ecbe2-23ed-9c22-1c96-2fa151a60bd5,231900895,MFJY09927-22-97%,32.8817,124.5815,140.591375,139.320312,140.0,139.0,2023-12-25T01:29:49.000Z,2024-01-12T05:31:11.000Z,loitering,1
b06432499-9478-e059-b1c4-94dd33a00cf1,887932678,YUELIANYU15012-7-46%,33.347,124.0681,125.19520299999999,125.19520299999999,124.0,124.0,2023-12-25T01:30:00.000Z,2024-01-07T01:58:05.000Z,loitering,1
c9d9e26aa-ab12-1558-f25c-6efbf5001b7b,67150033,,32.8542,124.4203,147.80845300000001,148.806375,147.0,148.0,2023-12-25T01:30:14.000Z,2024-01-01T04:03:37.000Z,loitering,1
e3f2c28f5-5aeb-5a17-5b37-f4509fb60f83,59270068,NET68-ZSY05927-84%,32.5743,124.5939,170.08196900000002,170.550875,167.0,167.0,2023-12-25T01:30:35.000Z,2024-01-01T01:10:23.000Z,loitering,1
f48e4867f-fc1d-92f4-7a4e-27e1e484ce77,9870023,,33.2777,124.0146,134.440062,134.44703099999998,133.0,133.0,2023-12-25T01:30:37.000Z,2024-01-01T01:28:21.000Z,loitering,1
cdc4276d9-95c4-eb60-2da5-f0626cc2aef1,10671083,,32.8789,124.4012,146.66475,147.65375,146.0,147.0,2023-12-25T01:30:56.000Z,2024-01-01T13:12:42.000Z,loitering,1
b06a5ffd8-81d0-c4d0-3c88-b3a0a574710e,67150051,,32.8415,124.4248,149.80592199999998,149.80592199999998,149.0,149.0,2023-12-25T01:31:07.000Z,2024-01-01T03:53:51.000Z,loitering,1
11f2caea2-299c-a66c-9f12-0495d0a7e2c2,48970015,,32.8308,124.4547,149.223172,149.612078,149.0,149.0,2023-12-25T01:31:13.000Z,2024-01-01T04:07:17.000Z,loitering,1
e71bbf8c0-0e38-f44e-79f6-b4a2814abccd,10273327,SUGANYU02733-27-74%,33.3536,123.9585,132.664156,133.315406,131.0,132.0,2023-12-25T01:31:20.000Z,2024-01-01T01:04:01.000Z,loitering,1
a1af6ac53-3195-d308-d676-d8e6725c9da5,46230042,,32.7368,124.5965,152.99775,155.86046900000002,152.0,155.0,2023-12-25T01:31:32.000Z,2024-01-03T22:17:03.000Z,loitering,1
052fc512d-d937-1083-05d3-7f1665bcfa08,601296091,,32.812,124.4481,151.634438,151.634438,151.0,151.0,2023-12-25T01:31:46.000Z,2024-01-01T04:06:30.000Z,loitering,1
fa02ef0bd-d921-de04-8d8c-16498c03f6a6,231900728,MFJY08659-17-66%,32.9259,124.4494,139.592219,139.592219,139.0,139.0,2023-12-25T01:32:15.000Z,2024-01-01T04:36:45.000Z,loitering,1
a54f9efe4-4be5-7296-cbf3-cda7f81eddfe,123007272,06153-99-82%,32.8335,124.5283,146.636391,146.991156,146.0,146.0,2023-12-25T01:32:27.000Z,2024-01-01T04:04:55.000Z,loitering,1
85e0b86b5-52ec-6648-cf71-cc5225ad4ed7,81300053,,32.86,124.4082,148.22417199999998,148.22417199999998,148.0,148.0,2023-12-25T01:32:51.000Z,2024-01-01T04:03:41.000Z,loitering,1
17432ffa1-1248-3079-9be9-c07cf0ff9223,10667870,,33.2582,124.0341,134.46942199999998,134.46942199999998,133.0,133.0,2023-12-25T01:33:08.000Z,2024-01-01T01:19:04.000Z,loitering,1
112203e19-95c3-8b92-4ba3-6049ecfe27b9,232001095,08600-26-78%,32.8569,124.5613,142.496188,142.496188,142.0,142.0,2023-12-25T01:33:11.000Z,2024-01-01T03:37:53.000Z,loitering,1
b8770e3e9-943c-0d6a-b11e-eaee461d784a,83018004,,32.8372,124.4315,149.40028099999998,149.40028099999998,149.0,149.0,2023-12-25T01:33:18.000Z,2024-01-01T04:23:10.000Z,loitering,1
6abb92a05-5058-419f-586c-26892bd3d9c8,96064632,ZHEYU07210-3-49%,32.8209,124.4334,151.409312,151.409312,151.0,151.0,2023-12-25T01:33:38.000Z,2024-01-01T04:16:04.000Z,loitering,1
b3b5429ad-d11b-a725-95ba-cbe8b72c75b8,99280002,0992899%,33.516,124.0623,116.706539,114.117148,114.0,112.0,2023-12-25T01:33:57.000Z,2024-01-08T00:49:10.000Z,loitering,1
dd485d63c-c326-75df-7731-478e5417d6e5,231903325,MFJY09979-10-71%,32.8903,124.4729,142.380375,142.775594,142.0,142.0,2023-12-25T01:34:35.000Z,2024-01-01T03:46:39.000Z,loitering,1
7adb4969e-e90a-6b32-cbac-c31f1dc15bcd,231903411,MFJY09979-3-73%,32.8929,124.4856,141.990109,142.380375,141.0,142.0,2023-12-25T01:34:36.000Z,2024-01-01T04:43:28.000Z,loitering,1
32b0fa955-597d-bd91-c384-8117f13aea7a,62564677,,32.8236,124.4215,151.80967199999998,151.80967199999998,151.0,151.0,2023-12-25T01:34:54.000Z,2024-01-01T04:25:05.000Z,loitering,1
b9de330e3-3311-b7f9-8fd4-7e2a6d40a30c,67150041,,32.8441,124.4206,148.806375,149.80592199999998,148.0,149.0,2023-12-25T01:35:03.000Z,2024-01-01T03:48:51.000Z,loitering,1
385ac3382-2cbc-68d1-0cfe-b2ee79d1be8b,68820066,,32.8347,124.5187,146.991156,145.964312,146.0,145.0,2023-12-25T01:35:06.000Z,2024-01-01T04:13:43.000Z,loitering,1
7fba55d2b-b3a9-3d10-daab-39dedb0c12f9,20098975,SUQIYU03389---75 7V6,33.3833,123.9355,132.907984,132.907984,131.0,131.0,2023-12-25T01:35:07.000Z,2024-01-01T01:26:35.000Z,loitering,1
31b006685-5ff6-f807-4b3f-e4542a1441aa,1635073,SUQIYU1635-73_8.0V,33.2578,123.9162,142.333219,142.333219,141.0,141.0,2023-12-25T01:35:34.000Z,2024-01-01T01:14:41.000Z,loitering,1
4ea838137-7624-44d6-3b04-6be1635a4986,33890103,SUQIYU03389-103_8.0V,33.3912,123.9342,132.437609,133.053062,130.0,131.0,2023-12-25T01:35:42.000Z,2024-01-01T01:43:37.000Z,loitering,1
f2171cf5e-e205-f326-c4ce-0537ad46325f,231902770,MFJY09927-8-76%,32.8993,124.5274,139.457953,139.457953,139.0,139.0,2023-12-25T01:35:47.000Z,2024-01-01T04:40:33.000Z,loitering,1
e0746621e-e0bc-e597-26ca-880aa7be4286,233400921,MFJY08669-17-78%,32.9007,124.4772,141.372344,141.372344,141.0,141.0,2023-12-25T01:36:14.000Z,2024-01-01T04:41:41.000Z,loitering,1
93743e355-50e4-99ab-e915-2aa75b50e1bc,96321749,ZHEDAIYU03217-49A60%,32.7226,124.6438,154.45775,154.728172,154.0,154.0,2023-12-25T01:36:16.000Z,2024-01-01T04:43:00.000Z,loitering,1
17a7caf0d-d51a-31e2-301d-64ffc8fb4b3c,233401058,MFJY08669-14-79%,32.9033,124.4941,139.579359,140.97934400000003,139.0,140.0,2023-12-25T01:36:49.000Z,2024-01-01T03:55:25.000Z,loitering,1
5ffd2c4d0-00dc-250f-fddf-ade53ac32dbe,231902970,MFJY09927-20-96%,32.9008,124.4894,141.604859,140.365891,141.0,140.0,2023-12-25T01:36:53.000Z,2024-01-16T06:26:47.000Z,loitering,1
82f8beb02-20e9-7c7d-4863-b36f635c2cc9,231902939,MFJY09979-2-82%,32.8917,124.5115,141.224641,141.224641,141.0,141.0,2023-12-25T01:38:02.000Z,2024-01-01T04:37:34.000Z,loitering,1
f5d000283-33c8-14bf-267f-5defbd9dfdd1,232001035,08600-30-84%,32.8559,124.55,142.843031,142.843031,142.0,142.0,2023-12-25T01:38:18.000Z,2024-01-01T02:25:02.000Z,loitering,1
cc4aa7973-32d2-5ae1-a356-211cc0cc959a,210912085,SUQIYU01212-85_7.7V,33.3746,123.956,131.380219,132.01906200000002,129.0,130.0,2023-12-25T01:38:27.000Z,2024-01-01T01:27:21.000Z,loitering,1
9375bdc88-81a2-4e4d-c607-55d5be2a0c03,231903407,MFJY09927-12-73%,32.8972,124.4883,140.97934400000003,141.372344,140.0,141.0,2023-12-25T01:39:06.000Z,2024-01-01T04:06:22.000Z,loitering,1
72d4145bf-f270-9613-0863-8e2b217a750e,266100002,MIN PU YU26610-02,32.8174,124.4376,151.013594,151.013594,150.0,150.0,2023-12-25T01:39:58.000Z,2024-01-01T03:36:27.000Z,loitering,1
8f84406a6-6e98-03b5-d452-56bbecd2a89f,46660001,ZHEDAIYU04666-01-89%,32.7755,124.6313,149.70428099999998,148.64668799999998,149.0,148.0,2023-12-25T01:40:28.000Z,2024-01-01T04:46:53.000Z,loitering,1
162d20e02-2aeb-984e-5e48-1c6e72035816,66160006,,33.5844,124.0534,112.633375,112.633375,110.0,110.0,2023-12-25T01:40:53.000Z,2024-01-02T08:57:43.000Z,loitering,1
524519c24-4d9e-13c9-5055-005f3ea9f1df,231900697,MFJY08659-9-94%,32.9135,124.5744,134.577141,138.019516,134.0,137.0,2023-12-25T01:42:27.000Z,2024-01-05T14:12:05.000Z,loitering,1
8bbf7c55a-a884-9412-8b44-36e64231e776,220902,SUQIYU01201-22-55%,32.8378,124.4124,150.216203,150.216203,150.0,150.0,2023-12-25T01:42:42.000Z,2024-01-01T03:56:12.000Z,loitering,1
1f3978ce0-0fbc-4dd3-ba7c-8e570822908a,233401908,MFJY 09979-38-69%,32.8881,124.5155,140.8495,140.8495,140.0,140.0,2023-12-25T01:43:03.000Z,2024-01-01T04:28:26.000Z,loitering,1
91f29e5e2-29e7-0a08-420d-647ee2517bb2,231900310,MFJY09927-28-98%,32.9031,124.5229,141.770328,136.639906,141.0,136.0,2023-12-25T01:43:15.000Z,2024-01-13T03:21:21.000Z,loitering,1
9e48e9db1-1653-13b4-6790-d7871ed414d8,412427191,ZHEDAIYU02617,30.4374,125.834,270.78934399999997,247.187734,284.0,267.0,2023-12-25T01:43:15.000Z,2024-01-04T06:43:55.000Z,loitering,1
180052f52-22ac-8dd0-03a3-140504333505,200125825,ZHE DAI YU 01258-25,32.8344,124.4433,148.999312,150.005703,148.0,149.0,2023-12-25T01:43:36.000Z,2024-01-01T04:12:46.000Z,loitering,1
de21e5683-352e-3591-1216-e46f3b79ec4b,96048097,ZSY07665-2-95%,32.9443,124.4995,138.180078,135.007609,137.0,134.0,2023-12-25T01:43:36.000Z,2024-01-06T04:47:18.000Z,loitering,1
2da1c71c3-3014-84a0-dc5d-50e34e695237,994161260,994161260         9V,-12.5537,117.3279,393.71225,434.156125,324.0,408.0,2023-12-25T01:43:44.000Z,2024-01-07T12:53:08.000Z,loitering,1
cc32f805a-af13-e030-339a-e8e69792f505,231902786,MFJY08659-23-70%,32.9292,124.4676,138.357812,139.592219,138.0,139.0,2023-12-25T01:43:48.000Z,2024-01-01T04:22:54.000Z,loitering,1
47ab0457d-d974-0bb6-ed31-8e805eaaa2c3,606882084,,32.8121,124.5117,153.177125,145.303469,153.0,145.0,2023-12-25T01:44:06.000Z,2024-01-01T04:09:16.000Z,loitering,1
b239a8229-9a3d-d871-e1a4-212e2842a2f9,601296096,,32.8619,124.4399,145.584969,147.397406,145.0,147.0,2023-12-25T01:44:09.000Z,2024-01-01T03:55:05.000Z,loitering,1
a36ad9ffa-a4c2-ebf8-2bd6-3f83f05d8f08,231902793,MFJY08659-10-69%,32.9298,124.446,139.592219,139.592219,139.0,139.0,2023-12-25T01:44:12.000Z,2024-01-01T04:51:44.000Z,loitering,1
dc6bdf7b6-6f24-dffa-f643-0cd0bb90c0da,231900814,MFJY08659-18-70%,32.9295,124.4553,139.175797,139.592219,138.0,139.0,2023-12-25T01:44:22.000Z,2024-01-01T04:19:06.000Z,loitering,1
6f875fe3c-cf11-854f-4ddb-3789ff6cba8f,77700036,MING XIA YU07770-36,32.8756,124.3901,147.095297,147.095297,146.0,146.0,2023-12-25T01:44:53.000Z,2024-01-01T04:27:48.000Z,loitering,1
e7a0460f0-0663-bd7a-b94e-d7e58e54b5f6,10671085,,32.8584,124.3975,148.6445,148.6445,148.0,148.0,2023-12-25T01:45:03.000Z,2024-01-01T04:13:54.000Z,loitering,1
dd023236b-b76b-7808-4786-70303c26ef13,601296095,,32.8594,124.4476,146.589484,146.589484,146.0,146.0,2023-12-25T01:45:10.000Z,2024-01-01T03:05:04.000Z,loitering,1
b2be1a44d-dfa3-013e-a5de-dbfce1af3e7f,233100677,MFJY09255-20-78%,32.9749,124.4781,133.367609,134.362078,133.0,134.0,2023-12-25T01:45:10.000Z,2024-01-01T05:19:22.000Z,loitering,1
d6effdab8-8603-71e0-cc34-1c06fc74741c,231901089,MFJY08659-1-64%,32.9256,124.4605,139.175797,139.175797,138.0,138.0,2023-12-25T01:45:17.000Z,2024-01-01T03:57:51.000Z,loitering,1
740abb3fb-bb8d-eea8-6427-247b7467857e,136516690,MINFUDINGYU08130-2,32.8652,124.4126,147.230641,148.22417199999998,147.0,148.0,2023-12-25T01:45:30.000Z,2024-01-01T03:58:48.000Z,loitering,1
b809b2b50-0bdb-6911-b277-e6180e1f7b58,67150001,,32.8644,124.4211,146.812172,147.80845300000001,146.0,147.0,2023-12-25T01:45:36.000Z,2024-01-01T03:56:49.000Z,loitering,1
6aba57295-5630-d88f-a9cb-7609053c36bf,412955002,01955-2--54%,32.8792,124.5363,141.140156,141.50239100000002,140.0,141.0,2023-12-25T01:45:50.000Z,2024-01-01T04:27:48.000Z,loitering,1
2eca812f1-16e3-01cb-12db-1a2bd9e2c399,67150007,,32.8095,124.426,152.81384400000002,153.42428099999998,152.0,153.0,2023-12-25T01:45:50.000Z,2024-01-01T12:23:05.000Z,loitering,1
fd4413a59-9493-ac70-b9db-aeddc103bead,67880038,,32.8648,124.4539,145.185469,146.589484,144.0,146.0,2023-12-25T01:45:53.000Z,2024-01-01T04:07:16.000Z,loitering,1
37e918254-4acf-fc84-b9a7-44a15f29e782,81300051,,32.8128,124.4168,152.214641,153.8195,152.0,153.0,2023-12-25T01:46:23.000Z,2024-01-01T12:41:39.000Z,loitering,1
cd3453b87-7973-6eea-9350-2bf5d41c32ab,12127371,SUQIYU01212-71_8.1V,33.3522,123.9569,132.664156,133.972719,131.0,132.0,2023-12-25T01:46:28.000Z,2024-01-01T01:29:27.000Z,loitering,1
984048b51-119f-1954-6168-2cf012efd98f,9870004,,33.2339,124.0163,137.376078,137.376078,136.0,136.0,2023-12-25T01:46:35.000Z,2024-01-01T16:20:40.000Z,loitering,1
4f0a023fe-e845-7f6e-3c55-c11e66e20681,233101118,MFJY09885-9-71%,32.9641,124.4656,135.773703,136.19407800000002,135.0,136.0,2023-12-25T01:46:45.000Z,2024-01-01T04:54:26.000Z,loitering,1
1938073b1-1d43-f510-506c-4385af557c9a,233401081,MFJY08669-1-79%,32.9038,124.4729,140.766672,141.770328,140.0,141.0,2023-12-25T01:47:09.000Z,2024-01-01T04:01:43.000Z,loitering,1
6e3d5ced4-4fb5-3ac6-2410-9d33a5c8b269,66660004,,32.6343,124.7016,158.398797,158.398797,155.0,155.0,2023-12-25T01:47:15.000Z,2024-01-01T05:05:32.000Z,loitering,1
150acc195-54af-b93f-d528-00e528072849,67150032,,32.8517,124.4239,148.806375,148.806375,148.0,148.0,2023-12-25T01:47:27.000Z,2024-01-01T04:00:06.000Z,loitering,1
d94fc5d55-5a8c-ac66-2f64-29ce7af4815e,296010603,LUGANGYU60106-03-52%,33.558,123.9833,119.40925,119.40925,117.0,117.0,2023-12-25T01:47:33.000Z,2024-01-01T00:04:32.000Z,loitering,1
42f1a2ffc-c86c-ca78-5e22-51d157741675,10626194,,32.8527,124.4831,146.427516,146.427516,146.0,146.0,2023-12-25T01:47:41.000Z,2024-01-01T04:07:31.000Z,loitering,1
e167d3ea3-3e47-b037-8cc1-87d9ab10da4e,20338901,SUQIYU03389-1_8.0V,33.3831,123.9333,133.053062,133.67492199999998,131.0,132.0,2023-12-25T01:47:44.000Z,2024-01-01T01:44:22.000Z,loitering,1
3f9d2f199-9177-d243-d9d3-043042d15fa2,67150045,,32.8898,124.4184,144.824609,144.824609,144.0,144.0,2023-12-25T01:48:16.000Z,2024-01-01T02:55:47.000Z,loitering,1
badf4e037-7d0e-c14b-cccd-404681dfa38b,96055578,GFY01839-30-61%,33.4125,124.0312,124.14480499999999,124.14480499999999,122.0,122.0,2023-12-25T01:48:24.000Z,2024-01-01T01:19:04.000Z,loitering,1
bcc2c4531-12ae-4b92-7d05-2613c6a8b2b0,606068095,,32.7004,124.5696,158.863734,158.863734,158.0,158.0,2023-12-25T01:48:32.000Z,2024-01-01T02:37:51.000Z,loitering,1
dc131ed83-3cc3-b797-8aad-e509d0058574,422154100,BARZIN,31.1954,123.1765,32.348373,35.629793,55.0,61.0,2023-12-25T01:48:48.000Z,2024-01-04T09:56:47.000Z,loitering,1
bf76a1f47-7620-18bd-3973-6e80b64f1ca4,67150039,,32.8201,124.4253,151.409312,151.409312,151.0,151.0,2023-12-25T01:48:58.000Z,2024-01-01T03:43:09.000Z,loitering,1
4232f26d9-9aea-566a-f3d7-87c7248876f1,10673628,,32.8613,124.4294,147.397406,147.397406,147.0,147.0,2023-12-25T01:49:19.000Z,2024-01-01T03:43:44.000Z,loitering,1
d8397d05f-ffa3-b6f3-b8a1-3c5e30731427,231902730,MFJY09979-14-29%,32.8891,124.5538,139.05146900000003,140.4795,138.0,140.0,2023-12-25T01:49:20.000Z,2024-01-01T05:02:08.000Z,loitering,1
7d0b400e4-4ad7-3458-9f93-0f60eaab5086,608717036,,32.8924,124.4128,145.24873399999998,145.24873399999998,145.0,145.0,2023-12-25T01:49:24.000Z,2024-01-01T03:23:35.000Z,loitering,1
5963de58e-e339-612f-a976-a8ae747b1556,89341020,SUQIYU03410-20   7V5,33.4463,124.0143,121.39055499999999,124.903656,119.0,123.0,2023-12-25T01:50:54.000Z,2024-01-05T16:39:14.000Z,loitering,1
ff946faae-e53a-b3b8-603d-1059cbc02bb0,412352159,SUQIYU02221,32.6762,124.4166,165.993062,167.01559400000002,165.0,166.0,2023-12-25T01:51:33.000Z,2024-01-01T00:04:40.000Z,loitering,1
5e4fda7b0-01d9-09e0-cd2b-d6a9a60691f7,33730023,SUSHEYU03373-23_8.0V,33.5462,123.8469,130.687945,131.171031,128.0,128.0,2023-12-25T01:51:36.000Z,2024-01-01T01:49:35.000Z,loitering,1
51c8c4670-05c9-c712-f266-b9d6d2f445b8,91580010,FUDINGYU09158-10-99%,33.4932,124.0454,117.85517200000001,117.655711,116.0,116.0,2023-12-25T01:51:59.000Z,2024-01-02T18:01:23.000Z,loitering,1
5da1166ee-e453-7cfc-5012-cbfc39542431,233101812,MFJY01976-20-79%,32.9962,124.4529,132.68259400000002,132.68259400000002,132.0,132.0,2023-12-25T01:52:15.000Z,2024-01-01T05:08:20.000Z,loitering,1
dd965966c-c6ed-e9f8-25c4-abbc58d45cd1,232000599,08600-25-75%,32.8548,124.5929,141.161266,142.528516,141.0,142.0,2023-12-25T01:52:36.000Z,2024-01-01T02:12:58.000Z,loitering,1
92676f981-132b-4eb0-d0af-0b85510ea641,32190013,,32.9091,124.389,142.192203,146.110922,141.0,145.0,2023-12-25T01:52:37.000Z,2024-01-01T17:46:32.000Z,loitering,1
03d491220-05a9-120a-6ac9-d76238f18342,666666009,666666-9-81%,32.8785,124.5927,139.07681200000002,139.407391,138.0,139.0,2023-12-25T01:52:41.000Z,2024-01-01T03:46:16.000Z,loitering,1
24aa41b27-74a5-dc44-abfd-0bbef31b2a48,233101134,MFJY09255-9-75%,32.9756,124.515,132.134344,131.733734,131.0,131.0,2023-12-25T01:52:53.000Z,2024-01-02T07:19:02.000Z,loitering,1
b77ce3f2a-ab11-8370-2835-c79ee1f0306e,62588543,,33.475,123.8837,131.78871900000001,132.33293799999998,129.0,130.0,2023-12-25T01:52:57.000Z,2024-01-01T11:27:44.000Z,loitering,1
8c5c11f02-2f28-3ef3-8b55-b7a93d1f59c6,67880009,,32.8376,124.4596,148.211547,148.211547,148.0,148.0,2023-12-25T01:53:15.000Z,2024-01-01T04:04:27.000Z,loitering,1
8ffb6c8d4-466a-edfc-ae1c-98b724df9200,221001575,LRYU58085-15-64%,32.9504,124.4241,138.905016,138.905016,138.0,138.0,2023-12-25T01:53:41.000Z,2024-01-01T04:27:10.000Z,loitering,1
eb8f69975-5b19-9737-dfef-eb7dbf7dc425,26323898,SU QI YU 03238-987V8,33.4412,124.0332,122.248422,122.248422,120.0,120.0,2023-12-25T01:53:44.000Z,2024-01-01T01:20:18.000Z,loitering,1
baeba9c3b-b61a-650e-321f-c0247a2cb984,605380014,,32.6567,124.7439,153.616359,153.616359,150.0,150.0,2023-12-25T01:53:51.000Z,2024-01-01T06:25:40.000Z,loitering,1
ca25139db-b114-7991-171f-242e1c18f5b6,10671082,,32.8874,124.4073,145.6775,145.81753099999997,145.0,145.0,2023-12-25T01:54:24.000Z,2024-01-01T11:51:00.000Z,loitering,1
5f769d183-3b78-70dc-3982-790e6ade3f46,10670840,,33.7073,124.004,110.954492,110.08705499999999,108.0,107.0,2023-12-25T01:54:25.000Z,2024-01-01T09:59:58.000Z,loitering,1
491e4f7c3-3fdc-36b3-2dab-c0d4bbe4b955,602695053,,33.5254,123.8295,133.32465599999998,133.816906,131.0,131.0,2023-12-25T01:54:34.000Z,2024-01-01T02:13:07.000Z,loitering,1
b58aa00d2-23b1-83d7-949f-73854d975356,231900813,MFJY08659-6-70%,32.9284,124.5303,134.577141,138.357812,134.0,138.0,2023-12-25T01:54:45.000Z,2024-01-01T03:20:12.000Z,loitering,1
0a3bc0ae9-9c74-6268-8c1f-f817ba6d2867,231900762,MFJY08659-5-70%,32.9262,124.4673,138.76431200000002,140.17325,138.0,139.0,2023-12-25T01:54:45.000Z,2024-01-01T02:57:17.000Z,loitering,1
92c5911ac-c39b-e492-66ca-34db88f2130d,233101339,MFJY09885-28-78%,32.9651,124.5131,133.137875,134.143125,132.0,133.0,2023-12-25T01:54:52.000Z,2024-01-02T06:26:30.000Z,loitering,1
1df6da830-0ee6-d027-531c-a10d3c2f5cdb,231902988,MFJY01979-23-53%,32.9548,124.5221,133.748438,134.758266,133.0,134.0,2023-12-25T01:54:56.000Z,2024-01-02T00:58:53.000Z,loitering,1
f8869b808-8b39-74c7-8cd1-5a65d04c431f,233400948,MFJY08669-4-78%,32.901,124.4838,139.970109,141.372344,139.0,141.0,2023-12-25T01:55:25.000Z,2024-01-01T02:57:54.000Z,loitering,1
4ec7e1586-6bc0-a157-392b-2ba912c52917,601050083,LU LAI YU 60105-83,32.9771,124.3248,140.200328,140.69292199999998,139.0,140.0,2023-12-25T01:56:01.000Z,2024-01-01T04:30:24.000Z,loitering,1
8164a1f74-43fb-dab0-967a-25d5e2cf2a1e,231902990,MFJY01979-27-61%,32.9546,124.5215,133.748438,134.758266,133.0,134.0,2023-12-25T01:56:15.000Z,2024-01-02T00:38:20.000Z,loitering,1
48363cdad-df63-ff18-f43e-c9bf361fdb21,5002,00050---02,33.4079,124.0167,124.903656,125.545383,123.0,124.0,2023-12-25T01:56:42.000Z,2024-01-01T01:08:03.000Z,loitering,1
0fbd802f9-9a6b-f21f-659d-eea36361be03,3185103,,32.9697,124.3518,140.181984,140.181984,139.0,139.0,2023-12-25T01:58:06.000Z,2024-01-01T04:56:20.000Z,loitering,1
7fe9fbedf-fb53-f47b-4a3b-6e702d7e8500,68820069,,32.8379,124.515,145.964312,146.326531,145.0,146.0,2023-12-25T01:58:08.000Z,2024-01-01T04:07:06.000Z,loitering,1
5e65400d9-99f2-2c90-e842-bfae5e837f5e,26446855,MINFUDINGYU08127-22,32.8925,124.3616,147.438484,147.438484,147.0,147.0,2023-12-25T01:58:13.000Z,2024-01-01T03:42:02.000Z,loitering,1
94fad40f7-758d-2109-6b87-fc6464dca652,31865564,SU QI YU 03186-W64,32.9918,124.2824,140.85267199999998,141.778266,140.0,141.0,2023-12-25T01:58:18.000Z,2024-01-01T02:01:14.000Z,loitering,1
5f1558d2b-bfaa-5342-714b-dcb71bed9e03,538009846,XANADU,29.6908,122.9998,33.007078,36.85266,53.0,55.0,2023-12-25T01:58:23.000Z,2024-01-06T19:57:39.000Z,loitering,1
7de6deb69-9390-7e7f-bdcc-9d55f32c2b47,233401343,MFJY08669-16-80%,32.9042,124.5088,139.193688,140.208438,139.0,140.0,2023-12-25T01:58:51.000Z,2024-01-01T04:25:44.000Z,loitering,1
cda40213b-bfb4-0a97-df7c-0a9c80e425ae,68838101,,32.7171,124.7422,151.039906,151.039906,147.0,147.0,2023-12-25T02:00:13.000Z,2024-01-01T03:14:39.000Z,loitering,1
1130e5cde-e360-3e23-3bc3-f38466d941d6,134010045,NET45-ZSY13401-88%,32.9002,124.4357,143.990578,141.998578,143.0,141.0,2023-12-25T02:00:14.000Z,2024-01-05T19:52:56.000Z,loitering,1
25b210842-2f57-69e0-c175-d8f1d7ce3c02,233402434,MFJY09985-23-84%,32.9859,124.4646,133.229141,133.229141,133.0,133.0,2023-12-25T02:00:38.000Z,2024-01-01T05:12:08.000Z,loitering,1
2afa391d3-3d59-5b1c-f76a-ad3a399c5435,233101113,MFJY09255-28-50%,32.9697,124.5396,130.948531,132.974953,130.0,132.0,2023-12-25T02:00:40.000Z,2024-01-02T00:50:15.000Z,loitering,1
ce5c9ad57-7840-4a7c-ae36-99523447c560,412955006,01955-6--71%,32.8754,124.5403,141.140156,141.140156,140.0,140.0,2023-12-25T02:00:47.000Z,2024-01-01T04:06:33.000Z,loitering,1
3dd90a155-5d87-83f9-22ba-2b1ad12e4416,26225633,,33.4809,123.9328,127.202227,127.75582,125.0,125.0,2023-12-25T02:00:52.000Z,2024-01-01T01:19:41.000Z,loitering,1
f3f529fc5-5d4c-1e53-7c7c-3ee9629fe43f,233101065,MFJY09255-25-73%,32.9707,124.5171,132.74025,132.74025,132.0,132.0,2023-12-25T02:00:53.000Z,2024-01-02T07:21:26.000Z,loitering,1
90cf6c328-808c-e23f-3558-672b0b14a039,231903362,MFJY09979-22-78%,32.895,124.5179,139.754984,140.97934400000003,139.0,140.0,2023-12-25T02:01:06.000Z,2024-01-14T05:08:57.000Z,loitering,1
e1b6dde65-54ea-ac1e-a862-2920c9a2e4a3,10671080,,32.898,124.4008,144.692078,144.692078,144.0,144.0,2023-12-25T02:01:10.000Z,2024-01-01T04:12:19.000Z,loitering,1
c75e38614-48ee-912b-3147-999bdb2f7c3b,123033474,ZHEDAIYU06788-2278%,32.8746,124.4536,144.179812,145.584969,143.0,145.0,2023-12-25T02:02:11.000Z,2024-01-01T03:11:35.000Z,loitering,1
6669efd9f-feef-2fc5-f4d4-ceca651ce7ac,60105115,,32.9852,124.3287,139.255688,140.200328,139.0,139.0,2023-12-25T02:02:12.000Z,2024-01-01T03:48:53.000Z,loitering,1
d0f576d7d-dee5-7019-d37b-474f6de991cb,34560001,,32.9665,124.3748,139.73309400000002,139.234562,139.0,139.0,2023-12-25T02:02:39.000Z,2024-01-01T05:29:44.000Z,loitering,1
85cf8653b-bcfc-2b0c-5807-80ad557a771d,60105105,,32.9763,124.3245,140.200328,141.63678099999998,139.0,141.0,2023-12-25T02:02:42.000Z,2024-01-01T01:47:11.000Z,loitering,1
0d4e54ce5-596c-ba68-cdaa-8c1f7831ec11,26225680,ZHE DAI YU 02256-80,33.481,123.9339,127.75582,127.75582,125.0,125.0,2023-12-25T02:02:52.000Z,2024-01-01T01:21:55.000Z,loitering,1
f6ce3c64c-c9e3-01b0-8a46-4797b7fe1673,606850031,,33.5197,123.8978,128.040711,128.562133,125.0,126.0,2023-12-25T02:02:53.000Z,2024-01-01T01:45:16.000Z,loitering,1
ef497600b-b886-4355-5b64-cba06a8fc691,601050088,LU LAI YU 60105-88,32.9842,124.3307,140.200328,140.200328,139.0,139.0,2023-12-25T02:02:53.000Z,2024-01-01T03:05:50.000Z,loitering,1
40bc961b3-35ef-1fe5-c2d9-dc63fa3776ed,605380010,,32.7228,124.7374,150.634938,152.320141,146.0,148.0,2023-12-25T02:03:26.000Z,2024-01-01T02:10:03.000Z,loitering,1
8a13ba924-47b0-abdd-1e7f-baf7010c07bd,231004523,ZHEDAIYU01296-10-84%,32.8233,124.4438,149.612078,151.013594,149.0,150.0,2023-12-25T02:03:29.000Z,2024-01-01T03:18:06.000Z,loitering,1
88242e5c6-657b-fc3b-bac1-713c27413694,231900841,MFJY08659-19-67%,32.9264,124.4782,138.357812,138.76431200000002,138.0,138.0,2023-12-25T02:04:04.000Z,2024-01-01T03:46:38.000Z,loitering,1
32c0b60a1-1d90-38de-a9a0-1bb9d20b903d,345600003,,33.0141,124.3808,134.928766,133.974922,134.0,133.0,2023-12-25T02:04:19.000Z,2024-01-17T18:23:26.000Z,loitering,1
0364243bf-f3cf-146b-1cd9-c37b3dce97c1,412323167,LU QING YU 60079,32.9778,124.4961,132.134344,133.367609,131.0,133.0,2023-12-25T02:04:37.000Z,2024-01-01T17:50:42.000Z,loitering,1
7079cb8e7-7d8e-a6a3-54b9-aef3d7aaebbf,96225655,ZHEDAIYU02256-5526%,33.4913,123.9172,128.009016,128.009016,126.0,126.0,2023-12-25T02:05:12.000Z,2024-01-01T01:14:48.000Z,loitering,1
96687fda3-32d9-c132-a311-8faa1ab3ebda,669231218,08669-18-85%,32.9039,124.4627,140.766672,142.17325,140.0,141.0,2023-12-25T02:05:22.000Z,2024-01-01T03:56:44.000Z,loitering,1
c764e92ea-a21a-a75a-0459-838bf15d208d,100102662,ZHEDAIYU11578-4-52%,32.9258,124.4254,140.43975,140.43975,140.0,140.0,2023-12-25T02:05:49.000Z,2024-01-01T13:12:24.000Z,loitering,1
cafae6e98-841a-2cfd-6d9a-630ac5a0432b,61750030,,32.9252,124.3891,142.192203,143.168969,141.0,142.0,2023-12-25T02:06:37.000Z,2024-01-01T13:00:46.000Z,loitering,1
fbd585726-6768-2a3d-3355-6d36bddd8e5c,100002017,MFJY09666-35-78%,32.9893,124.4994,131.132547,131.95565599999998,130.0,131.0,2023-12-25T02:07:16.000Z,2024-01-01T03:49:28.000Z,loitering,1
6bf1cd607-7c42-272d-6781-e30ddeb22403,231903447,MFJY09979-28-75%,32.8884,124.5034,141.604859,141.604859,141.0,141.0,2023-12-25T02:07:18.000Z,2024-01-01T04:42:23.000Z,loitering,1
dd89fc5dd-d19a-aad1-f25a-5418c368fe68,70341023,SUQIYU03410-23,33.4258,124.0152,124.408836,124.26857000000001,122.0,122.0,2023-12-25T02:07:35.000Z,2024-01-01T00:59:47.000Z,loitering,1
573470464-41bb-9c7b-31d7-e7f8982e9f3e,233101573,MFJY09885-14-74%,32.9604,124.5163,133.748438,133.748438,133.0,133.0,2023-12-25T02:07:36.000Z,2024-01-02T06:22:40.000Z,loitering,1
29c42e867-7dc3-cb07-9dfb-6de49d7adba3,610620005,,32.9509,124.4127,139.34682800000002,139.34682800000002,139.0,139.0,2023-12-25T02:07:41.000Z,2024-01-01T03:51:13.000Z,loitering,1
14b7b2c1e-ebff-ccb7-34da-3caaf778b3d6,233101526,MFJY09666-86-69%,32.9945,124.4445,132.68259400000002,134.103453,132.0,133.0,2023-12-25T02:07:42.000Z,2024-01-01T05:10:58.000Z,loitering,1
f238c6a97-7518-4d8b-c23d-196997ef1708,233100695,MFJY09885-13-69%,32.9612,124.5107,132.974953,135.358375,132.0,135.0,2023-12-25T02:07:51.000Z,2024-01-08T03:01:24.000Z,loitering,1
da4ccdaf8-8a1f-73bb-82c7-60221002de12,100365003,SUQIYU03650-3-99%,33.4173,124.0171,124.26857000000001,124.26857000000001,122.0,122.0,2023-12-25T02:08:15.000Z,2024-01-01T01:14:23.000Z,loitering,1
581021224-40ee-3c43-8408-dd1af0f835aa,878827898,08658-59-62%,32.9112,124.4975,139.579359,139.970109,139.0,139.0,2023-12-25T02:08:28.000Z,2024-01-01T04:10:25.000Z,loitering,1
dce3824b7-76d1-ea70-ccad-cb7b3290b7e3,3185108,,32.963,124.3431,139.712156,142.570141,139.0,142.0,2023-12-25T02:09:11.000Z,2024-01-08T18:48:00.000Z,loitering,1
a0c88366e-e772-64d2-741a-c471dfd5037d,233100374,MFJY09885-22-71%,32.9598,124.4932,133.948844,135.54703099999998,133.0,135.0,2023-12-25T02:09:22.000Z,2024-01-02T00:36:43.000Z,loitering,1
d7517ad1d-deca-1939-fb05-21bb9913a98d,19086829,01908-6878%,32.9189,124.4693,139.764656,139.764656,139.0,139.0,2023-12-25T02:09:26.000Z,2024-01-01T04:40:43.000Z,loitering,1
102b6b906-6c9b-6f0b-019c-438a7b9cf997,10671021,,32.8751,124.4212,145.81753099999997,146.812172,145.0,146.0,2023-12-25T02:10:08.000Z,2024-01-01T03:56:19.000Z,loitering,1
055590c15-553e-b439-e39d-d12d23fa088f,231903275,MFJY01979-25-84%,32.9174,124.469,134.143125,146.398359,133.0,146.0,2023-12-25T02:10:09.000Z,2024-01-02T06:01:05.000Z,loitering,1
9f3a3a08a-ae68-3fa6-fcbf-d139d01c12b2,233100560,MFJY09885-20-52%,32.9599,124.5048,134.543047,134.143125,134.0,133.0,2023-12-25T02:10:18.000Z,2024-01-02T00:48:08.000Z,loitering,1
1e2168ddb-bf58-3a81-ae0c-2dce5dd6478e,601050085,LU LAI YU 60105-85,32.9686,124.3274,141.147438,141.63678099999998,140.0,141.0,2023-12-25T02:11:24.000Z,2024-01-01T03:37:25.000Z,loitering,1
ad87a9f3e-e364-9b1b-a163-429f67a2f09e,287888117,28788--117-99%,33.0012,124.298,141.189875,137.565859,140.0,137.0,2023-12-25T02:11:50.000Z,2024-01-07T01:56:47.000Z,loitering,1
9c3598c62-203d-134c-b805-72b520fcf297,233101447,MFJY08615-22-66%,32.9657,124.51,133.137875,133.137875,132.0,132.0,2023-12-25T02:12:50.000Z,2024-01-01T04:58:00.000Z,loitering,1
01a5e13b1-1d7a-b5f5-082e-c9787dfe5c00,138560042,NAN.YOU.WANG.QU-09,35.1722,119.8772,4.308884,4.308884,38.0,38.0,2023-12-25T02:13:19.000Z,2024-01-05T11:57:37.000Z,loitering,1
5ca2f58f7-7689-b30b-4469-249887361868,134010043,NET43-ZSY13401-94%,32.8921,124.4503,143.17571900000002,143.990578,142.0,143.0,2023-12-25T02:13:35.000Z,2024-01-07T03:17:30.000Z,loitering,1
6f622c783-34af-d90c-498c-b1e14d9a7441,32190081,ZHEDAIYU03219-81-90%,32.9999,124.4326,133.57325,133.57325,133.0,133.0,2023-12-25T02:13:42.000Z,2024-01-01T05:21:06.000Z,loitering,1
10df2ab02-2260-d7d0-37d6-e17a6e075197,233101807,MFJY08615-71%,32.9678,124.5092,133.54075,132.74025,133.0,132.0,2023-12-25T02:14:25.000Z,2024-01-01T03:39:49.000Z,loitering,1
11a2eac25-530b-e751-55f7-6a50f6706453,610620027,,32.9539,124.4207,138.905016,138.905016,138.0,138.0,2023-12-25T02:14:48.000Z,2024-01-01T04:34:26.000Z,loitering,1
3e960040a-a758-52e3-4450-037e69b081a2,66010029,,32.9788,124.3856,137.339141,137.80454699999999,137.0,137.0,2023-12-25T02:14:59.000Z,2024-01-01T03:52:14.000Z,loitering,1
22c0093ec-ca0a-af2c-561a-3eb8ab9f3c04,100365002,SUQIYU03650-2-94%,33.4261,124.0162,123.640211,123.640211,122.0,122.0,2023-12-25T02:15:06.000Z,2024-01-01T01:19:24.000Z,loitering,1
2b7e88cc2-2f1a-c028-e998-d3da25035570,123336661,ZHEDAIYU03366-6171%,32.9426,124.4512,138.180078,138.599453,137.0,138.0,2023-12-25T02:15:21.000Z,2024-01-01T04:24:07.000Z,loitering,1
fb1f8abf0-05ef-f48c-b810-a92b359521a3,62579846,,32.8496,124.5177,144.93871900000002,144.93871900000002,144.0,144.0,2023-12-25T02:15:56.000Z,2024-01-01T03:37:32.000Z,loitering,1
7e69591b2-2cac-b394-b8b3-1b8f322c1358,32780018,,32.8672,124.2615,154.042609,154.042609,153.0,153.0,2023-12-25T02:16:27.000Z,2024-01-01T03:01:10.000Z,loitering,1
b982ad187-77cb-83a3-e362-c046a774e10b,221005588,08658---65-73%,32.911,124.49,139.970109,139.970109,139.0,139.0,2023-12-25T02:16:40.000Z,2024-01-01T04:33:59.000Z,loitering,1
7683be3e6-6702-604a-58e3-966e84f7aa32,23797322,SUQIYU02379-22_8.1V,33.4577,123.9803,124.928102,125.52082,123.0,123.0,2023-12-25T02:17:01.000Z,2024-01-01T01:19:04.000Z,loitering,1
6cd2c06bc-c7e9-ad32-4790-8ca5f863b900,328788102,28788--102-91%,32.985,124.3107,139.316234,142.1305,139.0,141.0,2023-12-25T02:17:08.000Z,2024-01-05T21:02:21.000Z,loitering,1
b7981d41b-b6bd-7292-b0f9-effb1dc1f05a,61750022,,32.8863,124.3869,146.110922,146.548906,145.0,146.0,2023-12-25T02:17:29.000Z,2024-01-01T04:11:28.000Z,loitering,1
8fb4e539e-e2ef-d856-038a-ab424b999134,44308105,,32.8289,124.1745,148.892156,175.17720300000002,148.0,174.0,2023-12-25T02:17:33.000Z,2024-01-01T14:48:52.000Z,loitering,1
081c2aeff-f93f-e218-fe4d-10b6bcda341c,610620029,,32.9596,124.4134,138.369984,138.369984,138.0,138.0,2023-12-25T02:17:36.000Z,2024-01-01T03:51:31.000Z,loitering,1
63c4cc1a4-48fe-d6d7-9449-1d531fcfdc10,4558072,,32.9489,124.3555,141.626328,142.096,141.0,141.0,2023-12-25T02:17:38.000Z,2024-01-01T03:48:54.000Z,loitering,1
e7933a313-33bb-fbb7-0a27-a8919e1fbf56,412955011,01955-11--90%,32.8778,124.5571,140.431234,140.78307800000002,140.0,140.0,2023-12-25T02:18:00.000Z,2024-01-03T22:35:59.000Z,loitering,1
3c040316a-ae1e-4d1f-14d4-7a2832e8e5b6,113185106,SUQIYU03185-106_8.1V,32.9705,124.3503,140.181984,140.181984,139.0,139.0,2023-12-25T02:18:20.000Z,2024-01-01T03:57:23.000Z,loitering,1
2fad3e326-6cdf-f9a5-5646-edbaded2c12d,233101393,MFJY09885-10-52%,32.719,124.7235,133.54075,147.473547,133.0,146.0,2023-12-25T02:18:22.000Z,2024-01-02T22:53:52.000Z,loitering,1
aa33c5ee0-0636-88bd-948d-707e20b6d327,921661896,YUE LAI YU16618-96,33.1003,124.3681,128.510742,125.4285,128.0,125.0,2023-12-25T02:19:30.000Z,2024-01-11T02:33:10.000Z,loitering,1
529d10a34-49e0-08a1-9053-9dc41cd465cc,231900791,666866-1-71%,33.0192,124.4174,132.08942199999998,132.08942199999998,131.0,131.0,2023-12-25T02:20:27.000Z,2024-01-01T04:55:29.000Z,loitering,1
a35e2cdf3-3a24-f47b-5867-eef77daaf723,31860020,SHUQIYU03186-20-85%,33.0096,124.285,139.410047,139.929812,139.0,139.0,2023-12-25T02:20:35.000Z,2024-01-01T02:05:42.000Z,loitering,1
14746e824-4fa1-d720-70aa-57ab4487f439,233101713,MLY65887-10-73%,33.0357,124.409,130.632969,130.632969,130.0,130.0,2023-12-25T02:20:35.000Z,2024-01-01T05:00:31.000Z,loitering,1
57ccb3f8d-d127-f96e-a356-fd5844a72927,345600005,,32.9897,124.3874,135.885031,136.878453,135.0,136.0,2023-12-25T02:21:51.000Z,2024-01-15T08:44:43.000Z,loitering,1
cd4eeb81b-b1b1-1a29-52de-a63a0abce5ee,233100705,MLY65887-13-84%,33.035,124.4676,127.882242,128.861523,127.0,128.0,2023-12-25T02:22:41.000Z,2024-01-01T13:45:51.000Z,loitering,1
d538f454c-c9f4-a01b-20de-9053f2b1706a,233101628,MLY65887-17-73%,33.0399,124.4404,129.235016,129.235016,129.0,129.0,2023-12-25T02:22:57.000Z,2024-01-01T05:10:53.000Z,loitering,1
488d356fd-d286-15ae-87ac-4a76ccaa2aa8,33330010,,33.6621,124.0382,110.445047,109.596406,107.0,107.0,2023-12-25T02:23:08.000Z,2024-01-10T09:33:22.000Z,loitering,1
693a916cb-bcc0-5177-fc88-8daaaabba231,786904332,MINDINGYU09888-2-56%,33.0303,124.4527,129.751617,129.751617,129.0,129.0,2023-12-25T02:23:19.000Z,2024-01-01T05:20:00.000Z,loitering,1
9ee642e1a-aeb6-bc22-1124-82650e81252f,100018334,LURYU58085-6-76%,32.9554,124.4157,135.45193799999998,140.87075,135.0,140.0,2023-12-25T02:23:23.000Z,2024-01-07T03:28:36.000Z,loitering,1
610118910-0ea8-a4ef-aed4-76980d7778e7,50337320,SUSHEYU03373-20_7.9V,33.578,123.85,129.28517200000002,129.28517200000002,126.0,126.0,2023-12-25T02:23:49.000Z,2024-01-01T01:51:07.000Z,loitering,1
41aa40361-1696-3805-b2b5-48b5f8bf4ce7,186001689,NET01689--186--57%,32.9595,124.3309,142.096906,142.096906,141.0,141.0,2023-12-25T02:23:52.000Z,2024-01-01T03:48:29.000Z,loitering,1
8c4dab89d-ddff-5a4c-9596-eac5f0fbfff0,62580337,,33.7038,123.9336,118.585938,115.997398,115.0,113.0,2023-12-25T02:24:00.000Z,2024-01-09T03:09:35.000Z,loitering,1
9cca21ddd-d47b-03c4-7170-2bf3ad02c06c,233101808,MFJY08615-10-72%,32.9667,124.5016,133.54075,133.54075,133.0,133.0,2023-12-25T02:24:13.000Z,2024-01-01T04:34:21.000Z,loitering,1
63cbe937e-ea2c-9723-6747-00151dd6937b,233101142,MFJY09255-5-76%,32.9707,124.4817,134.362078,134.362078,134.0,134.0,2023-12-25T02:24:23.000Z,2024-01-01T05:07:03.000Z,loitering,1
0cedbf169-9c92-f702-dd4d-56a97048187c,44300030,,32.8262,124.1829,152.641859,171.360125,152.0,171.0,2023-12-25T02:24:23.000Z,2024-01-01T04:35:19.000Z,loitering,1
de372df62-29d3-0ecf-34c8-640fd541f9d5,233101192,MLY65887-31-71%,33.0327,124.4548,128.779008,130.282148,128.0,130.0,2023-12-25T02:24:57.000Z,2024-01-01T13:52:00.000Z,loitering,1
2d494cb3f-f1d8-11cf-0052-1c895048eb94,555555014,555555-14-79%,32.9364,124.4618,138.180078,139.175797,137.0,138.0,2023-12-25T02:25:29.000Z,2024-01-01T04:22:45.000Z,loitering,1
3ef814248-89a7-568c-c8bd-431548a4881d,231902940,MFJY01979-21-81%,32.9544,124.5083,134.143125,135.150047,133.0,134.0,2023-12-25T02:26:37.000Z,2024-01-02T00:54:10.000Z,loitering,1
4cdc8d5b7-7c92-04db-bbe8-3ec1c889930b,44306551,,32.8421,124.168,149.402391,172.382734,149.0,172.0,2023-12-25T02:26:56.000Z,2024-01-01T04:36:35.000Z,loitering,1
796785702-2b66-ceb0-17ac-405f444cf86e,233101533,MFJY09666-83-63%,32.9951,124.4566,132.24475,133.229141,132.0,133.0,2023-12-25T02:27:33.000Z,2024-01-01T05:05:15.000Z,loitering,1
59feea424-41c1-0b26-e7a4-a429f5fa22b1,610051032,,33.0143,124.3261,139.751547,135.50246900000002,139.0,135.0,2023-12-25T02:28:19.000Z,2024-01-08T02:23:53.000Z,loitering,1
304c45c21-1f07-e906-2e60-d8f1f1acd49b,287883112,28788--112-92%,33.0169,124.2983,138.894531,137.043516,138.0,136.0,2023-12-25T02:28:20.000Z,2024-01-06T18:24:41.000Z,loitering,1
144e88e29-99c6-6308-fbea-d948eb157867,60105112,,32.9755,124.3312,139.255688,142.096906,139.0,141.0,2023-12-25T02:29:17.000Z,2024-01-05T20:50:44.000Z,loitering,1
3a108c934-4949-72e4-5958-3c9d38b50b2c,100000017,1).`95!.95105-199%,-4.8126,43.877,446.607188,500.246688,411.0,431.0,2023-12-25T02:29:25.000Z,2024-01-05T01:58:57.000Z,loitering,1
2e42c2d8c-cb87-dc28-e580-cdc4dea3861b,44677240,ZHEDAIYU11607--027V6,32.9427,124.4128,140.32568799999999,140.32568799999999,140.0,140.0,2023-12-25T02:29:44.000Z,2024-01-01T04:10:05.000Z,loitering,1
449d041be-ea01-0860-7cf0-8c6ec83dc16d,48630007,,32.9217,124.2954,148.99153099999998,146.464719,148.0,146.0,2023-12-25T02:30:11.000Z,2024-01-05T19:42:59.000Z,loitering,1
8dbe0503b-bf91-cdd6-ede9-fba939365ebd,31860062,SUQIYU03186-62-58%,32.9828,124.2852,142.7065,142.196719,142.0,141.0,2023-12-25T02:30:14.000Z,2024-01-04T00:10:05.000Z,loitering,1
f5508d977-700a-c495-93d6-4af284dd15f0,232000522,08658-74-76%,32.9195,124.4767,141.172406,137.56,140.0,137.0,2023-12-25T02:30:22.000Z,2024-01-16T06:15:38.000Z,loitering,1
5d0f9feee-e0d7-d334-7035-570fac09c600,66857820,,33.7735,123.9277,115.0315,115.920125,111.0,112.0,2023-12-25T02:30:27.000Z,2024-01-01T10:24:54.000Z,loitering,1
f5391c549-9ab6-2682-27b3-6e8751906928,96064085,LIAOYU11588-14-61%,33.0478,124.4333,128.26806200000001,128.732516,128.0,128.0,2023-12-25T02:31:05.000Z,2024-01-01T05:29:52.000Z,loitering,1
0240f1f95-576d-44b1-ec2b-3bc0892025e6,231900142,MFJY08655-31-69%,33.0159,124.4089,132.553594,132.553594,132.0,132.0,2023-12-25T02:31:19.000Z,2024-01-01T05:33:37.000Z,loitering,1
53af92136-6c91-ccae-8c12-55e6b3dafa92,610620018,,32.9338,124.4271,139.45290599999998,140.43975,139.0,140.0,2023-12-25T02:31:43.000Z,2024-01-01T12:58:53.000Z,loitering,1
9f1e31228-8dc6-2771-8fc2-2f3558acc386,233101831,MFJY08615-8-78%,32.9701,124.4611,135.203844,135.203844,135.0,135.0,2023-12-25T02:33:03.000Z,2024-01-01T04:59:30.000Z,loitering,1
21a4c2580-0227-2885-e577-2950a2827aa4,610620032,,32.9624,124.4102,138.369984,138.369984,138.0,138.0,2023-12-25T02:33:32.000Z,2024-01-01T03:49:47.000Z,loitering,1
7e21ac5a3-3dd1-9e92-2d63-dad1da49096b,100002117,ZHELINYU88999-26,32.9591,124.3554,140.665047,140.665047,140.0,140.0,2023-12-25T02:33:45.000Z,2024-01-01T03:47:41.000Z,loitering,1
695448c61-1f21-a405-78f3-a57e787c03f4,287889118,28788--118-52%,33.0057,124.2909,138.486578,140.756344,138.0,140.0,2023-12-25T02:34:06.000Z,2024-01-01T04:04:05.000Z,loitering,1
e2238835e-ec6c-7467-23dd-1a60aea048d8,96696751,MINLIANYU69967-5163%,33.0136,124.3602,135.438438,135.40864100000002,135.0,135.0,2023-12-25T02:34:27.000Z,2024-01-07T20:51:40.000Z,loitering,1
bcbbc22dd-d640-782f-6166-2a0d8933480e,977879889,08658-72-77%,32.9071,124.4937,139.970109,139.970109,139.0,139.0,2023-12-25T02:34:43.000Z,2024-01-01T04:07:03.000Z,loitering,1
ae56f7ce1-15c3-8a2d-b5eb-e2896b76e6ed,233101137,MFJY08615-12-77%,32.9655,124.4761,134.362078,134.362078,134.0,134.0,2023-12-25T02:34:46.000Z,2024-01-01T04:39:58.000Z,loitering,1
ca7732551-11fb-3700-3cb2-4cd16166314a,96064229,LIAOYU11588-24-60%,33.0468,124.403,129.676281,130.155484,129.0,129.0,2023-12-25T02:35:00.000Z,2024-01-01T04:59:32.000Z,loitering,1
ebc97a94a-a6c2-982c-9850-64ee7c4ac2c0,216867505,68675-05-88%,30.7384,126.1143,263.963156,285.959375,249.0,257.0,2023-12-25T02:35:21.000Z,2024-01-01T08:19:41.000Z,loitering,1
e4858a7d7-7db3-cb51-e17e-c20b4cda3426,233101707,MLY65887-27-70%,33.0399,124.4062,130.632969,131.108734,130.0,130.0,2023-12-25T02:35:44.000Z,2024-01-01T04:54:21.000Z,loitering,1
d2e635bd6-6369-6854-57d9-ddbc35398039,233100519,MFJY09885-15-69%,32.9605,124.5435,132.59625,132.974953,132.0,132.0,2023-12-25T02:36:26.000Z,2024-01-01T04:26:23.000Z,loitering,1
ee7acd36a-ab43-2257-195f-636944c2df79,233101741,MFJY01976-16-68%,33.0004,124.4502,132.68259400000002,132.68259400000002,132.0,132.0,2023-12-25T02:36:27.000Z,2024-01-01T04:57:31.000Z,loitering,1
0e23e55aa-a2a7-db37-df64-28fafdb9d794,233101511,MFJY01976-10-70%,32.9965,124.4776,131.384344,131.384344,131.0,131.0,2023-12-25T02:36:37.000Z,2024-01-01T05:04:20.000Z,loitering,1
ae4a6f2bb-b94a-93a0-6469-753201e43f44,610620009,,32.9788,124.4058,136.422484,136.878453,136.0,136.0,2023-12-25T02:37:24.000Z,2024-01-01T03:36:20.000Z,loitering,1
9fbc7fa09-915d-2f49-52ca-ff86fc02e9d1,32780051,,32.8762,124.2494,153.585109,153.585109,153.0,153.0,2023-12-25T02:37:38.000Z,2024-01-01T02:48:02.000Z,loitering,1
446057ad0-0e75-ddc2-3de2-9cd23e466de7,44160013,,33.0344,124.1746,142.701391,144.151375,142.0,143.0,2023-12-25T02:38:25.000Z,2024-01-01T02:20:14.000Z,loitering,1
20b9968fc-cdf2-e8e8-02df-feac957a6d76,719234619,NET13401-19,32.9797,124.3776,138.767719,136.843641,138.0,136.0,2023-12-25T02:38:38.000Z,2024-01-01T04:05:44.000Z,loitering,1
d2da2c2b5-583c-2419-4bb8-3dcc10c6e053,233100507,MFJY09885-21-66%,32.9635,124.5101,131.96095300000002,135.358375,131.0,135.0,2023-12-25T02:38:44.000Z,2024-01-08T02:55:37.000Z,loitering,1
977832b9b-bfc5-b1a0-624f-a356e25cf6b3,96064783,ZHEYU07322-2-46%,33.0812,124.3707,128.809406,128.809406,128.0,128.0,2023-12-25T02:40:35.000Z,2024-01-01T05:27:53.000Z,loitering,1
9959d9c1f-fd1c-5574-13a6-66642460fb63,23980015,LURONGYU57776-62 7V7,33.6472,123.9546,117.69644500000001,116.841984,115.0,114.0,2023-12-25T02:40:47.000Z,2024-01-01T10:24:20.000Z,loitering,1
255dca1b0-0861-4e9d-a103-85f648960fd4,100606615,MINFUYU06066-15-89%,33.0636,124.4226,127.289125,128.244281,127.0,128.0,2023-12-25T02:40:51.000Z,2024-01-01T14:06:08.000Z,loitering,1
3aea47b4b-bae9-f961-72e6-c34275502f19,90867704,MIN08677-4-62%,33.0739,124.4252,126.81273399999999,127.289125,126.0,127.0,2023-12-25T02:40:52.000Z,2024-01-01T04:40:26.000Z,loitering,1
702482620-0ac7-513e-b5b8-b32e86e34ec9,96064072,LIAOYU11588-15-76%,33.0425,124.3816,132.074625,132.074625,131.0,131.0,2023-12-25T02:41:04.000Z,2024-01-01T04:28:22.000Z,loitering,1
884e9c8ed-dc6d-5d04-2c59-846772c1db92,31865563,SU QI YU 03186-W63,33.0114,124.2692,141.373281,139.537062,141.0,139.0,2023-12-25T02:41:14.000Z,2024-01-06T18:57:26.000Z,loitering,1
0f4b6c638-8e60-4e9c-9f25-6d2b446e2663,233101712,MFJY08615-2-77%,32.966,124.4641,135.203844,135.203844,135.0,135.0,2023-12-25T02:41:35.000Z,2024-01-01T05:25:03.000Z,loitering,1
6ff7e54c8-8aa3-7f75-d668-408d2b594aef,401800216,ZHEDAIYU03219-4-54%,33.003,124.4132,134.483562,134.483562,134.0,134.0,2023-12-25T02:41:36.000Z,2024-01-01T04:18:30.000Z,loitering,1
7a684d804-4ae5-8c70-db1c-87391cf8582d,208677033,08677-33--78%,33.0698,124.417,127.289125,127.289125,127.0,127.0,2023-12-25T02:41:45.000Z,2024-01-01T04:38:52.000Z,loitering,1
cd45e1b39-9b08-cefc-4a98-523f5addf49d,233101795,MFJY08615-28-72%,32.9701,124.5071,133.137875,133.137875,132.0,132.0,2023-12-25T02:41:58.000Z,2024-01-01T05:00:17.000Z,loitering,1
a7fa21938-84ff-e3f9-8b57-79632f553f88,333000005,C333-05-83%,32.8383,124.1675,152.201891,170.53057800000002,151.0,170.0,2023-12-25T02:42:14.000Z,2024-01-01T04:22:08.000Z,loitering,1
5e1ae3df2-2fd0-6c42-446c-b717b4f3f7bb,223402086,M08601-10-75%,32.9385,124.4593,138.180078,138.180078,137.0,137.0,2023-12-25T02:42:17.000Z,2024-01-01T03:19:38.000Z,loitering,1
7b157f08d-d813-32c9-4311-17ebddd2f024,113185109,SUQIYU03185-109_8.1V,32.9854,124.3411,138.76425,139.712156,138.0,139.0,2023-12-25T02:42:20.000Z,2024-01-01T04:03:52.000Z,loitering,1
790deaecb-b933-8726-6b30-c1640583769e,96996718,MINLIANYU69967-1894%,32.9881,124.3606,135.40864100000002,139.706016,135.0,139.0,2023-12-25T02:42:36.000Z,2024-01-08T18:31:01.000Z,loitering,1
ce6003398-8d1a-51af-ce7b-fdbe935d3ab0,282181517,LIN21815-17-71%,33.0815,124.4049,126.821438,127.311227,126.0,127.0,2023-12-25T02:42:48.000Z,2024-01-01T04:06:58.000Z,loitering,1
8f7f6ae7d-d0ab-ca49-fb0c-6e443a027ca5,96064179,LIAOYU11588-18-50%,33.0467,124.3781,131.128312,132.074625,130.0,131.0,2023-12-25T02:42:53.000Z,2024-01-01T04:20:20.000Z,loitering,1
08e28612e-e267-4cf5-7241-325e7014a1df,231903375,MFJY08655-6-79%,33.0159,124.4781,129.408875,129.408875,129.0,129.0,2023-12-25T02:43:06.000Z,2024-01-01T05:20:37.000Z,loitering,1
1aeca3688-8005-7788-7894-912ffbb34ac4,96064249,MINYU09855-17-53%,33.0871,124.3698,126.866719,128.907062,126.0,128.0,2023-12-25T02:43:22.000Z,2024-01-01T01:05:24.000Z,loitering,1
459c46c7b-b97d-62a2-8693-d1f054fadc22,233100957,MFJY09885-8-78%,32.9598,124.4937,134.948141,134.948141,134.0,134.0,2023-12-25T02:43:23.000Z,2024-01-02T00:27:27.000Z,loitering,1
f618526ec-c859-623b-e93f-8511c8c95d4d,610620008,,32.9325,124.4148,140.32568799999999,140.87075,140.0,140.0,2023-12-25T02:43:39.000Z,2024-01-05T20:05:03.000Z,loitering,1
decfe5274-4a3c-4546-c12d-2c1cb3f5879f,31860030,,33.0386,124.2333,139.89025,140.78734400000002,139.0,140.0,2023-12-25T02:43:47.000Z,2024-01-05T21:13:22.000Z,loitering,1
b32e9636e-e618-d056-b370-36b74e6e7fe3,23797302,SUQIYU02379-02_8.1V,33.467,123.9807,124.3425,124.928102,122.0,123.0,2023-12-25T02:44:04.000Z,2024-01-01T01:18:18.000Z,loitering,1
8989a5f57-7125-a714-8a59-b560347a43e3,978978387,,33.019,124.4263,131.124562,132.600594,130.0,132.0,2023-12-25T02:44:39.000Z,2024-01-02T00:54:01.000Z,loitering,1
857853be8-8095-b73a-5c57-d91f7326caec,600430037,,32.9433,124.1629,152.72179699999998,152.72179699999998,152.0,152.0,2023-12-25T02:44:51.000Z,2024-01-01T03:13:52.000Z,loitering,1
c5e15406b-b71a-cb65-2c4b-dc9ec5dcfecc,96052190,ZSY07665-5-65%,32.949,124.5194,134.758266,134.758266,134.0,134.0,2023-12-25T02:45:04.000Z,2024-01-01T04:42:34.000Z,loitering,1
556e8497a-a0b9-635f-8244-858177d976bd,233100608,MFJY09885-27-73%,32.9623,124.5366,131.579375,133.748438,131.0,133.0,2023-12-25T02:45:09.000Z,2024-01-01T04:30:30.000Z,loitering,1
d3fcd3163-38dd-5756-7e8e-267b445ecfa1,233101515,686555-2-76%,33.0349,124.4565,128.32806200000002,129.304016,128.0,129.0,2023-12-25T02:45:29.000Z,2024-01-01T12:40:53.000Z,loitering,1
930909c93-320b-e1b8-c6f3-61b563ae0df3,412466787,YUELIANYU15006,33.5515,124.0765,113.428352,111.020516,111.0,109.0,2023-12-25T02:45:57.000Z,2024-01-01T09:56:39.000Z,loitering,1
0df731a53-36a2-863e-4150-5bd7ad4fcbc3,44160007,,33.0092,124.1742,145.031,146.799734,144.0,146.0,2023-12-25T02:46:10.000Z,2024-01-01T01:09:37.000Z,loitering,1
f3560ffcb-bdc6-7c6a-3f6d-d36b5679fcd3,233101785,MFJY09666-82-75%,33.0099,124.4288,132.600594,132.600594,132.0,132.0,2023-12-25T02:46:31.000Z,2024-01-01T05:17:44.000Z,loitering,1
54cb52b10-0dca-e1eb-0239-5db7f4d9094a,96052443,09855-69-66%,33.0868,124.4091,125.87507799999999,125.87507799999999,125.0,125.0,2023-12-25T02:46:36.000Z,2024-01-01T04:28:35.000Z,loitering,1
4889b4fe8-86d2-c7c5-640d-7f6b36ffcf42,100001348,MINFJY09655-10-78%,33.0056,124.4423,132.149531,132.149531,131.0,131.0,2023-12-25T02:46:58.000Z,2024-01-01T04:10:28.000Z,loitering,1
32545fd50-00db-ec68-c1be-5d2029a20c7a,577550058,LURONGYU57755-5868%,32.9771,124.2097,146.389703,147.297703,146.0,147.0,2023-12-25T02:47:47.000Z,2024-01-01T03:14:15.000Z,loitering,1
3407b737c-c3d7-3968-d16b-42d9e85a9e19,50337302,SUSHEYU03373-02_7.8V,33.5573,123.8483,129.28517200000002,131.661766,126.0,129.0,2023-12-25T02:48:10.000Z,2024-01-01T01:56:12.000Z,loitering,1
191c87a90-0d8f-ac1a-b661-308c179cf2db,96064107,LIAOYU11588-10-39%,33.0408,124.4504,128.779008,128.779008,128.0,128.0,2023-12-25T02:48:52.000Z,2024-01-01T03:57:02.000Z,loitering,1
d73f46c0e-e6fa-13d9-eb74-91cd2ac03dc4,12457817,MINYU05569-5-72%,33.0487,124.2667,135.899406,137.71229699999998,135.0,137.0,2023-12-25T02:48:57.000Z,2024-01-07T02:48:24.000Z,loitering,1
e70ab4f1e-e94d-f4e4-0e87-1aa6227e5104,131190005,13119-5-75%,33.1543,124.3083,124.741898,126.190539,124.0,125.0,2023-12-25T02:49:02.000Z,2024-01-01T04:42:22.000Z,loitering,1
09de94796-6f3c-72ec-cc80-10adf0b05c75,233100372,MFJY09255-13-54%,32.9713,124.493,133.948844,133.948844,133.0,133.0,2023-12-25T02:49:07.000Z,2024-01-02T06:26:29.000Z,loitering,1
161b54889-9642-8331-6e2d-eef1b11cbbf7,231901295,MFJY08655-17-72%,33.0201,124.4063,132.553594,133.022594,132.0,132.0,2023-12-25T02:49:25.000Z,2024-01-01T04:58:41.000Z,loitering,1
f6cd91424-47b9-8954-0fc1-4a3d9802677e,82980022,08298-----22     91%,33.0042,124.4696,130.826445,131.811984,130.0,131.0,2023-12-25T02:49:38.000Z,2024-01-01T04:53:02.000Z,loitering,1
482102253-3ac9-f563-141d-059b691a6a3d,208677032,08677-32--44%,33.0745,124.3793,128.30526600000002,129.243562,128.0,129.0,2023-12-25T02:49:42.000Z,2024-01-01T05:18:43.000Z,loitering,1
41e853bc9-91f7-a545-d772-5d03e13cb41f,989803785,,33.0201,124.473,129.842938,129.842938,129.0,129.0,2023-12-25T02:49:45.000Z,2024-01-02T01:07:51.000Z,loitering,1
9bcf98dc8-8d10-01ec-1d6b-ff8bbd66bce5,608970081,08768-81-58%,33.1047,124.3432,128.510742,128.510742,128.0,128.0,2023-12-25T02:49:46.000Z,2024-01-01T04:46:57.000Z,loitering,1
b08a9ddfb-b2c1-dffa-8072-a3bd4a59888d,44080015,,33.8743,124.0208,104.310906,104.310906,100.0,100.0,2023-12-25T02:49:49.000Z,2024-01-01T08:54:37.000Z,loitering,1
f6084fc2f-f263-0f6f-6ca1-9f111f62f825,608970087,08768-87-78%,33.1035,124.3044,130.656586,130.656586,130.0,130.0,2023-12-25T02:50:29.000Z,2024-01-01T01:48:49.000Z,loitering,1
4d837e193-3e58-fa21-dc6a-1dd8e34d5e5e,921661898,YUE LAI YU16618-98,33.0963,124.3102,130.113555,131.020445,129.0,130.0,2023-12-25T02:50:31.000Z,2024-01-01T02:01:07.000Z,loitering,1
43a1ec9a7-7faf-bcec-e5ff-0bcc3ac60dda,233004045,36047-34-78%,33.0586,124.217,138.666953,138.666953,138.0,138.0,2023-12-25T02:50:40.000Z,2024-01-01T03:03:04.000Z,loitering,1
f32282349-9348-7723-e444-d464be1e0fee,606178090,,33.8965,123.9984,108.25775,102.794727,104.0,99.0,2023-12-25T02:50:57.000Z,2024-01-01T09:18:05.000Z,loitering,1
5dc704dad-d3a2-7c07-cbcf-e3d5e34328a2,789789367,,33.0201,124.4732,128.861523,130.826445,128.0,130.0,2023-12-25T02:51:38.000Z,2024-01-02T01:15:48.000Z,loitering,1
863eb4280-0e58-3c2d-ec9b-aa3566078a40,44080021,,33.8694,124.0208,104.310906,104.310906,100.0,100.0,2023-12-25T02:52:21.000Z,2024-01-01T09:24:42.000Z,loitering,1
fa94ed698-8498-114f-0fff-6096f2a8610e,233401900,MFJY08669-12-82%,32.9003,124.5014,140.591375,140.591375,140.0,140.0,2023-12-25T02:52:56.000Z,2024-01-01T03:11:17.000Z,loitering,1
351402850-085b-a6d4-fedb-7242aed7314b,6111001,,33.9062,123.9771,108.085805,106.435945,104.0,102.0,2023-12-25T02:53:14.000Z,2024-01-07T18:43:10.000Z,loitering,1
2789a4817-7d5c-ffde-149d-692cdc478daa,96044088,ZHEDAIYU04408-0899%,33.8828,124.0214,104.097359,104.097359,100.0,100.0,2023-12-25T02:53:16.000Z,2024-01-01T08:52:23.000Z,loitering,1
5212947f5-5f4e-d3dc-3dff-2a3c5711f407,233401946,MFJY08669-2-82%,32.9007,124.513,140.208438,140.208438,140.0,140.0,2023-12-25T02:53:21.000Z,2024-01-01T04:18:46.000Z,loitering,1
7da49686a-ab18-cdb2-99ac-82f7b1a292d1,31860025,,33.0094,124.2622,140.981875,140.981875,140.0,140.0,2023-12-25T02:53:27.000Z,2024-01-01T01:21:53.000Z,loitering,1
e54e48605-5e81-bb1c-016c-558cd0e2cb98,606178003,,33.8966,123.9973,108.25775,102.986852,104.0,99.0,2023-12-25T02:53:35.000Z,2024-01-01T09:16:17.000Z,loitering,1
02505f153-316c-3588-2baa-97fbd412a2e8,31860029,,33.0008,124.2854,140.336266,140.336266,140.0,140.0,2023-12-25T02:53:51.000Z,2024-01-01T01:51:03.000Z,loitering,1
c8ec220a1-12d6-4b67-d19d-4dc0617bb3da,606178007,,33.9012,123.9834,107.34675800000001,106.435945,103.0,102.0,2023-12-25T02:53:53.000Z,2024-01-05T20:07:10.000Z,loitering,1
4661bd6c7-775c-5fd4-3455-305e4f905dfb,48480052,ZHE DAI YU 04848-52,33.0503,124.4161,129.20193799999998,129.676281,128.0,129.0,2023-12-25T02:53:54.000Z,2024-01-01T04:30:55.000Z,loitering,1
3a05fb781-1f43-87c2-e510-aa3d252ad061,601050041,LULANYU60105--41 8V2,32.9859,124.3804,137.80454699999999,136.843641,137.0,136.0,2023-12-25T02:54:04.000Z,2024-01-08T18:41:05.000Z,loitering,1
fcbf75f5c-c770-ff50-416c-f229d5b8d636,48368802,,32.9304,124.297,145.317328,147.970062,145.0,147.0,2023-12-25T02:54:15.000Z,2024-01-16T18:49:01.000Z,loitering,1
0baf1754b-bd8e-c384-08e9-66aae456a103,600430017,,32.9605,124.1591,150.924062,150.924062,150.0,150.0,2023-12-25T02:54:39.000Z,2024-01-01T03:12:36.000Z,loitering,1
27f60e734-405c-13d0-cbb2-139bf236c591,100107116,08218-13-64%,32.9394,124.4644,137.76568799999998,139.175797,137.0,138.0,2023-12-25T02:54:47.000Z,2024-01-01T03:13:40.000Z,loitering,1
4a5cce9dc-c95e-6cfb-a321-1154ab5ece94,595221002,ZHESHENGYU05595-2,33.9077,124.0068,103.895273,105.031516,100.0,101.0,2023-12-25T02:54:59.000Z,2024-01-03T10:13:54.000Z,loitering,1
a80641689-987a-954f-f033-1654145a44cd,676607,MINYU06766-7_55%,33.1207,124.2912,129.41475,129.41475,129.0,129.0,2023-12-25T02:55:39.000Z,2024-01-01T04:53:25.000Z,loitering,1
9ecb36738-8f1e-b71c-fdfa-e2dec25f2995,525015876,NAOMI SUNBRIGHTS,5.2015,105.5911,97.506664,93.023742,204.0,209.0,2023-12-25T02:55:41.000Z,2024-01-02T09:40:49.000Z,loitering,1
b8481b54a-ab78-3644-64eb-3e0fb9333f32,75180083,,32.9324,124.4895,137.956375,137.956375,137.0,137.0,2023-12-25T02:55:48.000Z,2024-01-01T04:31:02.000Z,loitering,1
fd96e5b87-764f-9554-bf7a-796c5feb365c,876687367,,33.0199,124.4477,130.726453,130.726453,130.0,130.0,2023-12-25T02:56:18.000Z,2024-01-02T00:57:14.000Z,loitering,1
2054d72ba-ae1a-1a67-326a-37eec3e41c56,233100595,MFJY09255-4-78%,32.9736,124.5021,133.54075,133.54075,133.0,133.0,2023-12-25T02:56:26.000Z,2024-01-01T04:56:22.000Z,loitering,1
b7831cc26-6b0d-3fa6-04d8-931598d1b24d,69371212,,33.1564,124.2853,125.878023,125.878023,125.0,125.0,2023-12-25T02:56:40.000Z,2024-01-01T05:03:57.000Z,loitering,1
a4716b7ac-ce92-ba6b-b875-2fb943459b16,876678787,06868-1-69%,32.9108,124.4668,140.766672,141.172406,140.0,140.0,2023-12-25T02:57:01.000Z,2024-01-01T03:48:27.000Z,loitering,1
357d40212-26ce-75e2-c384-035fc7c9f638,90985599,09855-99-76%,33.0877,124.3737,127.877531,127.877531,127.0,127.0,2023-12-25T02:57:02.000Z,2024-01-01T04:40:53.000Z,loitering,1
f71582e50-0040-0d80-dda6-9510be265776,676602,MINYU06766-2_54%,33.1197,124.3266,127.221508,127.763273,126.0,127.0,2023-12-25T02:57:52.000Z,2024-01-01T04:47:07.000Z,loitering,1
b658620f1-137a-18d6-de7b-c74de21649a8,96041927,MINYU66507-21-79%,33.0519,124.4044,130.155484,130.155484,129.0,129.0,2023-12-25T02:57:54.000Z,2024-01-01T05:10:01.000Z,loitering,1
801a89270-0b19-6cc9-b55a-a96db26d89ad,107000027,NET-10-ZSY07889-92%,33.0783,124.3808,126.821438,129.831648,126.0,129.0,2023-12-25T02:58:05.000Z,2024-01-08T01:26:42.000Z,loitering,1
7d46dabb5-5631-1daa-e544-423a7d7d360a,19991003,MINFUYU09991-3-  18%,33.0345,124.4116,130.632969,131.592094,130.0,131.0,2023-12-25T02:58:08.000Z,2024-01-01T04:21:34.000Z,loitering,1
caef78642-2b39-911c-29fb-09a731e750b0,577550008,,32.9941,124.2018,145.130953,146.029891,144.0,145.0,2023-12-25T02:58:14.000Z,2024-01-01T01:52:16.000Z,loitering,1
ed3a74089-9a4f-787f-a049-eeeb0634de72,528788119,28788--119-89%,33.0159,124.285,138.486578,139.00971900000002,138.0,138.0,2023-12-25T02:58:16.000Z,2024-01-01T01:34:32.000Z,loitering,1
e95a0b9c7-7859-24fb-0046-57fdcfbf9a69,920268778,ZHEDAIYU02175-6,33.9402,123.9813,106.721383,105.805617,102.0,102.0,2023-12-25T02:58:30.000Z,2024-01-09T03:44:08.000Z,loitering,1
295e759f8-87f0-e279-c3c5-453bf8948bc1,60105110,,33.0139,124.3214,138.812688,136.94275,138.0,136.0,2023-12-25T02:58:46.000Z,2024-01-08T17:26:34.000Z,loitering,1
ec370ff4c-ce64-2e96-4dce-230ea903da62,702263112,23333-12-57%,33.7659,123.8744,118.004367,122.154727,114.0,119.0,2023-12-25T02:58:53.000Z,2024-01-01T09:46:23.000Z,loitering,1
a44248a35-5a08-2fdd-cc4d-315e301ad295,67222856,,32.9909,124.0946,150.821203,152.272266,150.0,151.0,2023-12-25T02:58:58.000Z,2024-01-01T02:50:53.000Z,loitering,1
5935369ce-eafd-ae67-2fb0-13f75ef2e246,370550000,ZHENG HUI,29.7327,122.955,29.955281,30.920270000000002,48.0,48.0,2023-12-25T02:59:28.000Z,2024-01-02T20:58:29.000Z,loitering,1
9f602c02e-e42f-3b64-15c7-a20486e53c26,96064108,LIAOYU11588-26-61%,33.0421,124.4061,130.632969,130.632969,130.0,130.0,2023-12-25T02:59:45.000Z,2024-01-01T04:53:12.000Z,loitering,1
db2066376-6f91-3d01-4e21-966f84947aaa,233004037,36047-30-51%,33.0566,124.2181,138.666953,139.55425,138.0,139.0,2023-12-25T02:59:50.000Z,2024-01-07T02:40:19.000Z,loitering,1
fcf9ae7de-e40d-59d6-8e88-cf86871da2fa,233101169,MLY65887-3-74%,33.0357,124.4436,129.235016,129.235016,129.0,129.0,2023-12-25T02:59:56.000Z,2024-01-01T04:47:45.000Z,loitering,1
ce3574735-5eec-41c3-9dfb-4ca0c642e561,100606616,MINFUYU06066-16-99%,33.068,124.3731,129.243562,129.744125,129.0,129.0,2023-12-25T03:00:04.000Z,2024-01-01T04:28:29.000Z,loitering,1
24e33db3b-b766-f5f4-9aa7-782e7dae8375,601230123,08601-23-59%,32.9387,124.5241,135.386,135.769688,135.0,135.0,2023-12-25T03:00:22.000Z,2024-01-03T07:18:45.000Z,loitering,1
817dd69a6-6f96-81de-576c-41704c6e2d14,10670094,,33.0287,124.2,142.452156,143.342031,142.0,143.0,2023-12-25T03:01:06.000Z,2024-01-01T03:03:46.000Z,loitering,1
ff967e34f-f159-c475-40d0-ac8955029cc2,25566002,,33.876,124.0092,106.121758,104.097359,102.0,100.0,2023-12-25T03:01:07.000Z,2024-01-01T09:16:18.000Z,loitering,1
4ae40bac5-5d2e-b11c-8c14-6c0a9933671d,676609,MINYU06766-9_58%,33.1154,124.3189,127.763273,128.667453,127.0,128.0,2023-12-25T03:01:32.000Z,2024-01-01T01:18:37.000Z,loitering,1
4e3f334d8-8479-d02f-f55b-6574e18c8121,789783689,09818-7-65%,33.1045,124.3536,127.98543,127.98543,127.0,127.0,2023-12-25T03:01:54.000Z,2024-01-01T05:32:03.000Z,loitering,1
958b909e5-59db-a33f-0233-c0889525c7f6,12457823,MINYU05569-42-45%,33.0693,124.2586,132.31123399999998,139.697172,132.0,139.0,2023-12-25T03:02:28.000Z,2024-01-07T02:27:57.000Z,loitering,1
f243b596e-ef6d-0bda-256d-4f4a27fccfec,231004311,LUDONGGANGYU61079-61,33.6867,123.942,117.05042200000001,116.86230499999999,114.0,114.0,2023-12-25T03:02:31.000Z,2024-01-05T15:33:50.000Z,loitering,1
17c94c468-8794-cd65-8cb1-308631376cc3,107000033,NET-1-ZSY07889-73%,33.076,124.3834,128.30526600000002,128.30526600000002,128.0,128.0,2023-12-25T03:02:42.000Z,2024-01-01T04:36:37.000Z,loitering,1
3f1531dbd-dad2-2bc5-d764-17a7d271634d,96064207,MINYU09855-39-44%,33.1211,124.3715,125.099562,125.099562,124.0,124.0,2023-12-25T03:02:43.000Z,2024-01-01T04:14:42.000Z,loitering,1
2589576a0-0773-a065-8442-321a92cc66b8,233004044,36047-33-80%,33.038,124.2162,140.44475,140.44475,140.0,140.0,2023-12-25T03:02:45.000Z,2024-01-01T02:24:40.000Z,loitering,1
587bfae56-6491-02ad-9337-70ef5c9f382c,19991024,MINFUYU09991-24- 70%,33.034,124.4478,128.779008,130.204266,128.0,130.0,2023-12-25T03:03:07.000Z,2024-01-01T04:20:30.000Z,loitering,1
3d4112dd6-6d3d-91e2-8fa2-dd148d5857cc,231004302,LUDONGGANGYU61079-63,33.68,123.9343,117.79969500000001,118.585938,115.0,115.0,2023-12-25T03:03:25.000Z,2024-01-05T00:12:10.000Z,loitering,1
9d4512f42-2796-f1f8-c703-8d447d4fe40d,606178005,,33.895,123.9837,107.34675800000001,106.621938,103.0,103.0,2023-12-25T03:03:31.000Z,2024-01-05T19:57:13.000Z,loitering,1
b87a447d2-2c7b-9112-8743-56c77afd5a30,90867701,MIN08677-1-56%,33.0635,124.4014,128.25668,129.204789,128.0,128.0,2023-12-25T03:03:50.000Z,2024-01-01T13:25:02.000Z,loitering,1
e0935d4b9-9db6-b15c-0bc8-b1920334eece,96064081,LIAOYU11588-1-60%,33.0407,124.4384,129.235016,129.235016,129.0,129.0,2023-12-25T03:03:51.000Z,2024-01-01T04:37:02.000Z,loitering,1
fa3d9ab99-9011-1fd4-cd4b-fd28e23897d6,96048106,MINYU01229-10-52%,33.0634,124.4244,128.244281,128.244281,128.0,128.0,2023-12-25T03:04:07.000Z,2024-01-01T13:57:52.000Z,loitering,1
e323cebdf-f4b1-4741-b81a-80eead885a08,23999477,LIAOYINGYU25777-6,38.4001,121.8143,50.631504,50.631504,52.0,52.0,2023-12-25T03:04:08.000Z,2024-01-02T06:01:08.000Z,loitering,1
9eb81f8a4-425b-4b60-6f9b-e7c25fc8967e,990000002,W100-56%,33.0255,124.467,128.861523,128.861523,128.0,128.0,2023-12-25T03:04:50.000Z,2024-01-01T03:50:57.000Z,loitering,1
ba5a283ab-b0c4-2525-a873-05f80d5caf30,10670724,,33.9216,123.9804,105.805617,108.25775,102.0,104.0,2023-12-25T03:05:06.000Z,2024-01-14T01:53:50.000Z,loitering,1
e4c6ecc1a-a217-a28f-f73c-fd4a35f2b887,920751832,SDM0751832-32-77%,32.9329,124.4786,138.357812,138.357812,138.0,138.0,2023-12-25T03:05:36.000Z,2024-01-01T04:23:28.000Z,loitering,1
1e33e0293-3095-94f4-9c5a-b7f1976a10b0,600430040,,32.9693,124.1593,150.029469,150.924062,149.0,150.0,2023-12-25T03:05:37.000Z,2024-01-01T03:11:36.000Z,loitering,1
4b517b913-3a69-dcd9-522b-63fe0e5b31d2,231903401,MFJY09979-18-80%,32.8878,124.5323,138.036203,142.775594,137.0,142.0,2023-12-25T03:05:54.000Z,2024-01-01T03:54:57.000Z,loitering,1
35c862308-8a56-7143-78b9-87e4f5e94b37,101000086,MINXIAYU01229-54-99%,33.075,124.3707,127.369758,131.183266,127.0,130.0,2023-12-25T03:06:02.000Z,2024-01-08T01:55:42.000Z,loitering,1
c305a91cc-ce56-f7ce-71c0-0947c13b9a96,32190014,,33.0026,124.4238,134.025969,134.025969,133.0,133.0,2023-12-25T03:06:04.000Z,2024-01-01T04:52:54.000Z,loitering,1
27d67c47d-d987-3e63-5de3-4b526d3c1c4e,223401861,MFJYU09666-14-65%,32.9907,124.4595,133.229141,133.229141,133.0,133.0,2023-12-25T03:06:13.000Z,2024-01-01T04:06:18.000Z,loitering,1
e9747426c-c631-a65a-ef6b-b47e7614afff,72855125,0728584%,33.0836,124.4108,125.38657,127.311227,125.0,127.0,2023-12-25T03:06:28.000Z,2024-01-01T03:57:21.000Z,loitering,1
98e3946ec-c01a-8d1a-6e8d-2005317eb08d,96064149,MINYU09855-44-51%,33.1197,124.3465,125.239109,127.066859,125.0,126.0,2023-12-25T03:06:31.000Z,2024-01-01T00:56:21.000Z,loitering,1
6af83cc95-53f7-1ade-2781-5be04ebce590,100109746,-72%,33.0731,124.3891,128.747742,128.747742,128.0,128.0,2023-12-25T03:06:41.000Z,2024-01-01T04:30:34.000Z,loitering,1
5fca2a020-0e57-f343-8542-d2894f823fa6,96042081,ZHEYU07322-13-77%,33.0854,124.368,127.877531,129.318219,127.0,129.0,2023-12-25T03:06:47.000Z,2024-01-01T04:37:40.000Z,loitering,1
006e31d55-50f3-f1b4-bc39-451d7fdc6544,58590123,NET-ZSY05859-123-78%,31.331,122.7551,10.238311,10.565483,52.0,53.0,2023-12-25T03:06:55.000Z,2024-01-05T23:37:43.000Z,loitering,1
dd351b808-8689-90e3-ec21-3e4a8ea97a48,102479079,ZHEDAIYU-02479-797V7,33.973,124.0034,104.535156,104.440297,100.0,100.0,2023-12-25T03:06:58.000Z,2024-01-01T08:48:55.000Z,loitering,1
9a8f88361-156a-9d01-5694-38a6cd44a29e,221005564,08658---69-83%,32.9076,124.4697,140.766672,140.766672,140.0,140.0,2023-12-25T03:07:07.000Z,2024-01-01T03:41:09.000Z,loitering,1
31460c507-7d21-fe48-b720-c37ce9e45ca0,370454000,SAPURA 1200,8.8367,101.53,190.500375,194.236469,93.0,101.0,2023-12-25T03:07:18.000Z,2024-01-01T21:40:36.000Z,loitering,1
ad672d78e-ef6d-5062-6f49-7a33741ef012,221001677,LRYU58085-9-64%,32.9337,124.4204,140.32568799999999,140.43975,140.0,140.0,2023-12-25T03:07:30.000Z,2024-01-01T13:07:39.000Z,loitering,1
4f6ab6762-2fce-f22f-ba75-311399727bbc,33730025,SUSHEYU03373-25_7.9V,33.5649,123.8498,128.833375,131.171031,126.0,128.0,2023-12-25T03:07:32.000Z,2024-01-01T01:28:14.000Z,loitering,1
9df3a0372-2c4c-760e-cd08-9e5a1523023a,788792678,MINFUDINGYU09677-8,33.0308,124.4608,128.861523,129.751617,128.0,129.0,2023-12-25T03:07:52.000Z,2024-01-01T04:41:06.000Z,loitering,1
ae35381cc-c2f9-e254-6732-ba13ce5d1e11,44080203,,33.9686,123.9918,105.45357000000001,105.45357000000001,101.0,101.0,2023-12-25T03:07:58.000Z,2024-01-01T08:42:51.000Z,loitering,1
9de819a18-82fc-ee4a-9be1-0cf7acd33baf,100606610,MINFUYU06066-10-89%,33.0641,124.4127,128.722094,128.722094,128.0,128.0,2023-12-25T03:08:38.000Z,2024-01-01T05:09:15.000Z,loitering,1
6d1735656-6fe8-321e-11b9-48d028326ef8,60102483,,33.9641,123.9923,105.559344,105.559344,101.0,101.0,2023-12-25T03:08:44.000Z,2024-01-01T08:53:00.000Z,loitering,1
519513101-1cdf-40ae-1a8f-6e2967c1899f,96064250,MINYU09855-16-51%,33.121,124.3113,127.412367,128.309445,127.0,128.0,2023-12-25T03:08:57.000Z,2024-01-01T00:57:46.000Z,loitering,1
671247df2-2403-4e4f-136c-bbd4eed1c214,60441642,,33.0037,124.1789,145.35045300000002,146.239719,145.0,145.0,2023-12-25T03:09:19.000Z,2024-01-05T21:40:33.000Z,loitering,1
0acad3717-7096-c383-6e7c-7881c0fadddf,900869954,MFDY08699-5472%,32.9499,124.5403,133.99053099999998,133.99053099999998,133.0,133.0,2023-12-25T03:09:42.000Z,2024-01-02T00:44:42.000Z,loitering,1
db047088c-cfa9-178a-fcb6-6a267a9cb7e3,10343313,ZHEDAIYU03433-13_8.2,33.7336,123.8709,118.29178900000001,123.94026600000001,115.0,120.0,2023-12-25T03:09:49.000Z,2024-01-01T09:58:50.000Z,loitering,1
6f7c5b2ef-f3d6-9cff-d85a-03f932cbd03a,233101793,MFJY08615-16-79%,32.9707,124.4728,134.362078,134.780422,134.0,134.0,2023-12-25T03:09:50.000Z,2024-01-01T05:01:49.000Z,loitering,1
f907aeb73-3fbb-a46f-e5d4-405b27d018a2,131190016,13119-16-80%,33.1499,124.2688,127.902,127.902,127.0,127.0,2023-12-25T03:10:02.000Z,2024-01-01T01:36:19.000Z,loitering,1
57f1f7fde-e82b-3c12-8a34-95d7d72269ff,6588510,MINYU65885-10_45%,33.0759,124.4113,126.821438,126.821438,126.0,126.0,2023-12-25T03:10:06.000Z,2024-01-01T03:50:20.000Z,loitering,1
0668985e6-6736-0abe-ed30-005fff49d7bc,66857818,,33.7501,123.9196,116.54964100000001,116.54964100000001,113.0,113.0,2023-12-25T03:10:17.000Z,2024-01-01T09:57:10.000Z,loitering,1
fc10ca1bd-d145-c324-01a1-d89837c2a249,100017223,MFYU09655-0002-55%,32.9838,124.4678,132.799531,134.215516,132.0,134.0,2023-12-25T03:10:32.000Z,2024-01-01T03:44:07.000Z,loitering,1
a90437612-21fc-f740-ee4a-12ef20220439,96064237,MINYU09855-25-67%,33.1197,124.2764,129.088086,130.862945,128.0,130.0,2023-12-25T03:10:44.000Z,2024-01-01T01:34:27.000Z,loitering,1
fb2e27591-16cf-e6ce-35a6-8d6e7b5504b3,19991008,MINFUYU09991-8-  79%,33.0308,124.4617,129.304016,129.304016,129.0,129.0,2023-12-25T03:11:27.000Z,2024-01-01T04:53:30.000Z,loitering,1
db42d06f8-8d44-e0f3-9e4f-32a77954078a,231902888,MFJY09979-27-70%,32.8887,124.5534,137.069922,143.782422,136.0,143.0,2023-12-25T03:11:57.000Z,2024-01-03T06:50:12.000Z,loitering,1
3ee86cfcb-be52-6973-d741-663d489b3ef6,921661892,YUE LAI YU16618-92,33.1028,124.3905,125.4285,126.437117,125.0,126.0,2023-12-25T03:12:14.000Z,2024-01-01T04:25:40.000Z,loitering,1
d99653149-970c-6958-f4c1-ede792521f81,100190883,MINFUYU01908-83-90%,32.9229,124.4671,139.764656,139.764656,139.0,139.0,2023-12-25T03:12:40.000Z,2024-01-01T04:41:34.000Z,loitering,1
2166b1774-44c1-ac9e-9f90-e6b31ed8ebb9,86770097,,33.0698,124.4053,127.770461,128.25668,127.0,128.0,2023-12-25T03:13:18.000Z,2024-01-01T05:04:55.000Z,loitering,1
ffc85cd69-9493-13f1-41c4-83552f4fb884,10626092,,33.0505,124.1476,142.704141,144.433156,142.0,144.0,2023-12-25T03:13:21.000Z,2024-01-01T00:50:41.000Z,loitering,1
a7f75cc6c-c70a-9e81-74e0-e3727b5837e6,96064154,LIAOYU11588-2-60%,33.0457,124.4455,127.80866400000001,129.235016,127.0,129.0,2023-12-25T03:13:22.000Z,2024-01-01T04:30:28.000Z,loitering,1
55bded2e5-5095-c5de-03ec-a5a2b6886e03,577550010,,32.9856,124.1996,146.029891,146.93175,145.0,146.0,2023-12-25T03:14:48.000Z,2024-01-01T01:58:48.000Z,loitering,1
2b9c3d078-81c0-212d-c6c5-6d10787d3a3c,10663393,,33.0501,124.1684,142.401859,142.401859,142.0,142.0,2023-12-25T03:14:49.000Z,2024-01-01T01:44:04.000Z,loitering,1
e8f71f570-05ff-be2f-ac7b-f39045943dec,921661897,YUE LAI YU16618-97,33.0906,124.2996,130.656586,131.559797,130.0,131.0,2023-12-25T03:15:35.000Z,2024-01-01T01:06:55.000Z,loitering,1
b4f1ea7bb-b404-9661-7813-6328f5370447,231903237,MFJY08655-32-71%,33.0199,124.4762,129.408875,129.842938,129.0,129.0,2023-12-25T03:15:38.000Z,2024-01-01T04:46:33.000Z,loitering,1
b9d1ae640-09ad-5cac-cde0-ad039ea872c8,60044105,,33.0407,124.2325,138.996266,140.78734400000002,138.0,140.0,2023-12-25T03:16:39.000Z,2024-01-01T01:50:21.000Z,loitering,1
724411221-1f7e-8096-9c50-2f2b2b150008,60678916,,33.1379,124.3093,126.51870299999999,126.51870299999999,126.0,126.0,2023-12-25T03:16:42.000Z,2024-01-01T04:55:50.000Z,loitering,1
bc5d3cc07-7ca5-280d-5cad-d23aed546f74,48630047,,33.0991,124.3502,127.46467999999999,128.510742,127.0,128.0,2023-12-25T03:17:13.000Z,2024-01-08T01:24:25.000Z,loitering,1
8ee99a30d-ddaf-6523-0767-c14f9608d54b,96034878,08677-2469%,33.0636,124.401,129.204789,129.204789,128.0,128.0,2023-12-25T03:17:36.000Z,2024-01-01T13:12:58.000Z,loitering,1
7ca7baa11-181f-75e9-7046-183bcef666f1,131190001,13119-1-68%,33.1552,124.2782,126.45242200000001,127.327328,126.0,127.0,2023-12-25T03:18:07.000Z,2024-01-01T05:06:19.000Z,loitering,1
a85b70659-984a-d74a-cdce-34f666ef1db7,231902733,MFJY09927-21-99%,32.9054,124.5529,136.023156,140.365891,135.0,140.0,2023-12-25T03:18:26.000Z,2024-01-16T06:13:18.000Z,loitering,1
25c1184ca-a2a9-86e0-34b2-e5bb9b959bbd,24790070,,33.9712,123.993,105.45357000000001,105.45357000000001,101.0,101.0,2023-12-25T03:18:43.000Z,2024-01-01T08:54:33.000Z,loitering,1
ac9ddb063-3374-7287-79de-35bbcdbd9b2d,665231012,07665-12-89%,32.9453,124.4757,136.35645300000002,136.35645300000002,136.0,136.0,2023-12-25T03:19:49.000Z,2024-01-01T04:48:57.000Z,loitering,1
022bf8f08-8609-547e-64ed-262f7e090860,800765962,01229-99--69%,33.0737,124.4146,126.336539,127.770461,126.0,127.0,2023-12-25T03:20:07.000Z,2024-01-01T04:31:08.000Z,loitering,1
345b90a7c-cda4-d028-787f-81df6c5dac01,677585782,09868-8289%,33.1444,124.2609,128.480773,129.351656,128.0,129.0,2023-12-25T03:20:48.000Z,2024-01-01T01:13:42.000Z,loitering,1
e1ed92f17-7e18-cdf5-04ac-1862c98273e8,100606620,MINFUYU06066-20-85%,33.0631,124.4359,127.3035,127.3035,127.0,127.0,2023-12-25T03:20:51.000Z,2024-01-01T13:36:38.000Z,loitering,1
2aadd9045-56ee-66b1-5e95-252c0fe87522,96052386,09855-63-66%,33.0911,124.396,126.368477,126.866719,126.0,126.0,2023-12-25T03:22:33.000Z,2024-01-01T05:12:15.000Z,loitering,1
ce07bb28a-a455-34de-0e95-b055a359a9fb,12457819,MINYU05569-26-82%,33.0794,124.2618,134.098875,134.651453,133.0,134.0,2023-12-25T03:24:20.000Z,2024-01-05T21:28:17.000Z,loitering,1
e725bf03b-b347-7593-8cd5-6db1a3dcf998,223402766,MFJYU09777-7-37%,33.0056,124.4896,129.969953,129.969953,129.0,129.0,2023-12-25T03:25:16.000Z,2024-01-01T03:41:13.000Z,loitering,1
34924ab26-6e3d-9b14-ec6b-76c663e1cf9e,401800217,ZHEDAIYU03219-5-60%,33.0224,124.4089,132.553594,132.553594,132.0,132.0,2023-12-25T03:25:17.000Z,2024-01-01T13:06:17.000Z,loitering,1
b725f2155-59e2-dea6-58fa-71d506aef488,62971111,630-1199%,33.1796,124.2241,127.68642999999999,129.136414,127.0,128.0,2023-12-25T03:26:13.000Z,2024-01-01T02:06:52.000Z,loitering,1
b261ba148-8c02-d1e1-7f11-fbae762abc8b,20090980,SUQIYU03209---80 7V5,33.2085,124.2143,126.40861699999999,126.40861699999999,126.0,126.0,2023-12-25T03:27:53.000Z,2024-01-01T01:49:07.000Z,loitering,1
ac2a4e461-19d4-1774-0fc2-c3b6e8490ff0,886375765,LULANYU60122-1-86%,32.9754,124.4997,132.540219,133.54075,132.0,133.0,2023-12-25T03:28:00.000Z,2024-01-01T12:54:38.000Z,loitering,1
97038c435-518c-dfe8-3a34-a727273195c2,900869951,MFDY08699-5178%,32.9502,124.5534,132.59625,134.63453099999998,132.0,134.0,2023-12-25T03:28:05.000Z,2024-01-02T00:15:34.000Z,loitering,1
2ca025331-1dd6-7281-6ce6-66cc96824ba2,12457801,MINYU05569-22-55%,33.0745,124.2502,135.208141,136.099625,134.0,135.0,2023-12-25T03:29:24.000Z,2024-01-05T21:39:35.000Z,loitering,1
d539d6efe-ebfb-bd58-4e0e-c7911986ca77,96064228,MINYU09855-8-81%,33.1197,124.2773,129.973789,129.973789,129.0,129.0,2023-12-25T03:29:26.000Z,2024-01-01T02:03:58.000Z,loitering,1
a6dc6bb80-0bbe-93a4-524c-5959007f69bf,123004561,QIONGWENYU19-65%,33.133,124.1842,134.334875,134.93704699999998,134.0,134.0,2023-12-25T03:30:40.000Z,2024-01-01T01:53:50.000Z,loitering,1
1bb1ef6f6-6ada-0942-b42a-e15d82017e66,676603,MINYU06766-3_62%,33.1201,124.3159,127.763273,128.309445,127.0,128.0,2023-12-25T03:31:19.000Z,2024-01-01T04:49:35.000Z,loitering,1
f591db619-93e0-1374-8fe8-42aafef8879e,900869953,MFDY08699-5395%,32.9501,124.5287,134.37175,134.37175,134.0,134.0,2023-12-25T03:32:13.000Z,2024-01-02T00:20:07.000Z,loitering,1
231fee52e-e5ff-a35f-49e1-7936150d4b85,32190088,,33.0152,124.4257,131.592094,133.125422,131.0,132.0,2023-12-25T03:33:01.000Z,2024-01-01T04:14:09.000Z,loitering,1
4ab64a1e9-958f-9ba9-b26f-145aabde8ba5,178800002,BUOY-01  100%,8.8034,-24.8763,555.7895,808.405438,539.0,793.0,2023-12-25T03:34:10.000Z,2024-01-04T12:26:26.000Z,loitering,1
59c33bd69-91da-7173-2dad-cf2bd425d130,34111101,,35.1291,119.8879,1.8188119999999999,1.8188119999999999,41.0,41.0,2023-12-25T03:34:45.000Z,2024-01-06T05:31:47.000Z,loitering,1
b578e759f-f919-cd14-cd79-60d71699959b,96052393,MLY66507-81-80%,32.954,124.527,132.222969,135.54703099999998,132.0,135.0,2023-12-25T03:34:59.000Z,2024-01-07T20:45:44.000Z,loitering,1
61f568560-06a9-99f1-7fef-7fcde23a345c,60678905,,33.1335,124.3001,127.966672,127.966672,127.0,127.0,2023-12-25T03:35:27.000Z,2024-01-01T01:09:47.000Z,loitering,1
85a95642f-f43b-d8f7-9738-aeea16fd6171,100001638,LULAI60122-60-35%,32.977,124.4998,131.733734,133.367609,131.0,133.0,2023-12-25T03:35:28.000Z,2024-01-05T19:54:13.000Z,loitering,1
13cb556bb-b4b4-1ea7-e64d-0c1430835d9c,223402067,MFJYU09666-112-80%,32.9904,124.4479,133.663797,133.663797,133.0,133.0,2023-12-25T03:35:47.000Z,2024-01-01T04:06:44.000Z,loitering,1
2cd1bbc6a-ae9e-036b-7000-70bc487ee7b2,106012220,LULANYU60122-22-83%,32.9787,124.4851,132.95132800000002,133.367609,132.0,133.0,2023-12-25T03:36:04.000Z,2024-01-01T04:05:28.000Z,loitering,1
2242e9bf8-84c9-d1dc-3de1-ab2a99a00eb5,900869952,MFDY08699-5288%,32.948,124.5299,133.359047,135.386,133.0,135.0,2023-12-25T03:36:20.000Z,2024-01-02T00:46:57.000Z,loitering,1
e555a40c6-637b-b2ed-f269-c2025ca14eed,607226102,,33.1512,124.1327,134.905438,137.17592199999999,134.0,136.0,2023-12-25T03:36:36.000Z,2024-01-01T01:44:21.000Z,loitering,1
4d45d9a33-3e80-84a2-c695-5f8f28c409e4,210688013,68805-13-85%,33.8177,123.9904,112.986258,103.758867,109.0,100.0,2023-12-25T03:37:36.000Z,2024-01-01T08:56:32.000Z,loitering,1
dfefc2e72-227d-447a-c3b9-82ff6e816606,96042109,ZHEYU07322-19-53%,33.0816,124.3939,127.311227,127.805852,127.0,127.0,2023-12-25T03:37:58.000Z,2024-01-01T04:37:52.000Z,loitering,1
4c4c26254-401b-35f5-f904-4e3e49f43cfd,699660005,MINLIANYU69966-0599%,33.2019,124.28,122.991094,122.991094,122.0,122.0,2023-12-25T03:39:15.000Z,2024-01-01T00:58:53.000Z,loitering,1
38b73d1b9-9d38-e649-8a68-81fa8863f1a3,607226123,,33.1504,124.117,136.984875,136.984875,136.0,136.0,2023-12-25T03:39:24.000Z,2024-01-01T16:28:11.000Z,loitering,1
4a6f7c670-032e-43a8-5334-70174d13a83f,699660012,MINLIANYU69966-1299%,33.2023,124.2683,123.58558599999999,123.58558599999999,123.0,123.0,2023-12-25T03:39:32.000Z,2024-01-01T01:19:06.000Z,loitering,1
11702f124-4acd-986e-042b-b635041d4f37,100606614,MINFUYU06066-14-83%,33.0631,124.4375,126.341336,127.3035,126.0,127.0,2023-12-25T03:39:55.000Z,2024-01-01T13:14:55.000Z,loitering,1
e847755c6-6f61-6869-53d5-334bdbe2e79b,108004515,MIN FU YU08668A3,33.1615,124.2557,127.613641,127.613641,127.0,127.0,2023-12-25T03:40:09.000Z,2024-01-01T01:08:37.000Z,loitering,1
9c1fe3bfe-e3d5-2dde-ec42-399c4a2dae07,699660027,MINLIANYU69966-2799%,33.2025,124.2212,126.61775,126.61775,126.0,126.0,2023-12-25T03:41:09.000Z,2024-01-01T01:25:51.000Z,loitering,1
2f597e2fb-b14c-6349-ed7e-26f521e956db,610230309,80610-9-64%,33.1906,124.2703,124.440977,124.440977,124.0,124.0,2023-12-25T03:41:40.000Z,2024-01-01T00:57:57.000Z,loitering,1
cd88959b0-09bf-3753-0276-128005091b60,699660004,MINLIANYU69966-0487%,33.2023,124.2452,123.943523,125.393172,123.0,125.0,2023-12-25T03:42:31.000Z,2024-01-01T01:08:52.000Z,loitering,1
0ec8feb1a-acff-aa37-5c4d-5b453bce067b,746565487,09868-87-89%,33.1616,124.2894,123.623086,128.200352,123.0,127.0,2023-12-25T03:42:48.000Z,2024-01-07T01:45:09.000Z,loitering,1
2c07be588-81c7-f4d7-dd16-cb68413917f4,96048126,YU33620-5-54%,33.1679,124.272,126.163758,126.163758,125.0,125.0,2023-12-25T03:42:48.000Z,2024-01-01T01:19:01.000Z,loitering,1
b74172905-5fdc-e9a7-bcf4-b029d1adbf7e,62970808,630-0899%,33.1791,124.259,125.89093,126.75033599999999,125.0,126.0,2023-12-25T03:43:23.000Z,2024-01-01T01:55:14.000Z,loitering,1
e9c572cdb-b993-0082-af01-943a7e755b83,930670905,06709-5-84%,33.2084,124.2255,125.168445,126.61775,124.0,126.0,2023-12-25T03:43:37.000Z,2024-01-01T01:25:05.000Z,loitering,1
24b7954b6-64f1-7f00-b104-8bae4f97b476,60986813,,33.1443,124.2613,128.480773,129.351656,128.0,129.0,2023-12-25T03:44:09.000Z,2024-01-01T01:10:11.000Z,loitering,1
019971aac-c574-a2a5-ddaa-30ed0d4a1fbb,63001,630-0199%,33.1792,124.3067,122.979641,122.979641,122.0,122.0,2023-12-25T03:45:05.000Z,2024-01-01T00:57:24.000Z,loitering,1
ed16a1487-7bb9-9839-e1fe-047913e647f4,108004521,MIN FU YU08668A9,33.1616,124.2557,126.75033599999999,128.200352,126.0,127.0,2023-12-25T03:46:27.000Z,2024-01-01T01:15:00.000Z,loitering,1
46cc52817-73bd-2e73-21fe-b22e12f8aef4,412442673,MINFUDINGYU06706,33.1714,124.2908,125.00292999999999,124.42878900000001,124.0,124.0,2023-12-25T03:47:05.000Z,2024-01-01T05:20:29.000Z,loitering,1
352cc40ad-d11d-4e28-2e6d-8823d3f6226b,53770015,JIHUANGGANGY05377-98,33.1345,124.2752,128.205898,129.655078,127.0,129.0,2023-12-25T03:47:06.000Z,2024-01-01T01:20:04.000Z,loitering,1
a3a399519-9ceb-20b5-fe76-6775d0e8d202,96065606,YUESUIYU32209-09-64%,33.2141,124.2166,122.49394500000001,128.296508,122.0,127.0,2023-12-25T03:47:40.000Z,2024-01-01T01:23:18.000Z,loitering,1
58e8f00dc-cd04-39a9-68a2-b71fc7073a8d,96338975,ZHEDAIYU03387-7562%,33.1845,124.2155,127.45313300000001,128.902805,127.0,128.0,2023-12-25T03:48:01.000Z,2024-01-01T01:29:37.000Z,loitering,1
ee6e88f19-99bd-00d1-3611-17d33ed9e708,511207810,LIN12078--10-54%,31.3708,122.7537,13.494283,13.494283,56.0,56.0,2023-12-25T03:48:33.000Z,2024-01-06T04:34:09.000Z,loitering,1
7b8ca3418-8b14-e91e-335e-0def5308bfc4,10671653,,33.2267,124.2241,124.137625,123.511312,123.0,123.0,2023-12-25T03:50:14.000Z,2024-01-08T17:11:53.000Z,loitering,1
1729192a9-9aeb-9b58-9d49-ed255b41993b,96065634,YUESUIYU32209-08-44%,33.1142,124.3359,123.719219,132.600594,123.0,132.0,2023-12-25T03:50:17.000Z,2024-01-02T00:28:59.000Z,loitering,1
0f372623a-a733-a459-0185-d5d05bf49f66,121220010,NET12122----10--55%,33.1837,124.1654,130.559984,132.00835899999998,130.0,131.0,2023-12-25T03:51:05.000Z,2024-01-01T01:54:06.000Z,loitering,1
e458dd103-353f-1da5-a8fe-9317b9323739,66857801,,33.7475,123.9214,116.689883,116.809289,113.0,113.0,2023-12-25T03:52:09.000Z,2024-01-08T09:18:35.000Z,loitering,1
df253219a-aa17-53da-a774-4d2438a63e3b,26338761,ZHEDAIYU03387-61 8V7,33.1843,124.2163,127.45313300000001,128.292711,127.0,128.0,2023-12-25T03:52:11.000Z,2024-01-01T01:50:28.000Z,loitering,1
b6b471095-583b-2c71-cc44-bf6db374ebfe,123004562,QIONGWENYU20-71%,33.1329,124.1844,133.48678099999998,134.93704699999998,133.0,134.0,2023-12-25T03:52:49.000Z,2024-01-01T01:25:55.000Z,loitering,1
ca23659dc-c636-43bb-142a-790e237b121c,101000081,MFJY09655-00010-56%,33.2085,124.2512,123.943523,124.786688,123.0,124.0,2023-12-25T03:53:31.000Z,2024-01-01T00:43:50.000Z,loitering,1
d13af831c-c36e-5188-5094-ad08957317d2,45003012,,33.1559,124.2502,128.200352,128.200352,127.0,127.0,2023-12-25T03:53:47.000Z,2024-01-01T01:02:10.000Z,loitering,1
9515012de-e8b1-377c-9e35-e7152ba8a45e,100000243,YUESUIYU32209-22,33.2084,124.2259,125.168445,125.168445,124.0,124.0,2023-12-25T03:53:59.000Z,2024-01-01T00:47:10.000Z,loitering,1
eb6bb4110-0391-ed94-d9f3-6a4d253ffcf8,607226112,,33.1426,124.1179,138.00175,137.449781,137.0,137.0,2023-12-25T03:55:32.000Z,2024-01-02T08:18:10.000Z,loitering,1
110647e5e-e18d-721b-1106-fd20bda3a8e4,564428000,CABLE RETRIEVER,25.8644,121.3096,67.112352,68.16316400000001,65.0,66.0,2023-12-25T03:57:00.000Z,2024-01-04T19:58:09.000Z,loitering,1
bb5374d2b-b138-5bbe-e8d4-0354f25ce126,96064180,MINYU09855-49-53%,33.1218,124.3098,128.309445,128.309445,128.0,128.0,2023-12-25T03:57:12.000Z,2024-01-01T04:49:32.000Z,loitering,1
f5e236826-64e6-9d86-aeb8-097df5b2c12a,33870003,,33.1667,124.2173,129.136414,129.136414,128.0,128.0,2023-12-25T03:57:20.000Z,2024-01-01T01:00:35.000Z,loitering,1
a645b3040-0a9e-7379-4c66-325bb69c68bb,96338757,ZHEDAIYU03387-5786%,33.1756,124.2163,128.292711,129.136414,128.0,128.0,2023-12-25T03:58:44.000Z,2024-01-01T01:00:29.000Z,loitering,1
fc5dfb562-2751-292d-89e0-7965dbd63e39,932208106,32208-106-68%,33.2142,124.1983,126.215578,127.03428100000001,125.0,126.0,2023-12-25T03:58:54.000Z,2024-01-01T00:49:04.000Z,loitering,1
0f95403a0-09a2-393b-68c9-57438d84e6c9,419001265,MOHUNBAGAN 22,21.0343,87.7519,3.306348,1.521088,67.0,67.0,2023-12-25T03:58:56.000Z,2024-01-22T02:57:22.000Z,loitering,1
24a92948e-edcf-71d0-976b-00e613c37a4d,60678906,,33.2083,124.202,127.03428100000001,127.03428100000001,126.0,126.0,2023-12-25T03:59:53.000Z,2024-01-01T01:46:57.000Z,loitering,1
1a25cf5b4-4635-544d-31d8-ca1d1a47f25e,23210039,SUQIYU02321-39_8.1V,33.2084,124.215,125.786641,127.235727,125.0,126.0,2023-12-25T04:01:02.000Z,2024-01-01T00:58:22.000Z,loitering,1
dc4b407a0-054c-f684-5f25-e38c4cc3e13c,60441626,,33.0157,124.1612,145.60145300000002,145.60145300000002,145.0,145.0,2023-12-25T04:01:34.000Z,2024-01-01T03:06:16.000Z,loitering,1
1e9401a41-1298-58b8-02e5-e08d85d440a8,10671667,,33.2252,124.2183,124.767672,124.33767200000001,124.0,124.0,2023-12-25T04:04:44.000Z,2024-01-08T17:18:48.000Z,loitering,1
8dce0286b-b7e3-856b-f3af-8726dced1a3d,607226128,,33.1577,124.1346,135.536516,135.536516,135.0,135.0,2023-12-25T04:05:42.000Z,2024-01-01T01:59:45.000Z,loitering,1
28f7b9a24-4f60-0561-03ff-237ff5675ad6,921661830,YUE LEI YU 16618-30,33.211,124.2153,126.40861699999999,125.786641,126.0,125.0,2023-12-25T04:07:23.000Z,2024-01-01T00:55:48.000Z,loitering,1
374cccbb0-0a31-6e56-bc37-cf72b9bb296a,12292911,MINXIAYU01229-11,33.1839,124.1001,135.84965599999998,135.84965599999998,135.0,135.0,2023-12-25T04:08:05.000Z,2024-01-01T12:28:19.000Z,loitering,1
55e827413-3357-c6fc-7327-33657c116a54,607226110,,33.2173,124.1238,131.379219,131.513125,130.0,131.0,2023-12-25T04:08:24.000Z,2024-01-01T12:17:15.000Z,loitering,1
13b2cfe5b-b6c5-534d-a414-c93cbf918011,412427496,ZHEDAIYU06616,33.5831,124.0662,109.657758,111.81583599999999,107.0,109.0,2023-12-25T04:10:08.000Z,2024-01-01T00:44:11.000Z,loitering,1
31c02a018-89e0-2c29-48d4-a2e6b424e7dd,565990002,LURONGYU56599-2,33.1812,124.1179,134.55592199999998,134.55592199999998,134.0,134.0,2023-12-25T04:10:40.000Z,2024-01-02T08:04:47.000Z,loitering,1
debfd9e3e-ed8b-470b-0384-f8395a4565c7,607226127,,33.1541,124.1339,137.17592199999999,134.723094,136.0,134.0,2023-12-25T04:12:21.000Z,2024-01-05T20:30:07.000Z,loitering,1
0809c10f1-1794-8bbf-efab-b19030455f77,574128008,KIEM NGU-213,9.25,102.7392,184.425828,166.573062,79.0,67.0,2023-12-25T04:14:40.000Z,2024-02-06T21:09:41.000Z,loitering,1
311975b1a-aa67-c606-5efa-e3b86e3eb434,607226129,,33.1727,124.1202,135.361281,135.361281,135.0,135.0,2023-12-25T04:16:21.000Z,2024-01-02T08:16:48.000Z,loitering,1
54f3a4416-6891-272c-4201-9733f37d0246,931661971,16619-71-62%,33.2373,124.1631,127.178273,126.526461,126.0,126.0,2023-12-25T04:17:54.000Z,2024-01-05T21:38:01.000Z,loitering,1
393fe8a58-8402-4575-0336-1ae82ea0ad67,412158949,TIELONG61589-49-81%,26.7932,121.6883,87.254719,82.416648,96.0,91.0,2023-12-25T04:18:29.000Z,2024-01-08T02:03:47.000Z,loitering,1
d1f7af68d-dc64-06eb-cb23-992e8f85705e,608119011,,33.2414,124.1009,130.39329700000002,131.15840599999999,129.0,130.0,2023-12-25T04:23:02.000Z,2024-01-01T01:41:46.000Z,loitering,1
93a61b2d9-937a-da06-c8c0-b4ff6469019c,365656556,,33.214,124.1986,126.215578,127.03428100000001,125.0,126.0,2023-12-25T04:23:07.000Z,2024-01-01T01:27:36.000Z,loitering,1
98788f12e-e75f-6cea-ed23-6d7bfa879543,605885090,,33.26,124.1004,129.633227,129.633227,128.0,128.0,2023-12-25T04:27:30.000Z,2024-01-01T01:11:02.000Z,loitering,1
453ecddfd-dcb3-2025-2580-94c2eb5377e5,608119019,,33.2533,124.1135,128.278062,129.718078,127.0,129.0,2023-12-25T04:31:35.000Z,2024-01-01T16:28:18.000Z,loitering,1
af950acf0-08b8-f1f0-be35-c64f61e6697a,608119018,,33.2584,124.1159,128.278062,128.278062,127.0,127.0,2023-12-25T04:32:38.000Z,2024-01-01T16:26:56.000Z,loitering,1
ffbe67bb4-4d56-cd53-e6ed-5f485fd64b8c,200413001,ZHEDAIYU04130-1-86%,33.2086,124.1,133.482953,134.267281,132.0,133.0,2023-12-25T04:33:29.000Z,2024-01-01T01:34:49.000Z,loitering,1
1dc87cc00-0c4a-1234-5550-0c632240b572,96015355,LIAOYU26058-31,33.2497,124.067,132.437125,132.437125,131.0,131.0,2023-12-25T04:34:40.000Z,2024-01-01T01:09:40.000Z,loitering,1
335b6bfc9-906e-4923-72ba-edbccf791362,574005370,HAI DUONG 56,13.0484,96.8586,1.083231,1.552375,109.0,109.0,2023-12-25T04:37:17.000Z,2024-01-07T04:41:15.000Z,loitering,1
4167f1f57-725e-02bf-2ef9-63af09e3d852,605885093,,33.2747,124.1001,128.128492,128.87825,127.0,128.0,2023-12-25T04:38:21.000Z,2024-01-01T01:05:06.000Z,loitering,1
a98208b65-59b8-4a21-bbdf-5bf8788556ec,130672381,,33.1672,124.0847,137.94667199999998,137.94667199999998,137.0,137.0,2023-12-25T04:39:40.000Z,2024-01-01T12:35:15.000Z,loitering,1
b07013d1f-f180-1927-09dc-fa3fa7543588,96023236,ZHEDAIYU02323-0649%,30.2367,125.8018,259.730344,259.486641,277.0,276.0,2023-12-25T04:40:09.000Z,2024-01-01T06:21:49.000Z,loitering,1
288f7c554-4d57-f8f2-7eda-be38f9fd0c2d,585200701,,33.2936,124.0669,128.02525,130.207141,127.0,129.0,2023-12-25T04:40:35.000Z,2024-01-08T16:40:33.000Z,loitering,1
719e1b7d6-6b89-9e9b-6aa5-40340596c4ae,608119002,,33.2504,124.1153,129.045961,129.718078,128.0,129.0,2023-12-25T04:44:22.000Z,2024-01-01T16:21:31.000Z,loitering,1
7c5a95557-733a-256a-ed7b-40d5051b1a73,994170282,IMULA 0012NBO NET 3,-4.0858,76.0625,533.854875,545.1254379999999,451.0,437.0,2023-12-25T04:44:57.000Z,2024-01-01T11:58:30.000Z,loitering,1
690d965c9-936d-e862-6d1c-03b5e13ca63d,519980152,LURONGYU51998-15299%,37.0903,123.366,65.048957,60.957609,70.0,66.0,2023-12-25T04:46:41.000Z,2024-01-10T05:18:11.000Z,loitering,1
9251b6a1c-c22e-bfd8-b6b1-3bed798c6282,99710021,,33.0126,124.1203,147.3345,150.236141,147.0,149.0,2023-12-25T04:47:29.000Z,2024-01-01T02:12:00.000Z,loitering,1
7095e50c7-76fd-a4c4-8a5f-226e5f383b6f,210918918,15189-18-55%,35.1738,119.936,4.308884,4.308884,42.0,42.0,2023-12-25T04:47:44.000Z,2024-01-09T18:21:24.000Z,loitering,1
aa6f3b612-2f47-4205-bc8b-74ae85f2128e,519980065,LURONGYU51998-65-99%,37.081,123.3845,64.217133,64.217133,69.0,69.0,2023-12-25T04:47:49.000Z,2024-01-06T05:23:16.000Z,loitering,1
f2a3a8fca-a39d-07f9-c08c-29fa0b41a4d0,8885003,,33.3329,124.0954,125.883289,123.75401600000001,124.0,122.0,2023-12-25T04:49:13.000Z,2024-01-05T21:58:57.000Z,loitering,1
b271413b2-2c4e-5b06-b087-c267d15b1d19,200010974,,32.3923,123.49,141.86903099999998,141.86903099999998,165.0,165.0,2023-12-25T04:49:47.000Z,2024-01-01T04:47:56.000Z,loitering,1
89e8e5cf2-2d39-1390-0040-21a5b9b70d53,466005510,LUQINGXINYU66779-26,35.6047,121.0751,16.344979,16.17356,37.0,37.0,2023-12-25T04:50:16.000Z,2024-01-02T07:00:53.000Z,loitering,1
ff0788bd9-92ca-d317-26d2-a04387f5667a,608119001,,33.2691,124.0979,128.87825,129.564297,128.0,128.0,2023-12-25T04:51:51.000Z,2024-01-01T16:15:43.000Z,loitering,1
7399a6cd8-839d-913e-f333-66c779b71edb,200413003,ZHEDAIYU04130-3-86%,33.2059,124.1193,132.166516,132.166516,131.0,131.0,2023-12-25T04:52:49.000Z,2024-01-02T08:11:14.000Z,loitering,1
588adff8d-d5ce-1190-477e-4e53a8614729,398107215,YDJ 209-6  100%,-12.1181,155.7664,404.235656,484.803344,187.0,184.0,2023-12-25T04:54:01.000Z,2024-01-01T11:37:28.000Z,loitering,1
c632910d5-5f17-7bfe-bca7-ff8d0e79ad14,922088802,ZHEDAIYU20888-2-91%,33.3762,124.0873,119.486125,123.873094,118.0,122.0,2023-12-25T04:56:06.000Z,2024-01-05T16:33:43.000Z,loitering,1
872c3b713-3c94-2274-98b7-d83e2152fb3d,44080201,,34.0211,124.0007,103.305742,105.064125,99.0,100.0,2023-12-25T04:58:08.000Z,2024-01-01T08:23:43.000Z,loitering,1
9a0da8ee6-6419-1fe4-0e22-034ca52f01e3,230399807,3998-7-99%,35.1631,119.9511,4.262808,4.262808,44.0,44.0,2023-12-25T04:59:10.000Z,2024-01-09T08:13:29.000Z,loitering,1
5f415ff67-74ed-9b93-52cd-b183afc93715,412437892,ZHEXIANGYU40049,35.6055,124.3521,127.66683599999999,128.55675,125.0,126.0,2023-12-25T05:02:53.000Z,2024-01-02T04:59:37.000Z,loitering,1
3fdca3329-9a8d-769b-5b8a-50fdce145b47,52288359,ZHESHENGYU05228-57V5,33.3768,124.0821,120.21060899999999,123.873094,119.0,122.0,2023-12-25T05:06:18.000Z,2024-01-05T17:01:03.000Z,loitering,1
45ad1a05a-a6a9-23a5-6fd5-18ba507d37d2,901453010,SHENG01453-1099%,31.1511,122.8767,5.816122999999999,4.758622,38.0,35.0,2023-12-25T05:16:39.000Z,2024-01-01T03:04:54.000Z,loitering,1
5fd64be81-128c-e983-af06-9b43c588216d,302333226,02333-226-91%,33.8227,123.7731,131.226844,123.768852,127.0,120.0,2023-12-25T05:19:53.000Z,2024-01-01T09:53:00.000Z,loitering,1
6f8d960ed-d7c2-0243-377e-5346f88b557f,202333214,02333-214-96%,33.826,123.7709,131.226844,124.67632,127.0,121.0,2023-12-25T05:21:25.000Z,2024-01-02T02:50:15.000Z,loitering,1
c8bcbbcc0-047c-5dc2-fbf5-50c1ae321990,271046008,FATIH,42.8631,31.219,153.490188,153.490188,154.0,154.0,2023-12-25T05:22:08.000Z,2024-01-09T23:26:56.000Z,loitering,1
aac097513-36fc-6efb-75d9-d861222c79a9,112921271,ZHE21271-11_8.2V,31.2235,122.7032,0.0,0.0,39.0,39.0,2023-12-25T05:24:18.000Z,2024-01-01T05:02:43.000Z,loitering,1
82c75a127-7a34-1148-ce43-d9de2c64c0ba,9870007,,33.2544,124.0228,135.171547,135.901266,134.0,135.0,2023-12-25T05:28:51.000Z,2024-01-01T11:40:36.000Z,loitering,1
6c7405c15-5c84-ae2b-afc4-62a549963f6a,994230001,994230001         9V,-3.0651,59.3406,385.278875,457.81968800000004,374.0,451.0,2023-12-25T05:41:01.000Z,2024-01-01T00:42:02.000Z,loitering,1
9df5ba4e1-178f-cd01-c6f3-a410fefd91ce,413166659,ZHELINYU31666-59-62%,31.427,122.7422,18.176318,18.176318,63.0,63.0,2023-12-25T05:41:24.000Z,2024-01-04T07:30:44.000Z,loitering,1
c1c7067a5-5674-accd-3a35-23f6eca73335,412426328,ZHE DAI YU 01166,30.2808,125.838,261.380094,263.2625,279.0,281.0,2023-12-25T05:44:12.000Z,2024-01-01T05:48:04.000Z,loitering,1
119eeda7f-fe55-a081-0192-bab8ba13e1b8,701453034,SHENG01453-34,31.1608,122.8738,5.816122999999999,4.885587999999999,38.0,37.0,2023-12-25T05:56:24.000Z,2024-01-01T02:59:57.000Z,loitering,1
307feff6f-f561-b671-b920-224a9af37e71,668116226,LEO,1.8633,104.7464,35.593441,38.91175,59.0,61.0,2023-12-25T05:58:59.000Z,2024-01-05T14:32:15.000Z,loitering,1
aa6b9dba5-580f-c867-85ce-9b3bfbeec636,661978836,LIN19788--36,31.2303,122.7055,1.111949,1.111949,40.0,40.0,2023-12-25T05:59:45.000Z,2024-01-03T01:13:03.000Z,loitering,1
48806649a-a757-eedb-7b1a-2c5ab71e718d,994166171,994166171         9V,-3.0333,61.4831,626.917375,660.11025,621.0,654.0,2023-12-25T06:16:58.000Z,2024-01-02T23:59:04.000Z,loitering,1
ce2d8e0df-f57c-c0e0-ff03-9babcfbf80e2,801429077,SHENG01429-77,31.1801,122.9449,12.808561,11.471698,45.0,41.0,2023-12-25T06:20:31.000Z,2024-01-01T21:28:17.000Z,loitering,1
4ebb9a66b-b8d4-ec1c-31c6-0efb2caf490a,233012029,26366-6-81%,37.8741,122.8667,51.258089999999996,51.258089999999996,52.0,52.0,2023-12-25T06:21:32.000Z,2024-02-12T05:53:23.000Z,loitering,1
1929894b8-8a16-4ff4-1fbd-25c42b3141f6,994161258,994161258         9V,-12.5629,117.5347,414.08925,418.803812,343.0,374.0,2023-12-25T06:41:43.000Z,2024-01-09T17:55:56.000Z,loitering,1
a1ff2b823-3d08-5948-6752-a5f4ea5fd781,801429080,SHENG01429-80,31.1832,122.9644,14.040237999999999,14.31535,46.0,43.0,2023-12-25T06:44:46.000Z,2024-01-01T20:10:56.000Z,loitering,1
9a1cc6a54-4ef1-1ef1-cae7-e8dedf4ca682,228202350,HOPE`CEAN,13.0434,-29.224,90.025992,1082.1575,58.0,1054.0,2023-12-25T06:45:16.000Z,2024-02-03T09:40:19.000Z,loitering,1
d1b2fc96e-ed75-77af-9946-45d2de3d454b,20046611,,33.5636,123.0564,175.152297,171.778578,195.0,197.0,2023-12-25T06:53:59.000Z,2024-01-01T02:41:48.000Z,loitering,1
cbb1ab608-8800-e929-694e-b265abc38e52,60335696,,33.5015,123.0418,169.09373399999998,167.82959400000001,198.0,197.0,2023-12-25T06:55:47.000Z,2024-01-02T00:59:25.000Z,loitering,1
1e2ea4de3-32b2-5fcc-4432-acb2b77a579e,14190156,NET156-ZSY0141999%,31.2146,122.9323,12.250611000000001,11.848327,45.0,46.0,2023-12-25T06:58:29.000Z,2024-01-01T14:39:54.000Z,loitering,1
e7c37971c-c9ef-981a-ee76-48b47faee5c7,636019386,DELTA ANGELICA,1.6361,105.2615,78.049141,78.388836,82.0,83.0,2023-12-25T06:58:30.000Z,2024-01-06T00:59:42.000Z,loitering,1
62e9aca94-4b61-7e90-adf4-1daf05cc7b02,801429073,SHENG01429-73,31.2005,122.9503,12.808561,13.141463,45.0,46.0,2023-12-25T07:00:19.000Z,2024-01-01T13:52:34.000Z,loitering,1
21b2b39bb-bc24-512d-3a66-53d941f47562,60335689,,33.547,123.0409,171.6805,171.026625,197.0,198.0,2023-12-25T07:00:26.000Z,2024-01-01T12:21:40.000Z,loitering,1
252b85242-2f8d-e453-6311-70942d028a3b,238800119,SUQIYU02388-119-88%,33.5125,122.9541,162.327078,162.327078,193.0,193.0,2023-12-25T07:03:36.000Z,2024-01-01T11:39:39.000Z,loitering,1
77140e563-37a9-93a7-ce29-f090a976d018,51335688,SUQIYU03356----88,33.5183,123.0331,172.339062,166.437109,197.0,197.0,2023-12-25T07:04:35.000Z,2024-01-02T01:11:18.000Z,loitering,1
5b566abc7-7fe2-de16-ddd3-170c0da12c81,14190157,NET157-ZSY0141999%,31.2172,122.9845,16.616176,15.581629000000001,49.0,47.0,2023-12-25T07:07:57.000Z,2024-01-05T12:57:57.000Z,loitering,1
6efb6cf0e-efe7-feed-f566-27daee9f6819,14690136,NET-ZSY01469-136-99%,31.2324,122.9354,12.408547,13.220384,47.0,47.0,2023-12-25T07:13:10.000Z,2024-01-01T09:14:24.000Z,loitering,1
beb96906a-a3a1-e3e3-8381-b023ca96d45d,23406004,SUQIYU03406-4_8.1V,33.5418,123.0935,174.803688,175.564156,193.0,193.0,2023-12-25T07:14:19.000Z,2024-01-01T13:18:09.000Z,loitering,1
464ebb789-9351-cc34-94f7-f3fda36aafa0,238800120,SUQIYU02388-120-99%,33.4944,122.9556,161.758875,161.758875,192.0,192.0,2023-12-25T07:15:27.000Z,2024-01-01T11:46:03.000Z,loitering,1
45bc67304-40cb-3029-6b75-e8051bcce587,99340644,SUQIYU03406--44  7V4,33.53,123.0908,174.169062,174.169062,194.0,194.0,2023-12-25T07:16:39.000Z,2024-01-01T12:34:42.000Z,loitering,1
d80b568d1-1fb5-af94-a68c-8d6d9401234e,303486135,SUQIYU03486-135-33%,33.4415,123.0028,162.88578099999998,160.433234,193.0,191.0,2023-12-25T07:18:50.000Z,2024-01-10T06:25:06.000Z,loitering,1
7c6b82224-42bc-29b2-760c-5c87714957e1,23797321,SUQIYU02379-21_8.1V,33.4494,123.9805,125.52082,125.52082,123.0,123.0,2023-12-25T07:19:02.000Z,2024-01-01T01:25:11.000Z,loitering,1
5e060f1fd-d9a0-2b60-0977-8fb24df9ddb4,20121040,SUQIYU03310---40 7V9,33.5101,123.0124,166.821844,166.821844,197.0,197.0,2023-12-25T07:19:42.000Z,2024-01-01T12:16:18.000Z,loitering,1
533ab6ea5-5f71-c219-65f2-4620e8ac6db7,303486125,SUQIYU03486-125-70%,33.4023,123.0018,159.239359,159.239359,189.0,189.0,2023-12-25T07:25:47.000Z,2024-01-03T15:55:48.000Z,loitering,1
55af83d1f-f677-12d9-0202-7ea75129c12f,367304000,ODYSSEA SQUIRE,28.1204,-90.1972,1.111949,3.47703,106.0,104.0,2023-12-25T07:29:11.000Z,2024-01-02T06:58:16.000Z,loitering,1
07ad25ba5-5898-3114-2575-1138a9426c56,60335692,,33.5101,123.0399,170.377516,167.82959400000001,198.0,197.0,2023-12-25T07:29:21.000Z,2024-01-02T00:50:43.000Z,loitering,1
d752392c8-8c2b-dc58-2811-cc425962af5f,303486122,SUQIYU03486-122-59%,33.3768,123.0034,158.067781,158.067781,188.0,188.0,2023-12-25T07:30:03.000Z,2024-01-08T06:28:45.000Z,loitering,1
c1bd15209-9f48-d150-7e7a-66b5fa256cb7,3618081,SUQIYU03618-81_7.2V,28.258,125.7651,308.7375,224.40515599999998,265.0,167.0,2023-12-25T07:31:52.000Z,2024-01-03T23:25:43.000Z,loitering,1
c086e576f-fb1a-843a-47e8-f1669ad09c15,238800101,SUQIYU02388-101-61%,33.472,122.9531,159.709438,159.709438,190.0,190.0,2023-12-25T07:32:24.000Z,2024-01-08T07:14:09.000Z,loitering,1
fee3c572d-d8e3-5540-98ee-82fcc6ed6880,123456476,ZHEDAIYU15518-1,33.464,122.9374,158.95439100000002,158.30954699999998,190.0,189.0,2023-12-25T07:32:34.000Z,2024-01-05T04:27:28.000Z,loitering,1
1de4c1e75-5685-1095-4f2c-e9641d7634ce,335648,SUQIYU03356-48_8.0V,33.4689,123.0222,168.45918799999998,161.648859,198.0,192.0,2023-12-25T07:33:09.000Z,2024-01-02T01:27:20.000Z,loitering,1
3da03e470-02dd-f805-18ae-fbdbb9ce7e79,994271367,994271367         9V,-7.642,137.5529,48.429621,47.128988,45.0,43.0,2023-12-25T07:33:41.000Z,2024-01-01T01:17:00.000Z,loitering,1
e81792d2d-dd84-9668-b466-5631ae12bf09,99340641,SUQIYU03406--41  7V9,33.4721,123.0927,170.464109,170.464109,196.0,196.0,2023-12-25T07:35:02.000Z,2024-01-01T12:14:32.000Z,loitering,1
51c224041-1ae6-39a6-0db8-3760dddfc591,34860023,SUQIYU03486-23-96%,33.4409,123.0026,162.264688,161.03835899999999,193.0,191.0,2023-12-25T07:38:09.000Z,2024-01-09T23:05:48.000Z,loitering,1
821b701e2-23dc-2636-2b93-1185a0d12aff,23880007,SUQIYU02388--0751%,33.4682,122.9526,159.709438,159.709438,190.0,190.0,2023-12-25T07:39:02.000Z,2024-01-05T04:22:37.000Z,loitering,1
f24ac145a-a4ee-cbcd-a975-75edc97088c0,89331006,SUQIYU03310---06,33.5347,123.0118,168.123484,168.123484,199.0,199.0,2023-12-25T07:40:00.000Z,2024-01-01T11:38:58.000Z,loitering,1
8eeb7c3b3-3cbb-c40f-ed83-e53a956f7dd2,303486123,SUQIYU03486-123-66%,33.3608,122.9999,156.918938,156.918938,187.0,187.0,2023-12-25T07:42:58.000Z,2024-01-05T05:05:01.000Z,loitering,1
7f1b750c7-76ce-5611-b363-5a52a0f73b09,23880049,SUQIYU02388-49_7.3V,33.4292,122.9372,156.406453,156.406453,187.0,187.0,2023-12-25T07:43:45.000Z,2024-01-05T04:36:50.000Z,loitering,1
547b071d8-8bdc-2e64-1a8c-5309ff1ab9fa,20028891,SUQIYU02388---91 7V4,33.5062,122.9542,162.327078,161.665156,193.0,192.0,2023-12-25T07:44:48.000Z,2024-01-08T06:54:13.000Z,loitering,1
f5110d8b5-5c4f-2187-9306-75d8e15e9ab6,238800121,SUQIYU02388-121-97%,33.4996,122.9555,162.41270300000002,162.41270300000002,193.0,193.0,2023-12-25T07:45:05.000Z,2024-01-01T11:40:27.000Z,loitering,1
0a48710d6-6e4e-e490-0d3d-865f9cb60ece,168804123,BUOY-17  77%,-2.065,-21.3499,971.757562,1040.28575,970.0,1039.0,2023-12-25T07:48:51.000Z,2024-01-02T02:08:04.000Z,loitering,1
cd56ecd44-4fa8-99b0-a9a2-1f0856cf5589,20238802,SUQIYU02388---02 7V5,33.4551,122.953,159.067734,158.431234,190.0,189.0,2023-12-25T07:49:36.000Z,2024-01-05T04:19:31.000Z,loitering,1
cb1b7f5b6-6b21-cb53-fb17-cfb9883ead09,168805298,BUOY-21  100%,-2.2615,-21.5042,943.346625,1069.761625,942.0,1069.0,2023-12-25T07:49:59.000Z,2024-01-05T18:53:12.000Z,loitering,1
beb34b9ca-a770-6bff-b4cb-07bb649283ee,223356051,SUQIYU03356-51_8.1V,33.5217,123.0359,169.733203,170.377516,198.0,198.0,2023-12-25T07:50:04.000Z,2024-01-01T11:20:04.000Z,loitering,1
2fd122398-8a02-c4b8-e3f8-d1e40e362e00,23880040,SUQIYU02388--4057%,33.466,122.9522,159.709438,159.709438,190.0,190.0,2023-12-25T07:53:56.000Z,2024-01-03T04:08:59.000Z,loitering,1
4e44e208c-c6db-21fe-f249-9e3e59cf3fc9,34860089,SUQIYU03486A89-75%,33.4225,123.0027,162.423734,159.83354699999998,193.0,190.0,2023-12-25T07:55:30.000Z,2024-01-09T22:55:10.000Z,loitering,1
edf5d4f7a-acc4-f9ad-74ae-683a3e4653ad,34860027,LUQINGYU03486-27_7.7,33.4293,123.0027,161.03835899999999,161.03835899999999,191.0,191.0,2023-12-25T07:56:31.000Z,2024-01-01T07:42:30.000Z,loitering,1
f6263a88b-b6bd-b660-d584-c67548d2bc12,470709000,RIG AL BZOOM,24.9412,53.7384,0.0,2.223899,56.0,57.0,2023-12-25T07:58:08.000Z,2024-01-30T04:59:13.000Z,loitering,1
cc196554e-e0f0-552c-7711-f93e06220493,202333220,02333-220-89%,33.8348,123.7149,141.231406,124.20171099999999,137.0,120.0,2023-12-25T07:58:11.000Z,2024-01-01T10:01:12.000Z,loitering,1
f5963c247-7771-c326-e281-a7b3a25ea19d,59049104,HERMAN-1 48%,-6.8161,136.1092,139.344766,163.659484,135.0,158.0,2023-12-25T07:58:15.000Z,2024-01-02T03:24:04.000Z,loitering,1
d53f04b23-383b-dc72-0bfa-f74bfa9353af,910000031,BOHAI-31-78%,37.5853,122.9502,38.580246,31.415135,39.0,32.0,2023-12-25T07:58:32.000Z,2024-01-21T21:23:33.000Z,loitering,1
ab3b0d234-4464-8aae-5a48-ef9fc1046700,242198324,ZHELINYU21983-A24-,31.476,122.6126,11.597222,11.597222,67.0,67.0,2023-12-25T07:59:56.000Z,2024-01-09T08:56:48.000Z,loitering,1
3676e1a0a-ab32-bb3c-17ef-6738be1c68ea,210268816,02688-16-84%,33.815,123.6475,147.49932800000002,131.445,144.0,127.0,2023-12-25T07:59:59.000Z,2024-01-02T02:42:35.000Z,loitering,1
f038a184e-e6af-3d91-888c-6d3f32ed6f6c,210233315,02333-15-94%,33.8426,123.7046,142.14120300000002,124.67632,138.0,121.0,2023-12-25T08:01:50.000Z,2024-01-02T02:37:54.000Z,loitering,1
0ecd8d25a-a60d-634a-e3fd-8ee108b14477,302333224,02333-224-89%,33.8325,123.7038,143.245047,124.886523,139.0,121.0,2023-12-25T08:05:09.000Z,2024-01-02T02:46:49.000Z,loitering,1
3e99acea9-968d-8d3a-e771-7c147703ff92,112388084,SUQIYU02388-84_8.0V,33.4692,122.9387,158.95439100000002,158.95439100000002,190.0,190.0,2023-12-25T08:09:06.000Z,2024-01-07T17:38:11.000Z,loitering,1
e9f6f2195-5d41-a1ca-726e-c2f318d12375,202333212,02333-212-98%,33.832,123.6981,143.44725,124.67632,139.0,121.0,2023-12-25T08:10:40.000Z,2024-01-02T02:45:15.000Z,loitering,1
c72ae22a5-5798-c07c-f40d-5f98e43249e7,20238807,SUQIYU02388---07 7V5,33.4235,122.937,155.782797,155.782797,186.0,186.0,2023-12-25T08:11:05.000Z,2024-01-05T04:36:12.000Z,loitering,1
f4488a476-674f-a85a-ebe8-47f3c90e1ae9,638215911,ZHE LIN  YU 21591-1,33.2952,123.8839,140.655469,145.26415599999999,139.0,144.0,2023-12-25T08:12:20.000Z,2024-01-01T01:02:11.000Z,loitering,1
017c44dc5-5a05-5c11-5748-8684f4f1b80c,210233364,02333-64-85%,33.8257,123.6868,143.44725,126.91610899999999,139.0,123.0,2023-12-25T08:12:27.000Z,2024-01-02T02:53:25.000Z,loitering,1
29d5cbc45-5ae5-4b34-ca93-23b801196e5c,10670727,,33.9375,123.9838,106.860711,105.805617,103.0,102.0,2023-12-25T08:13:12.000Z,2024-01-05T20:13:48.000Z,loitering,1
f58d2ba5d-d36e-0383-92bf-10f617338512,219017947,FRB 90,55.4951,5.1405,2.5561700000000003,2.556012,184.0,186.0,2023-12-25T08:15:04.000Z,2024-01-01T07:31:04.000Z,loitering,1
d902331a6-63cc-4e8e-5fb6-d139f19eca9b,103486076,SUQIYU03486A76-72%,33.4538,123.0019,162.264688,162.264688,193.0,193.0,2023-12-25T08:17:06.000Z,2024-01-05T04:34:45.000Z,loitering,1
07bc125f8-8cbf-b25c-35e8-ce0efd0a2d0c,202688115,02688-115-96%,33.818,123.6402,148.405531,130.327562,144.0,126.0,2023-12-25T08:17:43.000Z,2024-01-01T09:56:30.000Z,loitering,1
8fa773f7c-c84b-9349-ac2e-f6b2ea51331a,25566005,,33.8702,124.014,104.310906,105.21618799999999,100.0,101.0,2023-12-25T08:22:38.000Z,2024-01-01T09:18:59.000Z,loitering,1
e8d651c3c-c5fd-c76f-6c30-e9761c2e6383,381207818,LIN12078-18-50%,31.3249,122.7428,8.190498999999999,9.118962,51.0,52.0,2023-12-25T08:30:09.000Z,2024-01-10T12:01:18.000Z,loitering,1
6e0aa90c6-696d-6c89-1a50-55d098d9249a,201,YU.WANG.QU-05,35.0631,119.9383,7.185713,7.185713,50.0,50.0,2023-12-25T08:33:32.000Z,2024-01-14T23:34:13.000Z,loitering,1
812f9e394-4e5b-8cd5-4ec3-99910cb0e5df,10683523,,37.6841,122.9352,38.605012,41.333262000000005,40.0,39.0,2023-12-25T08:45:38.000Z,2024-01-06T01:07:51.000Z,loitering,1
380dc963b-b296-760c-dfac-1276d3a6a497,994071668,994071668         9V,-6.9356,83.1304,1193.416375,1173.46875,1186.0,1166.0,2023-12-25T08:49:36.000Z,2024-01-01T23:50:56.000Z,loitering,1
0af0b2cba-af79-b5fb-5243-14ae6f7c3b4f,230399806,3998-6-53%,35.1571,119.9531,4.262808,4.262808,44.0,44.0,2023-12-25T08:50:37.000Z,2024-01-08T23:14:48.000Z,loitering,1
52a83062b-bbe8-9cd1-07d0-7118f39acb4a,910000038,BOHAI-38-99%,37.6832,123.0334,43.555156000000004,43.555156000000004,42.0,42.0,2023-12-25T08:53:29.000Z,2024-01-31T18:23:34.000Z,loitering,1
8a7d91800-0478-7d09-6c06-a54d52d44244,615888005,TIELONG15888-5-99%,22.3333,116.2926,63.100031,63.55935899999999,58.0,59.0,2023-12-25T08:55:05.000Z,2024-01-02T16:36:36.000Z,loitering,1
f9d41faba-a2fb-dbbd-34c6-1417e8b5d0e3,220848012,04480-12-52%,34.7985,123.5466,144.94282800000002,157.300359,144.0,156.0,2023-12-25T08:56:23.000Z,2024-01-01T17:27:18.000Z,loitering,1
cc77e585b-b33b-8a6f-5f5b-b206714de2d9,910000032,BOHAI-32-77%,37.5774,123.066,40.14175,40.14175,38.0,38.0,2023-12-25T08:56:25.000Z,2024-01-12T07:28:57.000Z,loitering,1
c11bc0648-850c-336e-08f1-0ab8b1b02d86,910000039,BOHAI-39-99%,37.6928,123.0247,43.515891,43.515891,42.0,42.0,2023-12-25T09:03:00.000Z,2024-01-15T23:32:33.000Z,loitering,1
eeb269d3d-df68-1cbf-f855-ad2d66edfefd,994177828,IMULA 1208 MTR BU-3,-3.7205,66.8562,723.0135,736.8170620000001,562.0,573.0,2023-12-25T09:05:21.000Z,2024-01-01T08:34:58.000Z,loitering,1
936412c09-90b9-167f-e3b8-9fa183774bcc,412187114,TIELONG61871-14-79%,27.0038,121.6987,70.51632799999999,63.573316,83.0,72.0,2023-12-25T09:07:28.000Z,2024-01-06T23:05:28.000Z,loitering,1
38d46d996-62b5-8015-e651-c3160f39f4e3,550230011,LIAOYING55023-11-99%,37.5988,123.1024,43.585781000000004,43.585781000000004,41.0,41.0,2023-12-25T09:11:29.000Z,2024-01-05T13:50:12.000Z,loitering,1
fe6281ba7-7514-4ccc-13b5-0e05edb6b2e3,550230015,LIAOYING55023-15-99%,37.5984,123.0697,40.796859,41.333262000000005,39.0,39.0,2023-12-25T09:12:42.000Z,2024-01-05T13:55:36.000Z,loitering,1
67844f185-5bd4-92f7-eae9-86e2a31f9269,412196151,TIELONG61961-51-67%,26.0364,121.244,77.422656,81.358961,79.0,79.0,2023-12-25T09:13:09.000Z,2024-01-04T09:00:16.000Z,loitering,1
b799840f3-3320-ac9c-6831-2f3f1ea4591a,910000041,BOHAI-41-99%,37.7059,123.0113,44.239839999999994,44.239839999999994,43.0,43.0,2023-12-25T09:13:56.000Z,2024-01-04T07:18:46.000Z,loitering,1
46dd388b8-8e43-98d6-ec62-bff195bd555a,311210024,YOULONG-31121-24-99%,37.6478,123.1272,48.69848,47.368945,47.0,45.0,2023-12-25T09:15:31.000Z,2024-01-05T21:59:06.000Z,loitering,1
6c1add6ce-e59f-bff9-6b46-82255c6a387a,995001203,H-0003JJ          9V,-17.0583,-34.6796,550.706875,509.599719,436.0,442.0,2023-12-25T09:28:06.000Z,2024-01-05T00:30:13.000Z,loitering,1
b5239f301-1017-8893-e2b8-7d786489ee09,921979013,ZLY21979-1367%,31.5618,122.6067,10.104519,26.394068,66.0,70.0,2023-12-25T09:32:14.000Z,2024-01-03T14:34:14.000Z,loitering,1
d9d4b09af-fe52-5069-be50-7a439db4f8f1,311210002,YOULONG-31121-02-99%,37.6547,123.1918,53.984992,53.049285000000005,52.0,51.0,2023-12-25T09:32:43.000Z,2024-01-12T06:04:46.000Z,loitering,1
76fde2957-7cba-de5d-ad2a-4572767b91a1,26880067,NET02688--67--73%,33.8044,123.7032,138.027578,130.538758,134.0,127.0,2023-12-25T09:34:29.000Z,2024-01-01T10:22:14.000Z,loitering,1
f4fe90f64-4b34-6450-b0bf-a8625fe76c29,518881111,51888-1-49%,37.827,122.9083,49.370315999999995,48.482938000000004,50.0,49.0,2023-12-25T09:36:07.000Z,2024-02-02T14:39:39.000Z,loitering,1
488f6a642-26e0-1848-40e1-7d390eb1b86d,510970006,51097-06-99%,37.7525,123.331,69.51195299999999,69.51195299999999,67.0,67.0,2023-12-25T09:42:25.000Z,2024-01-06T08:26:47.000Z,loitering,1
875d9ead6-6cf5-0a99-39d1-057cca22920e,412643852,TIELONG64385-2-68%,21.5722,114.8758,74.9305,95.329266,71.0,96.0,2023-12-25T09:42:59.000Z,2024-01-03T23:11:08.000Z,loitering,1
2d381c5fd-dc91-f437-8ca7-1c451197da23,412178919,TIELONG61789-19-40%,22.4009,116.0978,47.912875,51.63825,44.0,48.0,2023-12-25T09:45:47.000Z,2024-01-01T15:35:00.000Z,loitering,1
fa6142965-5fef-a4b3-0c02-d8b3222842ad,150200003,LIAODAHUA15020-0388%,37.4715,123.3322,61.455336,52.416656,61.0,53.0,2023-12-25T09:45:54.000Z,2024-01-06T08:15:55.000Z,loitering,1
57120c799-93d7-385e-c122-67869b230b43,910000045,BOHAI-45-87%,37.7384,122.9865,45.230953,45.230953,45.0,45.0,2023-12-25T09:55:24.000Z,2024-01-21T11:10:16.000Z,loitering,1
84dc897c2-2247-17ff-a25a-9c95bd2c03b6,232198314,LIN21983-A14--56%,31.4769,122.5943,10.104519,10.104519,66.0,66.0,2023-12-25T10:05:52.000Z,2024-01-11T17:08:50.000Z,loitering,1
5c97ce914-4ec3-032d-336f-636ae75adb99,123003646,15020-692%,37.5761,123.3699,63.568988,63.172711,63.0,62.0,2023-12-25T10:16:17.000Z,2024-01-05T21:09:29.000Z,loitering,1
144784f40-0c5b-289a-fae4-ce20f7e40d99,412353483,SU GAN YU 04005,34.8566,123.6196,139.068609,151.193094,138.0,150.0,2023-12-25T10:23:05.000Z,2024-01-01T19:13:40.000Z,loitering,1
24fd93d27-7f7c-fe7f-6a7c-7fa97bbff746,123003683,15020-789%,37.5562,123.3698,62.793621,62.432043,62.0,62.0,2023-12-25T10:26:47.000Z,2024-01-05T21:22:38.000Z,loitering,1
3852f8789-953c-1758-3c0d-c4b14b4993e9,44980017,SUQIYU04498*017_7.7V,32.5769,123.1889,132.833953,132.833953,148.0,148.0,2023-12-25T10:43:40.000Z,2024-01-08T02:01:00.000Z,loitering,1
d79eaee4b-baf5-497a-eff7-9aaab0b8a0ea,804498005,SUQIYU04498*005_7.8V,32.6024,123.1899,132.833953,134.5475,148.0,150.0,2023-12-25T10:47:23.000Z,2024-01-10T06:39:17.000Z,loitering,1
1b6ea53ac-c8b3-2e3c-c7b9-91b4972848c5,36582623,SURUYU05826-23_7.9V,32.6001,123.1901,132.025047,135.45090599999997,147.0,151.0,2023-12-25T10:50:51.000Z,2024-01-10T07:16:30.000Z,loitering,1
df9306467-734e-611f-0303-186c9151095e,994071652,994071652         1V,-13.9454,106.9481,420.725531,409.483656,406.0,394.0,2023-12-25T10:55:46.000Z,2024-01-13T02:28:48.000Z,loitering,1
0529c1903-3433-f849-baed-4295afbd09f1,234610577,YU.WANG.QU.627-06,35.1329,119.9327,0.0,3.8039929999999997,42.0,46.0,2023-12-25T10:56:31.000Z,2024-02-12T02:14:48.000Z,loitering,1
6fd3567e8-891c-d701-2ee1-2a0bf0a26c4b,10449842,SUQIYU04498*42_7.6V,32.6038,123.1903,132.425453,135.45090599999997,148.0,151.0,2023-12-25T11:02:50.000Z,2024-01-10T07:29:16.000Z,loitering,1
c6b6008ff-f4be-bc44-df82-1824e0e0efb7,415359905,35999-5-76%,38.4855,121.6536,37.469714999999994,37.469714999999994,39.0,39.0,2023-12-25T11:23:46.000Z,2024-01-07T09:45:36.000Z,loitering,1
c05580c63-359e-8f10-cb97-f4f7657195e7,123038824,ZHELINYU21689-11-66%,31.4205,122.7594,18.773365000000002,18.773365000000002,62.0,62.0,2023-12-25T11:23:47.000Z,2024-01-01T17:35:18.000Z,loitering,1
c3cd82dbf-ff22-c774-f97f-7d1a65bae306,994171538,IMULA 0772CHW NET 1,-10.471,75.7115,539.154562,490.641156,526.0,475.0,2023-12-25T11:26:20.000Z,2024-01-03T13:41:38.000Z,loitering,1
24733d4e8-864a-c4e2-2ea6-08918852f7c5,412326980,SUQIYU03269-80-52%,32.299,123.2952,122.164875,122.743852,144.0,145.0,2023-12-25T11:36:52.000Z,2024-01-08T00:19:32.000Z,loitering,1
3a65f9fa6-6c22-4b88-9a29-af39ecd06f9c,222500194,SANDEMARINE-95%,-6.9144,137.6717,87.20347699999999,127.894266,45.0,125.0,2023-12-25T11:43:56.000Z,2024-01-03T03:16:21.000Z,loitering,1
9effcaf6b-bc72-be73-2683-d04937aba6c1,804422019,SUQIYU04422*019_7.9V,32.3442,123.1895,121.279359,120.344844,137.0,137.0,2023-12-25T11:46:32.000Z,2024-01-10T08:39:48.000Z,loitering,1
935f50393-30e2-c81b-8ce7-3fb69dcf72e7,804422020,SUQIYU04422*020_7.6V,32.3484,123.1893,121.279359,121.279359,137.0,137.0,2023-12-25T11:46:48.000Z,2024-01-10T08:54:08.000Z,loitering,1
18a5c58dc-cc0f-d002-889e-d57e50f21d23,752260043,75226-43-99%,37.5569,123.5121,71.01580499999999,79.08685899999999,70.0,79.0,2023-12-25T11:47:00.000Z,2024-01-21T22:58:27.000Z,loitering,1
e89139f49-919c-eec2-2710-484e2fabe27d,123003678,15020-299%,37.5723,123.3551,60.306836000000004,63.568988,59.0,63.0,2023-12-25T11:47:47.000Z,2024-01-13T10:00:37.000Z,loitering,1
8615dd005-5eca-d254-e932-e5a75b670257,412326974,SUQIYU03269-74-64%,32.266,123.2963,117.824094,121.871961,142.0,145.0,2023-12-25T11:48:18.000Z,2024-01-10T08:51:55.000Z,loitering,1
0951d00bd-dacc-2915-04df-e959ab3767ab,44228055,SUQIYU04422*55_8.1V,32.3303,123.1899,119.413367,119.413367,137.0,137.0,2023-12-25T11:48:31.000Z,2024-01-01T12:26:42.000Z,loitering,1
448a90695-53c8-4a74-bc3a-dc6ea68bdec5,32690006,SUQIYU03269-06-99%,32.3227,123.2963,121.28876600000001,127.15948399999999,144.0,147.0,2023-12-25T11:50:18.000Z,2024-01-10T08:59:24.000Z,loitering,1
59f8cfe43-341d-49e8-e67b-9e9de05d6d2a,27660052,SUGANYU02766-52-99%,31.5091,125.5042,200.529125,207.139062,197.0,203.0,2023-12-25T11:52:43.000Z,2024-01-02T03:20:07.000Z,loitering,1
009c0437d-d276-b362-63ce-a6e8b24d6279,96054628,SUGANYU02822-A20-42%,32.0028,124.8339,191.0585,189.873312,188.0,188.0,2023-12-25T11:52:45.000Z,2024-01-01T07:44:18.000Z,loitering,1
faa73899c-c1c8-0ea8-3a77-a7a073af4da7,32690061,SUQIYU03269-61   7V7,32.2334,123.2949,114.42742999999999,118.424625,141.0,143.0,2023-12-25T11:54:55.000Z,2024-01-10T09:10:53.000Z,loitering,1
87b194fd4-4eeb-c589-183c-24156ceb5225,804422010,SUQIYU04422*010_8.1V,32.3351,123.1894,120.344844,119.413367,137.0,137.0,2023-12-25T11:57:00.000Z,2024-01-10T08:59:37.000Z,loitering,1
5c157f2a0-031a-2c38-7543-1ad6e5cfcec6,525008097,SERUI,29.5902,122.7122,14.469966000000001,14.469966000000001,41.0,41.0,2023-12-25T11:58:00.000Z,2024-01-04T18:58:34.000Z,loitering,1
d224253f1-1662-02d5-710a-529d75576aa1,10644418,,34.0862,123.9937,105.94907,103.364617,101.0,98.0,2023-12-25T11:59:48.000Z,2024-01-10T16:32:21.000Z,loitering,1
d9e6fcf53-3106-c40d-4afb-8b4b9fabd7f0,28993274,SUGANYU02899-74-34%,31.5528,125.5143,194.743312,202.591172,191.0,198.0,2023-12-25T12:00:40.000Z,2024-01-02T02:49:55.000Z,loitering,1
1480f61d8-8e2e-1c6d-5a2a-a50eea3ddccb,44228060,SUQIYU04422*60_8.1V,32.2513,123.1899,112.08006200000001,112.08006200000001,133.0,133.0,2023-12-25T12:01:54.000Z,2024-01-01T12:24:49.000Z,loitering,1
4bef313a0-0185-b073-0398-e4d469819ec6,96055598,ZSY07665-7-69%,32.944,124.5692,133.904531,133.904531,133.0,133.0,2023-12-25T12:03:35.000Z,2024-01-01T13:19:59.000Z,loitering,1
f1b6316a5-5388-eaae-9c04-57c4938b8a8c,60408009,,34.8062,123.5696,140.761672,157.300359,140.0,156.0,2023-12-25T12:03:36.000Z,2024-01-01T17:16:08.000Z,loitering,1
df8ac0719-9d8d-f4b3-829d-676cde9bc30c,412912683,SURUYU09166-83-60%,32.6001,123.1894,133.674969,133.674969,149.0,149.0,2023-12-25T12:10:57.000Z,2024-01-08T02:02:39.000Z,loitering,1
47cc17935-5075-15f6-2080-74085bc1e180,32690007,SUQIYU03269-07-99%,32.304,123.2954,122.164875,122.743852,144.0,145.0,2023-12-25T12:10:59.000Z,2024-01-05T08:58:05.000Z,loitering,1
c4974e094-4196-31c4-6e65-10a67010b9c0,804422032,SUQIYU04422*032_8.1V,32.2574,123.1903,112.98445299999999,112.98445299999999,134.0,134.0,2023-12-25T12:12:26.000Z,2024-01-01T12:32:17.000Z,loitering,1
80b0a41c6-65f7-31f5-1d6b-061ec6d67320,508810070,LURONGYU50881-70-99%,37.2198,123.4303,65.781719,64.601273,71.0,67.0,2023-12-25T12:14:46.000Z,2024-01-21T23:58:50.000Z,loitering,1
683e26d33-37fe-2ab4-e2ba-f3803c289647,113610168,ZHEDAIYU04598-07,29.9996,123.4583,66.12517999999999,60.93834,70.0,68.0,2023-12-25T12:17:13.000Z,2024-01-01T13:56:37.000Z,loitering,1
5aae8dad0-07ea-c1af-a3c1-8eb257bbcccc,519980196,LURONGYU51998-19699%,37.1822,123.3183,55.792730000000006,56.00643,61.0,61.0,2023-12-25T12:17:26.000Z,2024-01-10T04:56:13.000Z,loitering,1
20a0834af-f4c0-a82a-967e-d132e01337f2,804422016,SUQIYU04422*016_8.1V,32.2962,123.19,116.637906,115.71932799999999,135.0,135.0,2023-12-25T12:18:44.000Z,2024-01-01T12:38:43.000Z,loitering,1
396b0083d-d2c1-1c57-062d-309dd0f13654,666256216,6662562-16-65%,22.3402,116.2756,65.031121,59.157148,60.0,55.0,2023-12-25T12:19:25.000Z,2024-01-12T22:07:12.000Z,loitering,1
2c6481f40-05d9-07bb-d89b-267f8fba8890,410001832,22555-984%,38.4024,121.8281,50.212379,50.212379,52.0,52.0,2023-12-25T12:21:53.000Z,2024-01-01T01:20:44.000Z,loitering,1
0f699f1f5-5004-95a7-e22e-372c42afc85a,994127038,994127038         9V,-6.1064,-20.8961,745.0344379999999,739.414375,745.0,740.0,2023-12-25T12:24:55.000Z,2024-01-02T11:31:03.000Z,loitering,1
9e4139fc0-063f-5fe3-86a6-985a273b4a81,103000068,MINPUYU26608-5-77%,33.0292,124.4395,130.204266,130.204266,130.0,130.0,2023-12-25T12:26:04.000Z,2024-01-01T05:26:15.000Z,loitering,1
ea9f3ccd1-1ade-9b8a-4786-dd0a1b02d6a5,412955012,01955-12--52%,32.8744,124.616,138.431922,139.79571900000002,138.0,139.0,2023-12-25T12:31:22.000Z,2024-01-01T02:44:46.000Z,loitering,1
a552b42fe-eb80-dd5c-ec3f-fa1758d20bb1,233100670,MFJY09255-8-82%,32.9744,124.4534,135.63226600000002,135.63226600000002,135.0,135.0,2023-12-25T12:33:14.000Z,2024-01-01T04:58:57.000Z,loitering,1
892e03753-3ef1-0314-430f-65b809d15a7a,951122668,ZHEDAIYU03592-30,34.0541,123.9799,106.87078100000001,105.02819500000001,102.0,100.0,2023-12-25T12:35:01.000Z,2024-01-01T09:20:28.000Z,loitering,1
42090839f-f237-63af-40c3-cde84bc15a49,231900980,MFJY08655-26-83%,33.0134,124.4313,132.600594,132.600594,132.0,132.0,2023-12-25T12:36:08.000Z,2024-01-01T04:14:11.000Z,loitering,1
e2f9cd3c4-4c08-d022-98bb-aabccd46af17,100190888,MINFUYU01908-88-99%,32.921,124.5294,135.607875,139.361031,135.0,139.0,2023-12-25T12:37:18.000Z,2024-01-07T00:29:23.000Z,loitering,1
a01bce989-9085-2268-c0ef-0548a40a402f,100109565,MFJYU09677-114-67%,33.0257,124.4434,130.204266,130.204266,130.0,130.0,2023-12-25T12:37:33.000Z,2024-01-01T05:03:20.000Z,loitering,1
703678b71-124a-25ac-c461-20a0733177fe,100868501,08685-1-86%,32.8539,124.6561,140.377609,140.377609,140.0,140.0,2023-12-25T12:38:28.000Z,2024-01-01T04:41:21.000Z,loitering,1
a3b93ba31-12f1-6862-5833-0929448c574c,231903221,MFJY08655-30-83%,33.0107,124.4371,132.149531,132.149531,131.0,131.0,2023-12-25T12:39:11.000Z,2024-01-01T03:57:41.000Z,loitering,1
7b233f3f0-0896-6844-7a69-b22e698a9b82,62580359,,34.0425,123.9786,106.87078100000001,105.064125,102.0,100.0,2023-12-25T12:41:24.000Z,2024-01-01T09:34:43.000Z,loitering,1
fb206b909-9261-c3ef-1117-45e6b0f11c54,10679548,,34.0516,123.9798,106.87078100000001,105.02819500000001,102.0,100.0,2023-12-25T12:43:27.000Z,2024-01-01T09:37:36.000Z,loitering,1
326d4ed8d-d454-18c7-dccb-be9f35a73193,96054677,SUGANYU02822-A16-37%,31.9465,124.8282,196.441609,193.394516,194.0,192.0,2023-12-25T12:45:40.000Z,2024-01-01T06:53:10.000Z,loitering,1
094feb174-4505-efe5-b8b2-eb3d356c4d7f,233402388,MFJY09985-9-84%,32.9855,124.4765,132.37501600000002,132.37501600000002,132.0,132.0,2023-12-25T12:46:39.000Z,2024-01-01T04:06:07.000Z,loitering,1
5cea5f1fe-ea7f-2c9c-cf02-ac93836e6154,112345840,26997-10-84%,32.015,124.8435,191.0585,186.33245300000002,188.0,185.0,2023-12-25T12:47:09.000Z,2024-01-01T08:48:54.000Z,loitering,1
20aa0849b-b1b2-b4d4-dc0e-3bf89c10a360,223402087,M08601-6-97%,32.9066,124.5941,134.63453099999998,138.86004699999998,134.0,138.0,2023-12-25T12:47:15.000Z,2024-01-13T01:05:05.000Z,loitering,1
7fb786a7b-b8de-760a-4fba-4c8e8fa1ae4b,994110366,BUOY-16           9V,13.7054,-34.613,1086.048125,1091.067,1057.0,1062.0,2023-12-25T12:48:03.000Z,2024-01-01T00:26:04.000Z,loitering,1
0854a6d64-4dcc-c475-2e79-fd488385baed,96054520,SUGANYU02822-A15-27%,31.9992,124.841,193.740031,187.07568799999999,191.0,185.0,2023-12-25T12:48:46.000Z,2024-01-01T08:43:26.000Z,loitering,1
c335a7306-623f-88e4-7547-7c124d22d8e7,100000551,TGB TGB 92-36-80%,34.058,123.9794,106.87078100000001,105.027891,102.0,100.0,2023-12-25T12:51:39.000Z,2024-01-01T09:45:36.000Z,loitering,1
44c2ebcc1-18cb-3d9d-54e8-eac4119d12d5,789873278,,33.0185,124.4373,131.630141,131.175797,131.0,130.0,2023-12-25T12:53:15.000Z,2024-01-02T00:16:04.000Z,loitering,1
0a726ed15-5e65-a978-41af-a348de0e442d,368246270,TAYLOR DANOS,27.9159,-93.9352,2.43127,2.2577559999999997,174.0,173.0,2023-12-25T12:56:01.000Z,2024-01-03T16:44:15.000Z,loitering,1
b0c95be6a-aef6-1753-eede-fe5e3fe085a9,412955028,01955-28--67%,32.9387,124.4966,134.63453099999998,139.02375,134.0,138.0,2023-12-25T12:57:39.000Z,2024-01-01T03:39:41.000Z,loitering,1
1cdb659db-bad2-085c-91ba-488ddbaca497,620674,,34.0434,123.973,106.882867,106.882867,102.0,102.0,2023-12-25T12:58:47.000Z,2024-01-01T09:05:37.000Z,loitering,1
4f1013dc7-7a0c-65f5-f190-3d7ef58319cf,373336000,YONGAN OCEAN,29.7417,122.9915,33.868574,33.868574,48.0,48.0,2023-12-25T12:59:28.000Z,2024-01-01T05:57:07.000Z,loitering,1
f255de18f-f56e-8cc3-55a5-9b50ad713a3a,605380009,,32.7252,124.7431,150.634938,151.039906,146.0,147.0,2023-12-25T13:03:40.000Z,2024-01-01T01:05:41.000Z,loitering,1
bbb75dfcb-bb53-fda2-a809-689b7d45d5af,68836615,,32.7341,124.743,150.634938,150.634938,146.0,146.0,2023-12-25T13:03:40.000Z,2024-01-01T02:35:13.000Z,loitering,1
e93880ddd-d6d8-4de4-0d1a-09561bb41428,106012211,LULANYU60122-11-61%,32.9819,124.4915,132.540219,132.95132800000002,132.0,132.0,2023-12-25T13:03:47.000Z,2024-01-01T17:38:23.000Z,loitering,1
c86a48b45-5caa-9468-f693-c170c847a191,68838105,,32.7062,124.7359,151.871016,152.320141,148.0,148.0,2023-12-25T13:04:54.000Z,2024-01-01T05:05:15.000Z,loitering,1
159a4ffb0-09e1-6ebb-f1c7-0de59aa1a452,82980015,08298-----15     93%,33.0039,124.4907,130.961836,130.961836,130.0,130.0,2023-12-25T13:07:31.000Z,2024-01-01T04:51:04.000Z,loitering,1
0971bf59a-a470-1ebe-0bbb-e37dff6744a4,42518810,,32.6986,124.7729,149.278125,149.278125,145.0,145.0,2023-12-25T13:08:47.000Z,2024-01-01T01:47:34.000Z,loitering,1
4944a29d6-6ca2-a172-434f-0bb28d175b85,42510717,,32.6898,124.7658,149.278125,150.15135899999999,145.0,146.0,2023-12-25T13:12:30.000Z,2024-01-01T01:38:33.000Z,loitering,1
51675bf03-35b3-585b-35ab-198625e5e396,605380006,,32.6843,124.7426,152.73,152.73,149.0,149.0,2023-12-25T13:13:29.000Z,2024-01-01T05:34:54.000Z,loitering,1
b6e22a984-42ad-80ca-8ab3-5c17ac195b14,42515522,,32.6669,124.7698,150.598391,150.598391,147.0,147.0,2023-12-25T13:15:59.000Z,2024-01-01T03:00:01.000Z,loitering,1
ccb3d0b21-129f-df52-65d5-29963f786953,42516607,,32.6995,124.7657,149.278125,150.141594,145.0,146.0,2023-12-25T13:16:12.000Z,2024-01-01T02:48:10.000Z,loitering,1
3b7a952f7-728c-156f-c613-7f0853474eb5,100000774,ZHEYU07807-4-99%,32.9324,124.5303,135.290875,137.56,135.0,137.0,2023-12-25T13:17:41.000Z,2024-01-01T23:48:13.000Z,loitering,1
098f06299-9d1d-f4be-94f6-a1f45302f18d,42515523,,32.6424,124.7698,151.980391,151.980391,149.0,149.0,2023-12-25T13:21:30.000Z,2024-01-01T06:08:00.000Z,loitering,1
681dfdc51-1243-d58e-988a-e8641aa49c24,412955010,01955-10--59%,32.8794,124.548,140.78307800000002,140.78307800000002,140.0,140.0,2023-12-25T13:25:55.000Z,2024-01-01T04:19:52.000Z,loitering,1
d678b585a-a0d4-88da-64a7-5368c01cefaa,123023630,ZHEDAIYU06188-30-96%,32.7423,124.6494,152.328297,151.26459400000002,152.0,151.0,2023-12-25T13:30:39.000Z,2024-01-03T07:06:09.000Z,loitering,1
39f984012-2904-81ee-94ba-49b517b62750,123037301,ZHEDAIYU06088-01-74%,32.6979,124.7556,150.141594,150.141594,146.0,146.0,2023-12-25T13:30:48.000Z,2024-01-01T02:23:19.000Z,loitering,1
6216e0351-1a0c-363a-373a-c7d5f394576c,412352048,SUQIYU03305,32.3849,123.6467,151.467578,152.240906,179.0,179.0,2023-12-25T13:31:23.000Z,2024-01-02T09:30:42.000Z,loitering,1
e57e6937a-abe9-e643-1e96-42f4496486fd,68838102,,32.6889,124.7402,152.297062,152.297062,148.0,148.0,2023-12-25T13:37:03.000Z,2024-01-01T05:41:13.000Z,loitering,1
31f1ed889-9b95-cd4b-f8da-5b88d6b5bdb6,412955019,01955-19--61%,32.8752,124.5767,139.743344,140.78018799999998,139.0,140.0,2023-12-25T13:38:16.000Z,2024-01-01T03:59:37.000Z,loitering,1
4138dead4-4029-99e3-3629-a2ba5f5e4a48,42515104,,32.6469,124.7683,151.512969,151.512969,148.0,148.0,2023-12-25T13:41:59.000Z,2024-01-01T06:21:14.000Z,loitering,1
9bbb159e4-4e0f-c933-8743-494b188eaf7e,120000203,,32.8616,124.5531,142.496188,142.843031,142.0,142.0,2023-12-25T13:42:13.000Z,2024-01-01T04:18:06.000Z,loitering,1
82297f50f-f953-0f6d-c6d2-20222ffe660b,510970002,51097-02-98%,37.6843,123.328,67.855109,63.66233999999999,66.0,62.0,2023-12-25T13:44:08.000Z,2024-01-05T21:59:51.000Z,loitering,1
294471f78-86b6-ada5-447b-073308fea6d8,66660054,,32.6391,124.7178,156.233938,156.233938,153.0,153.0,2023-12-25T13:45:58.000Z,2024-01-01T02:42:08.000Z,loitering,1
9236bac16-6b73-8704-7ef4-9a0c38a6dd02,96054615,SUGANYU02822-A1-66%,31.9431,124.8472,203.737703,186.33245300000002,201.0,185.0,2023-12-25T13:46:33.000Z,2024-01-01T08:49:49.000Z,loitering,1
1ea7ca4ab-beb8-9632-1bfe-453b70aa9e24,10673258,,32.6589,124.6924,157.907641,157.49148399999999,154.0,154.0,2023-12-25T13:50:32.000Z,2024-01-01T12:16:30.000Z,loitering,1
dd9a5e16a-aaf1-ca3e-2a27-826246ce55c2,320390705,ZHEDAIYU03768-19,32.6511,124.6914,157.907641,158.349141,154.0,155.0,2023-12-25T13:50:34.000Z,2024-01-01T12:16:56.000Z,loitering,1
0ec9b4727-7e40-9be6-2f06-48780b0e8a4f,605380003,,32.6615,124.7417,153.616359,153.616359,150.0,150.0,2023-12-25T13:52:21.000Z,2024-01-01T05:46:25.000Z,loitering,1
5588968f4-48f1-abb2-7ad0-3473f215a7ee,168803682,KR3808  95%,10.2515,-32.5735,964.454375,1067.810625,936.0,1039.0,2023-12-25T13:52:38.000Z,2024-01-06T19:07:09.000Z,loitering,1
0bbcfc90f-ff82-00f8-1b64-fca441084eec,121133318,11333-18-99%,27.5693,123.5342,176.939594,192.074,177.0,168.0,2023-12-25T13:55:14.000Z,2024-01-01T05:44:37.000Z,loitering,1
1387763f5-5996-b010-c74d-75aa913f1d8f,86220057,,32.6746,124.7162,154.888453,154.888453,151.0,151.0,2023-12-25T14:00:12.000Z,2024-01-01T04:40:47.000Z,loitering,1
be1d62c59-9fed-eab8-7506-2d7de30024b9,412955022,01955-22--62%,32.8762,124.5524,140.78307800000002,140.78307800000002,140.0,140.0,2023-12-25T14:00:58.000Z,2024-01-01T04:01:48.000Z,loitering,1
628da302b-b6b2-425e-f6ae-336ed3f8f15a,160521024,FUDINGYU07866-10-94%,29.8188,123.0646,35.631895,35.880277,43.0,48.0,2023-12-25T14:06:54.000Z,2024-01-01T11:45:48.000Z,loitering,1
1611a09c2-21a8-71c5-aaf9-27a65a9139ab,86050052,,32.7104,124.6631,158.466141,152.05932800000002,156.0,151.0,2023-12-25T14:09:30.000Z,2024-01-03T07:10:27.000Z,loitering,1
257e577f6-6db9-b571-8184-838ccc7bf8ac,562429805,ZPY30038-05-83%,32.7258,124.5894,154.804906,156.456609,154.0,156.0,2023-12-25T14:13:33.000Z,2024-01-01T03:13:53.000Z,loitering,1
2d4eb41f6-6add-a692-5f21-1e5bc16252d1,16688001,LIAOYINGYU16688-1,32.6676,124.6526,159.792641,160.492438,157.0,157.0,2023-12-25T14:14:50.000Z,2024-01-01T12:04:33.000Z,loitering,1
c73a26233-3965-aee4-36a6-be7ff2ef30ee,123023774,ZHEDAIYU06117-74-96%,32.7463,124.6487,152.328297,151.26459400000002,152.0,151.0,2023-12-25T14:15:05.000Z,2024-01-03T06:52:46.000Z,loitering,1
71ac2176e-eb2b-1cfc-9652-3782918899b3,68180080,,32.6507,124.6649,160.927141,160.066969,157.0,156.0,2023-12-25T14:15:26.000Z,2024-01-01T05:42:14.000Z,loitering,1
285b4a61d-d2de-d08e-1d0c-22c5244cf1a5,620627,,32.6514,124.6533,160.861438,160.927141,157.0,157.0,2023-12-25T14:21:07.000Z,2024-01-01T12:10:18.000Z,loitering,1
d1126c281-1bbd-eb98-0f71-79baf013d9b0,66660049,,32.625,124.7015,158.398797,158.862188,155.0,155.0,2023-12-25T14:21:31.000Z,2024-01-01T01:13:23.000Z,loitering,1
e556b472a-ae4e-5759-fe28-1fd00406672a,96066179,AIS NET MARK_99%,32.7002,124.6645,150.201562,159.653375,150.0,156.0,2023-12-25T14:21:46.000Z,2024-01-01T10:34:05.000Z,loitering,1
cec335628-8150-de86-533e-29bc3a8d6fcd,62599612,,32.6503,124.6905,158.349141,158.349141,155.0,155.0,2023-12-25T14:23:46.000Z,2024-01-01T11:39:30.000Z,loitering,1
18d3f63b5-5548-8762-af97-23023dcaae55,68180085,,32.6554,124.6636,160.492438,160.927141,157.0,157.0,2023-12-25T14:24:27.000Z,2024-01-01T05:34:13.000Z,loitering,1
c4991d034-4643-8e82-e932-6cff81b2b352,46660065,,32.7313,124.6363,157.92184400000002,149.419172,156.0,149.0,2023-12-25T14:24:43.000Z,2024-01-01T04:17:24.000Z,loitering,1
ea4ea6a33-33f7-9ccc-90ed-aa62c26582a6,62599614,,32.6355,124.6746,159.653375,160.96034400000002,156.0,157.0,2023-12-25T14:29:53.000Z,2024-01-01T02:42:34.000Z,loitering,1
190868b1f-f456-681d-55c4-08e10355d53e,68180083,,32.6597,124.6536,160.861438,160.492438,157.0,157.0,2023-12-25T14:30:14.000Z,2024-01-01T11:52:10.000Z,loitering,1
35a8613d3-38eb-709d-1b19-7b5315f56481,23032093,ZHEDAIYU03209-16_7.9,32.6359,124.6573,160.510422,162.672391,157.0,159.0,2023-12-25T14:32:09.000Z,2024-01-01T03:22:05.000Z,loitering,1
0fa880ee6-645d-f376-c436-9e9470d971da,62599615,,32.6346,124.6895,159.25175,159.25175,156.0,156.0,2023-12-25T14:34:55.000Z,2024-01-01T05:34:08.000Z,loitering,1
11fb2575b-b838-1d56-e592-8f07b77f4b57,338263000,SUB SEA,27.1706,-90.359,9.176038,9.176038,209.0,209.0,2023-12-25T14:38:06.000Z,2024-01-02T16:58:24.000Z,loitering,1
e05320072-2729-fe7d-ec1f-b66a5b8e29b2,125544411,ZHEDAIYU03768-25,32.6311,124.6889,159.25175,159.25175,156.0,156.0,2023-12-25T14:50:52.000Z,2024-01-01T05:33:50.000Z,loitering,1
a1be00b02-2880-01d8-a958-cdf4a87b205f,510970004,51097-04-75%,37.7677,123.353,75.477141,69.69107799999999,74.0,68.0,2023-12-25T14:58:11.000Z,2024-01-06T08:52:45.000Z,loitering,1
4070a87d5-543d-6f13-f126-c1839077ed4c,786876326,ZHEDAIYU03768-10-92%,32.6265,124.6899,159.25175,159.25175,156.0,156.0,2023-12-25T14:58:42.000Z,2024-01-01T05:32:16.000Z,loitering,1
9274413f5-5dea-cc68-d9d5-068a26892750,619220008,TIELONG61922--8-98%,26.6646,121.6521,91.309141,90.78317999999999,100.0,100.0,2023-12-25T15:02:34.000Z,2024-01-05T10:38:34.000Z,loitering,1
7f17d6c67-7c9f-643b-ad82-4fc1a18c2319,910000046,BOHAI-46-99%,37.7421,122.9805,44.617559,44.617559,44.0,44.0,2023-12-25T15:07:19.000Z,2024-01-09T21:27:27.000Z,loitering,1
6c7d9cfad-d708-1242-78eb-465cc05559be,412192240,TIELONG6192240-97%,26.6636,121.6844,92.18334399999999,96.5885,101.0,106.0,2023-12-25T15:14:08.000Z,2024-01-01T09:14:30.000Z,loitering,1
67c06c61b-be6d-3d26-bef6-2d654975f50c,1073740651,,32.451,124.8437,154.946188,157.302984,153.0,156.0,2023-12-25T15:23:35.000Z,2024-01-01T01:13:52.000Z,loitering,1
fdc301788-8fda-34f9-373a-bb7af5791ce5,901429126,NET-ZSY01429-126-98%,31.217,122.9583,14.430435,14.430435,47.0,47.0,2023-12-25T15:26:34.000Z,2024-01-03T04:58:51.000Z,loitering,1
78f012134-4d06-fcfc-9a7e-c52e8e92fa62,60317755,,32.4033,124.8688,157.309859,157.309859,156.0,156.0,2023-12-25T15:28:07.000Z,2024-01-01T19:37:21.000Z,loitering,1
03a458b34-4b7e-39d8-9129-e00f93415e19,96052200,ZHEYU07389-1-62%,32.4828,124.8343,154.134516,155.517312,152.0,154.0,2023-12-25T15:28:18.000Z,2024-01-01T01:22:45.000Z,loitering,1
c55b93533-3141-8e64-7db0-c8f911ee8899,77850035,NET-ZSY07785-35-74%,31.1591,122.9212,10.52401,8.565520000000001,42.0,37.0,2023-12-25T15:30:30.000Z,2024-01-29T14:08:47.000Z,loitering,1
775609541-171e-e507-c938-e1290bca2487,96052180,ZHEYU07389-5-63%,32.4722,124.8504,154.522234,154.522234,153.0,153.0,2023-12-25T15:31:59.000Z,2024-01-01T01:18:11.000Z,loitering,1
aa816c5e4-4449-8408-4670-67aa134757a5,14190162,NET162-ZSY0141999%,31.2126,122.9331,13.03971,10.698248,48.0,43.0,2023-12-25T15:32:10.000Z,2024-01-08T05:30:03.000Z,loitering,1
aef9a2717-7ccc-c2fa-815e-d71a4a12f556,910000047,BOHAI-47-99%,37.1664,123.4239,45.946531,125.180914,46.0,128.0,2023-12-25T15:36:25.000Z,2024-01-25T21:09:37.000Z,loitering,1
bb73a9d98-8f29-cb08-ee93-e65303e444f5,56250117,NET-ZSY05625-117-99%,32.3942,124.9191,154.162688,154.162688,153.0,153.0,2023-12-25T15:47:43.000Z,2024-01-01T07:14:47.000Z,loitering,1
e8de078e4-41a7-d340-a713-8318bd65b069,14190164,NET164-ZSY0141999%,31.2089,122.9323,11.369544,11.369544,45.0,45.0,2023-12-25T15:53:11.000Z,2024-01-01T16:00:36.000Z,loitering,1
135622241-13b6-6b74-c718-9dab54bc3eb2,821922003,LIN21922-3-76%,31.474,122.6971,18.862338,18.862338,67.0,67.0,2023-12-25T15:53:52.000Z,2024-01-03T23:43:12.000Z,loitering,1
be4ff7f48-860b-185f-0c89-8ce40492ff65,60587014,,34.7708,121.1797,84.870719,81.855477,101.0,94.0,2023-12-25T15:54:22.000Z,2024-01-01T02:06:43.000Z,loitering,1
097c69919-9518-a051-b53c-b6a9b697f20b,235625900,,37.7573,122.8208,38.319129000000004,38.319129000000004,39.0,39.0,2023-12-25T15:55:08.000Z,2024-01-21T19:48:56.000Z,loitering,1
bb3236990-0346-2fb6-f2e9-26fdc266bcff,355960000,AQUA REGIA,24.6257,57.0591,35.452836000000005,31.515037,44.0,41.0,2023-12-25T15:56:39.000Z,2024-01-15T18:59:28.000Z,loitering,1
f325470b6-6d8e-22cd-c100-462ff0082c14,928006301,BUOY-01-268-87%,15.9013,162.7923,954.413812,960.1745,486.0,458.0,2023-12-25T15:57:45.000Z,2024-01-01T16:37:16.000Z,loitering,1
b9a394aef-f150-2d65-2eeb-76f70f76c7f4,538009088,SHANDONG DE GUANG,-19.921,118.3461,24.366902,24.366902,44.0,44.0,2023-12-25T15:58:02.000Z,2024-01-01T06:59:06.000Z,loitering,1
6b3ad8123-3e93-989d-a66e-f0e901a5e6bb,910000048,BOHAI-48-99%,37.779,122.9554,46.811727,46.811727,47.0,47.0,2023-12-25T15:59:48.000Z,2024-01-01T05:40:14.000Z,loitering,1
26990fbde-e24b-2f3f-c24c-ae4c397f7646,100109928,TIE LONG61856-03-80%,22.105,114.7058,33.981953000000004,8.316398,40.0,10.0,2023-12-25T16:05:37.000Z,2024-01-01T22:29:08.000Z,loitering,1
70b1f843e-e1d7-b2ae-8603-9f89f963fccc,910000050,BOHAI-50-99%,37.8228,122.9117,47.964425999999996,47.964425999999996,48.0,48.0,2023-12-25T16:11:27.000Z,2024-01-07T23:51:03.000Z,loitering,1
e4b8fe6d8-8d3d-1244-b1bf-8b75ceeabc80,212190011,21900-1147%,29.7938,124.6285,155.442672,191.36717199999998,174.0,202.0,2023-12-25T16:14:24.000Z,2024-01-03T08:20:23.000Z,loitering,1
119a16507-709f-d264-ab98-4fee947b2655,910000049,BOHAI-49-99%,37.8129,122.9166,47.482758000000004,47.482758000000004,48.0,48.0,2023-12-25T16:15:47.000Z,2024-01-11T14:09:28.000Z,loitering,1
e81e0bb38-81bd-6b52-294a-7414b2d15e8c,910000051,BOHAI-51-99%,37.832,122.9071,48.920714999999994,48.920714999999994,49.0,49.0,2023-12-25T16:16:15.000Z,2024-01-12T15:16:21.000Z,loitering,1
5d390eeb3-3d85-e84f-706e-50036012d176,56250120,NET-ZSY05625-120-99%,32.3632,124.9104,156.17540599999998,157.66779699999998,155.0,156.0,2023-12-25T16:18:40.000Z,2024-01-01T06:29:21.000Z,loitering,1
1fe07db16-699d-10f6-53b3-f2a2f44dad6a,60501621,,32.2912,125.2588,137.97279699999999,138.602016,136.0,136.0,2023-12-25T16:19:55.000Z,2024-01-01T17:55:58.000Z,loitering,1
b5c46673e-ed4f-90d3-8207-40c84ed76c9c,5880020,NET00588----20--99%,32.2087,125.1234,153.43134400000002,153.43134400000002,151.0,151.0,2023-12-25T16:40:48.000Z,2024-01-02T08:16:27.000Z,loitering,1
acb9bc619-9b8a-5c70-b329-a5e69a38a49f,412420693,ZHESHENGYU07738,32.2867,125.1069,137.82214100000002,158.391547,136.0,156.0,2023-12-25T16:45:03.000Z,2024-01-02T07:49:35.000Z,loitering,1
259f30e47-79ab-249f-f83b-b7dd06628dd9,190425020,LIAOYINGYU56555-9,37.8438,122.7957,49.195594,43.555125,50.0,45.0,2023-12-25T16:50:18.000Z,2024-01-10T14:13:52.000Z,loitering,1
b8a16bb18-8863-68a4-0c5e-eddd198bb293,657193500,MV A60,5.371,4.3451,2.223899,2.484224,89.0,90.0,2023-12-25T16:59:00.000Z,2024-01-01T14:59:44.000Z,loitering,1
42cdf893b-b628-c67f-7e75-5caea1260d46,598120789,LIN12078--9-54%,31.4493,122.7493,20.468816,20.468816,65.0,65.0,2023-12-25T17:01:59.000Z,2024-01-04T08:12:37.000Z,loitering,1
e5a04a004-435c-127c-15dd-880021dd3966,168804141,BUOY-15  100%,-2.2694,-21.2881,927.141375,1047.402,925.0,1046.0,2023-12-25T17:02:16.000Z,2024-01-05T21:25:14.000Z,loitering,1
446b029e3-3a29-ab2a-0f9c-dedca944bf04,10684616,,37.5805,122.9261,37.725859,28.618658,38.0,29.0,2023-12-25T17:07:03.000Z,2024-01-15T11:53:07.000Z,loitering,1
237f100ab-b4f5-cc12-b87d-e02fe72615b0,342195314,LIN21953--14-43%,31.4597,122.7285,20.197861,20.197861,66.0,66.0,2023-12-25T17:16:34.000Z,2024-01-03T15:56:16.000Z,loitering,1
e79d7ffe1-1749-b43f-bfa3-e7c851428945,617990027,TIELONG61799-27-78%,26.1842,121.226,75.496273,71.75955499999999,77.0,73.0,2023-12-25T17:33:38.000Z,2024-01-02T05:29:52.000Z,loitering,1
d589a4f55-5f23-bcc2-b94d-6a6cfb89a1e8,260101147,KARIMUN 8-B-51%,-6.0556,135.4363,110.692578,104.547086,62.0,66.0,2023-12-25T17:44:51.000Z,2024-01-01T05:49:34.000Z,loitering,1
c2dd3b75b-b517-4563-81b7-66968c9b6175,898518510,HONG WEI YU YE 51,-17.2575,-125.317,1010.245875,989.760875,846.0,798.0,2023-12-25T17:44:52.000Z,2024-01-01T01:47:32.000Z,loitering,1
bb5bac13c-c35b-fd69-23f7-d6072a0be195,525114060,LUCIA SOLIS,16.0799,96.3953,72.638445,55.324883,45.0,27.0,2023-12-25T17:51:15.000Z,2024-01-01T21:56:48.000Z,loitering,1
31b117337-7c7f-f5e8-9cc0-00e1bcd2cc0d,24750010,ZHEDAIYU02475-10-98%,32.3833,124.8108,163.970531,161.79343799999998,163.0,160.0,2023-12-25T17:52:49.000Z,2024-01-01T06:34:36.000Z,loitering,1
9705e65c5-5de4-0f9d-72de-f9f42963d1ee,219186000,ESVAGT DEE,55.5379,5.0369,2.5173400000000004,2.311187,191.0,192.0,2023-12-25T17:55:02.000Z,2024-01-02T12:59:46.000Z,loitering,1
422b00561-19a1-2feb-63bd-3df224e5a17a,570467811,NET04678-11--99%,29.7067,123.0731,50.473098,28.471311,77.0,35.0,2023-12-25T17:58:34.000Z,2024-01-01T18:48:40.000Z,loitering,1
f39a7f6cc-c817-1ef2-e686-c8b171a5a222,477836200,PACIFIC VITALITY,34.9284,120.0313,15.499665,15.538558,51.0,52.0,2023-12-25T17:59:03.000Z,2024-01-01T09:59:29.000Z,loitering,1
a33f10956-6c2e-9219-e419-9a98e47e4c00,412175752,TIELONG61757-52-66%,25.974,121.143,67.11607799999999,75.38692200000001,69.0,73.0,2023-12-25T17:59:51.000Z,2024-01-08T18:11:24.000Z,loitering,1
2d526f855-5fc3-5727-1518-3bbefeac4d18,376213987,LIN21398--7-79%,31.4627,122.7117,19.191293,19.191293,66.0,66.0,2023-12-25T18:17:37.000Z,2024-01-04T01:00:25.000Z,loitering,1
702378cd8-8841-3879-e07d-c1893d104d10,412158024,MLY61580-24-56%,26.0582,121.1469,71.531062,71.531062,74.0,74.0,2023-12-25T18:26:20.000Z,2024-01-05T19:28:21.000Z,loitering,1
961b82b0e-ec38-cf67-0273-909e11abd9a8,45390001,ZHEDAIYU04539-01_8.0,32.5664,124.7024,161.27414100000001,161.27414100000001,158.0,158.0,2023-12-25T18:45:26.000Z,2024-01-01T21:17:14.000Z,loitering,1
1449ba0c8-824e-bfc1-383f-2c78816cc975,901813603,TIELONG-18136-3-87%,32.5672,124.692,162.611031,161.27414100000001,160.0,158.0,2023-12-25T18:47:27.000Z,2024-01-02T09:25:11.000Z,loitering,1
1d24af621-1fbb-579e-ac30-08caa0f35f85,355123384,LIN12338--4-61%,29.3635,122.8523,44.892074,41.559847999999995,62.0,64.0,2023-12-25T18:50:02.000Z,2024-01-01T12:57:04.000Z,loitering,1
a8b69a754-4ead-b875-5243-433242a12750,603677061,,32.5746,124.6646,164.633844,164.148734,161.0,161.0,2023-12-25T18:51:24.000Z,2024-01-01T22:05:29.000Z,loitering,1
14ea7d5ab-b1e0-6e00-6f59-df02fb472542,353123388,LIN12338--8-79%,29.3663,122.8409,45.886801,38.110855,62.0,61.0,2023-12-25T18:51:40.000Z,2024-01-01T13:37:44.000Z,loitering,1
a657ff10e-eb14-608a-b652-137fbd365d80,901295031,NET01295-31-77%,32.5655,124.6214,167.648109,168.009391,164.0,165.0,2023-12-25T18:53:02.000Z,2024-01-01T05:10:36.000Z,loitering,1
0e78fe19e-e113-8cef-eb0d-10dfef9668e8,994008739,BUOY-19           9V,-2.0832,-150.0612,951.8804379999999,928.353562,595.0,561.0,2023-12-25T18:55:15.000Z,2024-01-02T03:25:05.000Z,loitering,1
3d15fa5a8-87bd-9283-e733-2dab45552761,994008759,BUOY-39           9V,-2.0845,-150.0058,957.782875,934.174375,601.0,567.0,2023-12-25T18:56:03.000Z,2024-01-02T04:21:48.000Z,loitering,1
2d051c908-8943-c622-6b1d-c9dbdc2dcdde,356836000,POAVOSA ACE,31.1964,122.4758,0.0,0.0,41.0,41.0,2023-12-25T18:56:28.000Z,2024-01-01T13:58:00.000Z,loitering,1
da82da5b5-5714-47e4-b0c2-b4a8537b5b03,44710051,,32.5577,124.5601,172.249672,174.889656,169.0,172.0,2023-12-25T18:57:55.000Z,2024-01-01T02:09:16.000Z,loitering,1
9a3256723-33c9-092f-c107-ea0f4b89e717,413565270,HAI YANG SHI YOU 946,38.313,120.1243,8.895595,4.777514,46.0,50.0,2023-12-25T18:58:06.000Z,2024-02-03T00:50:15.000Z,loitering,1
b232cde43-3a16-e556-8dbc-0e83df4d2c1f,994008089,BUOY-009          9V,-8.8785,-146.1956,640.4828120000001,601.4614379999999,479.0,434.0,2023-12-25T18:59:00.000Z,2024-01-02T10:26:59.000Z,loitering,1
f5445e731-1e8a-082e-9d07-eb7d3194a9f0,994210919,HBUOY-19          9V,-10.5309,-146.2295,440.47331199999996,434.784375,416.0,418.0,2023-12-25T18:59:38.000Z,2024-01-02T07:58:37.000Z,loitering,1
05d03b42a-a746-db34-e845-d93b1a390fe1,893789978,15359-5-94%,32.5502,124.6213,169.820359,168.138125,167.0,165.0,2023-12-25T19:02:44.000Z,2024-01-01T11:04:02.000Z,loitering,1
adb2b1a02-278a-f2c0-b25c-61309205e0f7,45390110,,32.5646,124.707,160.940312,160.43679699999998,158.0,157.0,2023-12-25T19:05:08.000Z,2024-01-01T21:26:47.000Z,loitering,1
af03bc9ac-c12c-ca42-5a09-b7d18a03c013,362139815,LIN21398--15-52%,31.4688,122.5652,7.956663,7.956663,65.0,65.0,2023-12-25T19:05:59.000Z,2024-01-01T08:20:52.000Z,loitering,1
4309ab659-9ff7-4573-ea37-19f8c6aee315,603677092,,32.5985,124.6706,162.348281,162.348281,159.0,159.0,2023-12-25T19:07:48.000Z,2024-01-01T21:20:19.000Z,loitering,1
e471b1c57-7fd2-089c-3a5e-5a2ef3e4c2a7,200001295,ZSY01295-282%,32.6066,124.6364,164.434891,164.434891,161.0,161.0,2023-12-25T19:08:27.000Z,2024-01-01T11:45:49.000Z,loitering,1
5ec3c806d-d156-0824-9bbf-34c968fef0db,24750047,ZHEDAIYU02475-47-99%,32.3941,124.82,161.79343799999998,161.163219,160.0,160.0,2023-12-25T19:09:21.000Z,2024-01-01T07:04:16.000Z,loitering,1
4dfad2af8-86d1-2759-ec3a-27162353f8b1,10677954,,32.1792,125.4424,137.33957800000002,137.33957800000002,134.0,134.0,2023-12-25T19:09:28.000Z,2024-01-01T09:53:14.000Z,loitering,1
c19a5473a-ac2a-1398-ac23-c1c709550f0e,24750048,ZHEDAIYU02475-48-79%,32.3824,124.8228,162.428812,161.79343799999998,161.0,160.0,2023-12-25T19:11:16.000Z,2024-01-01T19:52:09.000Z,loitering,1
de4bdc99c-c30e-004c-e54c-a6304afdd232,10666586,,37.8028,122.7702,40.824594,40.824594,42.0,42.0,2023-12-25T19:12:01.000Z,2024-01-06T07:04:54.000Z,loitering,1
9b27cf076-618a-5f7d-f640-b8d8bd127ca4,606818005,,32.6334,124.6639,161.815938,161.815938,158.0,158.0,2023-12-25T19:12:20.000Z,2024-01-01T02:31:51.000Z,loitering,1
2c821d176-61a8-f1bc-e24a-e64463acaa68,231004303,ZHEDAIYU03768-60-87%,32.6245,124.6772,160.56425,160.56425,157.0,157.0,2023-12-25T19:13:39.000Z,2024-01-01T01:40:58.000Z,loitering,1
7fc89bc3c-c4c4-6117-77a9-021dd776f9ff,26451818,,32.6218,124.6484,163.124109,163.979141,160.0,160.0,2023-12-25T19:13:49.000Z,2024-01-01T02:54:24.000Z,loitering,1
c1fce5477-7df0-b8a7-a932-bf232089349c,132510265,ZHE DAI YU 02650-20,32.4023,124.8224,161.163219,161.163219,160.0,160.0,2023-12-25T19:15:43.000Z,2024-01-01T20:24:42.000Z,loitering,1
ea8a96537-7bde-9611-a4b7-211b95547fd2,247544,,32.3829,124.8186,162.428812,162.428812,161.0,161.0,2023-12-25T19:15:46.000Z,2024-01-01T19:51:16.000Z,loitering,1
e30ce1ffe-eec1-f4ab-30c2-659335c7ca2f,96453981,ZHEDAIYU04539008172%,32.602,124.6936,160.65389100000002,159.33196900000002,157.0,156.0,2023-12-25T19:17:29.000Z,2024-01-01T20:52:44.000Z,loitering,1
88f038826-6bc6-ee6d-fdd0-cfda2af5c53f,247531,,32.3815,124.7994,163.970531,163.970531,163.0,163.0,2023-12-25T19:20:16.000Z,2024-01-01T00:34:41.000Z,loitering,1
ab34b5325-5179-3da3-7f5f-9bee008b3d05,24750004,ZHEDAIYU02475-04-94%,32.4129,124.8121,162.097422,159.918547,161.0,158.0,2023-12-25T19:20:28.000Z,2024-01-01T09:24:00.000Z,loitering,1
36d1a8c9b-b450-913b-c134-977280d814b4,100323205,ZHE DAI YU 03232-5,34.09,123.972,106.01782,106.93809399999999,101.0,102.0,2023-12-25T19:20:47.000Z,2024-01-01T09:27:46.000Z,loitering,1
364271536-6769-1c88-1584-8b8c02634d62,206995526,MINLIANYU6995-26,34.0923,123.9723,106.01782,106.983812,101.0,102.0,2023-12-25T19:21:38.000Z,2024-01-01T09:49:42.000Z,loitering,1
8742f7d94-4bc5-8d30-8940-55736a44ef02,591265827,ZHELINYU12358-27-93%,29.3586,122.8331,52.616758000000004,33.53475,63.0,59.0,2023-12-25T19:23:21.000Z,2024-01-01T17:58:22.000Z,loitering,1
43b4a7dba-a685-02e5-1c58-6020859be2b2,24750007,ZHEDAIYU02475-07-88%,32.3929,124.8008,163.340984,163.340984,162.0,162.0,2023-12-25T19:23:27.000Z,2024-01-01T20:22:49.000Z,loitering,1
283187634-4a19-5ad6-8655-2024e52f8284,130000071,ZHEDAIYU03768-17,32.6507,124.6769,159.207641,159.207641,156.0,156.0,2023-12-25T19:24:38.000Z,2024-01-01T05:33:47.000Z,loitering,1
bbf1528d6-6a1d-9dcc-9620-14654272a71e,980970987,12358-20--79%,29.357,122.8329,53.652605,33.53475,64.0,59.0,2023-12-25T19:24:48.000Z,2024-01-01T17:53:33.000Z,loitering,1
31d5b1805-529b-b361-733a-1bc3e43c0d2e,247538,,32.4213,124.806,161.483531,160.700219,160.0,159.0,2023-12-25T19:25:55.000Z,2024-01-01T20:30:15.000Z,loitering,1
d4a13c19d-d192-b483-11b9-fb65966b74bd,247539,,32.4263,124.8261,159.304203,158.521219,158.0,157.0,2023-12-25T19:28:01.000Z,2024-01-02T09:11:23.000Z,loitering,1
277778731-1484-1875-f110-6bfca56b8412,206995520,MIN59888-20-74%,34.0864,123.9674,106.93809399999999,106.90392200000001,102.0,102.0,2023-12-25T19:31:28.000Z,2024-01-01T09:58:06.000Z,loitering,1
00a0dd7e7-7139-7b5b-91ba-e054c30ff858,680090009,,34.0068,123.9717,108.829914,104.285898,104.0,100.0,2023-12-25T19:32:10.000Z,2024-01-01T08:32:11.000Z,loitering,1
a8fcaf5a2-2d34-0d8f-74c4-81d9e076c34d,206995523,MIN59888-23-81%,34.0896,123.9661,106.93809399999999,106.93809399999999,102.0,102.0,2023-12-25T19:32:32.000Z,2024-01-01T08:14:32.000Z,loitering,1
97e98d88d-dcf6-ea82-05ca-598018b43247,775123389,LIN12338--9-72%,29.3662,122.8371,49.529008000000005,35.331343999999994,62.0,60.0,2023-12-25T19:38:44.000Z,2024-01-01T17:46:08.000Z,loitering,1
23b00baf4-49df-1697-b0cd-fe2af510d40f,223100383,SANDEMARINE-51%,-6.11,135.5626,121.28178100000001,107.486211,81.0,75.0,2023-12-25T19:42:39.000Z,2024-01-01T03:54:53.000Z,loitering,1
cc1a05481-1d1e-b964-9ea2-d79510edb5c5,123580008,12358-8-99%,29.3552,122.8217,51.584074,34.25607,63.0,58.0,2023-12-25T19:43:22.000Z,2024-01-02T06:46:45.000Z,loitering,1
b067e4e6b-b6c1-3376-ee9e-3586599f24ea,525015755,UV.JENNY,19.6441,92.5999,1.527364,14.321693999999999,55.0,43.0,2023-12-25T19:47:18.000Z,2024-01-01T16:47:50.000Z,loitering,1
a302c6150-08e4-58b8-542c-2b76eb7f284a,110131954,SUQIYU01319-54-70%,32.6214,124.383,173.231734,173.602453,173.0,173.0,2023-12-25T19:52:30.000Z,2024-01-01T03:01:55.000Z,loitering,1
68d4e563c-cc13-6286-cc8f-4f0724d8bbf0,257958000,SKANDI HUGEN,56.3854,3.2612,4.31177,3.858192,274.0,279.0,2023-12-25T19:54:29.000Z,2024-01-01T18:58:42.000Z,loitering,1
27a1a553a-ac40-e978-8c0a-8568ac18c854,412163612,TIELONG61636-12-99%,26.0846,121.2516,76.45823399999999,83.473508,78.0,81.0,2023-12-25T19:57:46.000Z,2024-01-07T02:06:59.000Z,loitering,1
e5a51320b-b712-4fa2-ffdd-01944ff04898,404186016,ZHEDAIYU0418616,31.58,125.6021,191.245047,191.245047,187.0,187.0,2023-12-25T19:58:17.000Z,2024-01-01T11:52:38.000Z,loitering,1
11ebbde09-95d6-e763-2f29-6c92d6b35d2d,28992400,,31.5894,125.5839,189.934656,194.385234,186.0,190.0,2023-12-25T19:58:24.000Z,2024-01-02T04:23:37.000Z,loitering,1
689ba8190-0d90-1eea-3260-b6364e8bbaab,577236000,TERRY TIDE,-6.0881,10.8805,12.949541,12.913321,148.0,146.0,2023-12-25T19:59:53.000Z,2024-01-12T01:59:53.000Z,loitering,1
f474cf3b8-86a1-f008-902c-5fb7bb961b40,111250022,ZHEDAIYU11125-22_8.0,31.6443,125.6512,185.552922,180.25853099999998,182.0,176.0,2023-12-25T20:08:24.000Z,2024-01-01T11:42:39.000Z,loitering,1
7e04e929f-fa55-1181-6894-3fbc8b109189,10646620,,31.5861,125.6507,188.736859,188.736859,185.0,185.0,2023-12-25T20:12:07.000Z,2024-01-01T11:50:32.000Z,loitering,1
34a64969d-ddb6-2a2d-be47-e166a593ca47,39070013,,31.5836,125.6829,191.118141,185.783156,187.0,182.0,2023-12-25T20:16:41.000Z,2024-01-01T12:39:37.000Z,loitering,1
ad8a6732b-b7f1-bf18-0869-439d8b35e9f7,1230204,Z D Y 03209-0468%,31.5652,125.6005,192.30025,192.30025,188.0,188.0,2023-12-25T20:18:13.000Z,2024-01-01T11:44:15.000Z,loitering,1
0033f4373-388c-1edf-5554-00a42a025501,39070007,,31.5744,125.6836,190.050109,190.050109,186.0,186.0,2023-12-25T20:18:29.000Z,2024-01-01T12:28:24.000Z,loitering,1
57f3460b8-8698-97a3-9cc4-e3ac51df578b,96453984,ZHEDAIYU04539008455%,32.5909,124.6875,161.133891,161.133891,158.0,158.0,2023-12-25T20:28:55.000Z,2024-01-01T21:20:26.000Z,loitering,1
6f3da7e68-8200-504d-9c89-36bb3516dfc1,315218811,LIN21881-1-71%,29.2524,122.8603,63.001871,45.800523,66.0,64.0,2023-12-25T20:29:37.000Z,2024-01-02T17:41:45.000Z,loitering,1
7592b2293-3b75-c6f3-c3eb-6e2888b671cb,904218811,42188-11-99%,31.1746,125.6885,228.593625,236.144438,224.0,232.0,2023-12-25T20:30:42.000Z,2024-01-02T10:19:22.000Z,loitering,1
e1ac8a8ce-e6d2-9e1a-8c32-f998604bcd0a,62588403,,32.8089,124.4461,151.634438,152.02293799999998,151.0,151.0,2023-12-25T20:32:12.000Z,2024-01-01T03:51:14.000Z,loitering,1
a5732b77a-aaaa-2277-9183-d5cd33ea18f0,636021163,MERCATOR,23.4554,-88.7735,250.02909400000001,250.653766,141.0,141.0,2023-12-25T20:32:51.000Z,2024-01-04T17:42:37.000Z,loitering,1
3caf016b5-5423-59cb-7f08-23ae124343de,103265504,32655-4-88%,27.4838,123.571,181.05575,198.20310899999998,181.0,152.0,2023-12-25T20:33:43.000Z,2024-01-02T03:22:36.000Z,loitering,1
8cec19295-5476-89a3-af2f-0bf414c2559e,68180089,,32.6188,124.6593,162.269938,163.124109,159.0,160.0,2023-12-25T20:36:17.000Z,2024-01-01T02:19:37.000Z,loitering,1
523e4fd49-9587-64a1-af19-b305369eed3c,223402776,MFJYU09777-3-99%,31.4887,125.686,198.607812,198.356672,195.0,194.0,2023-12-25T20:37:06.000Z,2024-01-01T11:17:14.000Z,loitering,1
a8f107e00-04b2-2f4e-abcc-fcee24eb5265,689005009,,32.8389,124.5496,144.907828,144.907828,144.0,144.0,2023-12-25T20:38:09.000Z,2024-01-01T04:12:35.000Z,loitering,1
84f9553d8-813b-6e05-ae64-642d9e6a42f0,800588061,88061-5-99%,29.3106,122.8136,26.549857,61.931315999999995,52.0,62.0,2023-12-25T20:38:22.000Z,2024-01-02T03:07:47.000Z,loitering,1
03d9c5af6-6ce3-6a28-fe31-4fc5444b17b2,884207313,,31.3462,126.894,212.569422,210.556203,155.0,153.0,2023-12-25T20:38:36.000Z,2024-01-02T17:06:14.000Z,loitering,1
187d365e6-68d7-b235-32ed-c222190a404c,202688105,02688-105-92%,33.8219,123.7348,131.663891,130.759062,128.0,127.0,2023-12-25T20:39:58.000Z,2024-01-01T10:11:39.000Z,loitering,1
087e75301-177b-ff42-0ee7-c0089e8593d3,210233345,02333-45-68%,33.8418,123.8015,124.886523,124.886523,121.0,121.0,2023-12-25T20:40:35.000Z,2024-01-01T09:48:27.000Z,loitering,1
e9d69d16b-b3bd-7144-7492-abfbdacada60,206995512,MIN59888-12-92%,34.0971,123.9574,106.88131200000001,108.946844,102.0,104.0,2023-12-25T20:40:46.000Z,2024-01-01T07:24:48.000Z,loitering,1
59972f49b-be5b-7eea-c44c-c05a49aada2b,302333229,02333-229-97%,33.8272,123.808,125.106258,124.432477,121.0,121.0,2023-12-25T20:41:42.000Z,2024-01-01T09:23:55.000Z,loitering,1
ca1b21275-5388-e373-be08-70c3d4d04140,202333208,02333-208-92%,33.8369,123.7914,125.106258,126.699305,121.0,123.0,2023-12-25T20:42:47.000Z,2024-01-01T10:02:31.000Z,loitering,1
cd867f5f7-72df-317c-348e-df53305eb52a,302333223,02333-223-98%,33.8332,123.7909,125.106258,126.699305,121.0,123.0,2023-12-25T20:43:52.000Z,2024-01-01T10:04:47.000Z,loitering,1
b155560da-a262-488e-a59b-137303d68b3d,10670508,,32.8837,124.4126,146.238812,146.238812,146.0,146.0,2023-12-25T20:45:38.000Z,2024-01-01T04:12:29.000Z,loitering,1
b907f7597-735a-f86e-7ebe-653ffd1197dc,202688110,02688-110-91%,33.8178,123.7338,132.128672,131.235156,128.0,127.0,2023-12-25T20:45:38.000Z,2024-01-01T10:09:41.000Z,loitering,1
e6259a22d-d693-945a-53fc-e3a333399dfd,83018001,,32.8223,124.4341,151.013594,150.40403099999997,150.0,150.0,2023-12-25T20:45:48.000Z,2024-01-01T03:44:18.000Z,loitering,1
6fecdb88f-f81e-fa9f-97ea-b11e177cff27,4120016,,-16.9673,-125.3742,1021.323875,1028.633812,839.0,868.0,2023-12-25T20:50:12.000Z,2024-01-01T12:08:20.000Z,loitering,1
730f729ba-a182-7451-ce66-3df967d9b221,311210041,YOULONG-31121-41-91%,37.5466,123.1481,44.333301,43.435305,43.0,42.0,2023-12-25T20:50:18.000Z,2024-01-09T08:14:35.000Z,loitering,1
201983ec2-279e-11fa-b67b-d86a2a00fbd7,787892788,08658-74-84%,32.9063,124.5057,139.193688,139.193688,139.0,139.0,2023-12-25T20:54:22.000Z,2024-01-01T03:18:04.000Z,loitering,1
96d7ce296-69e6-d7b1-048b-811691906864,75180078,ZHE SHENG YU07518-78,32.9306,124.5099,137.16875,137.16875,137.0,137.0,2023-12-25T20:56:31.000Z,2024-01-01T04:24:43.000Z,loitering,1
3f791023f-f2d7-838a-d255-b1e8657ad780,12127271,ZHE21271-16-64%,31.2298,122.7019,1.111949,1.111949,40.0,40.0,2023-12-25T20:56:56.000Z,2024-01-01T04:17:11.000Z,loitering,1
f3182ba71-14f4-6e4b-cd88-32816f6fbf09,538010450,BULL SHARK,36.8592,15.7541,41.801987999999994,54.176223,37.0,48.0,2023-12-25T20:57:18.000Z,2024-01-01T17:55:40.000Z,loitering,1
2621edfe1-1768-abcc-adae-e4d867a4aa99,994008090,BUOY-010          9V,-8.9575,-146.2938,618.252438,607.85425,476.0,410.0,2023-12-25T20:58:20.000Z,2024-01-02T06:01:37.000Z,loitering,1
211aa3abc-ce57-ce6e-3acb-420f5757e055,258473000,OCEAN INTERVENTION 3,-7.1867,11.3431,33.930945,34.812414,147.0,146.0,2023-12-25T20:59:41.000Z,2024-01-09T16:57:43.000Z,loitering,1
d1fb470f1-1eca-2301-e799-664a5f28bc68,100812007,08120-7-74%,33.5756,124.5032,104.97872699999999,72.00305499999999,102.0,72.0,2023-12-25T21:02:07.000Z,2024-01-04T19:23:08.000Z,loitering,1
6c2338071-1eea-08f6-d551-7d0c77a4b656,231001708,MFJY01979-18-76%,32.9547,124.545,133.614656,132.974953,133.0,132.0,2023-12-25T21:04:26.000Z,2024-01-01T04:26:00.000Z,loitering,1
d3908e5f3-3dcc-e3aa-170b-ee8792853ec2,989237898,08658-57-81%,32.9068,124.4823,140.365891,140.365891,140.0,140.0,2023-12-25T21:07:24.000Z,2024-01-01T04:24:44.000Z,loitering,1
cc80554ea-a252-2bb0-ae8b-5d6dfaeb4c4d,106852608,68526---8--01%,31.3418,127.0592,223.01435899999998,197.28243799999998,149.0,134.0,2023-12-25T21:11:12.000Z,2024-01-01T05:41:16.000Z,loitering,1
84ff23223-3671-1bef-abcb-829f64f79724,900869960,MFDY08699-6099%,30.2153,125.732,253.68817199999998,253.429609,270.0,270.0,2023-12-25T21:12:04.000Z,2024-01-01T05:26:46.000Z,loitering,1
f2ee318cf-fb59-31a1-5d1c-a75adbaed534,412482929,ZHONG TAI 1,-61.5507,34.8476,3128.70075,3121.862,781.0,788.0,2023-12-25T21:13:07.000Z,2024-01-12T03:03:14.000Z,loitering,1
4a27585c1-12aa-676f-a511-0258e2c79693,601230130,08601-30-71%,32.9068,124.5707,137.356281,137.208312,137.0,137.0,2023-12-25T21:14:21.000Z,2024-01-11T16:13:27.000Z,loitering,1
56dfe2a3b-b730-2daa-3f9a-525350cf31e5,878792676,08658-57-67%,32.9014,124.5129,139.830625,140.208438,139.0,140.0,2023-12-25T21:14:41.000Z,2024-01-01T02:58:22.000Z,loitering,1
9fcfd2b9f-fb63-767a-6234-7e7217365537,665231005,07665-5-86%,32.9444,124.5223,135.769688,134.758266,135.0,134.0,2023-12-25T21:14:42.000Z,2024-01-01T04:34:07.000Z,loitering,1
c31eba673-3736-b823-776b-93213f3c4075,75180082,,32.9307,124.4763,138.357812,138.76431200000002,138.0,138.0,2023-12-25T21:14:53.000Z,2024-01-01T04:16:44.000Z,loitering,1
aa865a8a2-2798-849a-0621-74dea5c51ecd,412453140,ZHESHENGYU07348-39,32.9384,124.4475,138.599453,138.599453,138.0,138.0,2023-12-25T21:17:05.000Z,2024-01-01T04:23:52.000Z,loitering,1
0a0ec56b3-32cc-2af1-2c71-686bcd93b78b,220219927,ZHELINYU21993-27-54%,31.3449,122.7693,11.700664000000002,12.566572,53.0,54.0,2023-12-25T21:21:13.000Z,2024-01-01T03:21:48.000Z,loitering,1
ce601360a-a7c0-5688-aba0-9361618923f2,665231015,07665-15-85%,32.9422,124.4726,137.356281,136.76879699999998,137.0,136.0,2023-12-25T21:23:21.000Z,2024-01-01T03:40:28.000Z,loitering,1
81a51d8c0-05a0-037e-5fad-78ebc7e65f03,786968932,LULANYU60122-4-99%,32.9738,124.4743,134.362078,133.789031,134.0,133.0,2023-12-25T21:25:07.000Z,2024-01-02T07:14:19.000Z,loitering,1
329cb752f-ff8f-cd94-fe41-bb9383dbb3cb,220219911,ZHELINYU21993-11-40%,31.3181,122.769,10.114234,10.114234,51.0,51.0,2023-12-25T21:25:21.000Z,2024-01-09T12:41:52.000Z,loitering,1
5fafd1a93-303c-32e1-b46d-01235f8736f6,73221394,XJK21394-7_8.1V,31.3677,122.771,14.400128,14.400128,57.0,57.0,2023-12-25T21:26:25.000Z,2024-01-11T12:09:32.000Z,loitering,1
75e9e4734-47f2-deec-ff43-a5d13dc79f8e,202333219,02333-219-89%,33.8319,123.7901,125.106258,126.91610899999999,121.0,123.0,2023-12-25T21:27:04.000Z,2024-01-01T10:07:54.000Z,loitering,1
35d86d7d2-2046-2cff-ae8e-68fd819053ee,990000032,W100-59%,32.9785,124.5147,132.74025,132.134344,132.0,131.0,2023-12-25T21:29:38.000Z,2024-01-01T04:25:41.000Z,loitering,1
c4ceb772b-b6ff-1d86-bd8d-a5e6af65122e,96021375,ZHEYU07718-53-75%,32.9805,124.4706,133.789031,133.789031,133.0,133.0,2023-12-25T21:31:28.000Z,2024-01-01T05:00:28.000Z,loitering,1
b2579c478-8a29-7083-8fa4-4cf2c1375472,232810993,LULANYU60122-6-91%,32.9742,124.4752,134.362078,134.780422,134.0,134.0,2023-12-25T21:31:37.000Z,2024-01-01T04:00:38.000Z,loitering,1
54e65f496-6055-0afd-80e2-8c902ddaf21f,910468920,04689-20,29.6749,123.0626,56.389059,25.645846000000002,83.0,31.0,2023-12-25T21:32:30.000Z,2024-01-01T17:01:45.000Z,loitering,1
83c50c3c4-4589-05fa-cc34-32bff5804465,220213929,ZHELINYU21394-29-43%,31.3138,122.7708,9.418233,9.418233,50.0,50.0,2023-12-25T21:33:21.000Z,2024-01-10T01:13:30.000Z,loitering,1
4f172d6e3-38b8-085a-88e8-f36537b0b85c,110111843,MFJY01978-002-54%,33.0089,124.48,131.384344,130.395602,131.0,130.0,2023-12-25T21:34:13.000Z,2024-01-01T04:40:05.000Z,loitering,1
9322e9a5a-a466-a2e6-4268-503201457774,994025004,994025004         6V,-5.5894,-10.8186,465.873375,482.154125,457.0,474.0,2023-12-25T21:35:32.000Z,2024-01-04T10:58:04.000Z,loitering,1
f8352411a-a1fe-8186-89cb-1b64c0db0803,103265519,32655-19-89%,27.3969,123.5637,192.52220300000002,196.66775,170.0,155.0,2023-12-25T21:35:36.000Z,2024-01-01T04:42:23.000Z,loitering,1
7b58e36d2-2ac4-0278-8639-7485d1cb85e1,890007012,TAIXIANG7-12 92%,-9.8086,41.2761,137.002266,117.43042200000001,118.0,101.0,2023-12-25T21:36:08.000Z,2024-01-05T22:41:37.000Z,loitering,1
a82bdfb5d-d076-4382-35f8-09b45a47bd70,762357876,MINFUDINGYU09985-33,32.9832,124.4959,132.540219,131.95565599999998,132.0,131.0,2023-12-25T21:37:29.000Z,2024-01-01T04:26:16.000Z,loitering,1
3516478e6-6639-bb27-6fc9-a82a3359f7d3,531222522,LIN12225-22,29.2494,122.9125,59.863336000000004,54.487711000000004,72.0,71.0,2023-12-25T21:40:05.000Z,2024-01-01T07:48:27.000Z,loitering,1
65d8a0434-4f56-48b0-ad9e-df88dbe2f1a9,100468911,04689-11-50%,29.6821,123.0626,51.61141000000001,32.317634999999996,78.0,36.0,2023-12-25T21:40:08.000Z,2024-01-02T09:48:13.000Z,loitering,1
81fdee660-06d9-00b7-d2da-09c1aa523ca1,19991005,MINFUYU09991-5-  96%,33.0301,124.4703,129.842938,127.882242,129.0,127.0,2023-12-25T21:41:04.000Z,2024-01-01T05:17:30.000Z,loitering,1
c5c5a90db-bed8-6e0d-3e8d-37d511cc6e42,667672566,MINFUDINGYU09985-39,32.9847,124.499,132.540219,131.541484,132.0,131.0,2023-12-25T21:42:06.000Z,2024-01-01T05:11:32.000Z,loitering,1
19e551ae3-36b5-fb6b-e1d9-911fecbba00e,19770082,,33.0101,124.4825,130.395602,130.395602,130.0,130.0,2023-12-25T21:42:43.000Z,2024-01-01T04:45:56.000Z,loitering,1
8e4653545-5663-4a3b-ac11-98fa2146632d,10673160,,32.1849,125.7619,123.367906,122.335352,120.0,119.0,2023-12-25T21:43:33.000Z,2024-01-01T02:32:37.000Z,loitering,1
817ef701c-cfe1-b5eb-1d7d-b5937563cda7,19991023,MINFUYU09991-23- 67%,33.03,124.4725,128.861523,128.861523,128.0,128.0,2023-12-25T21:43:33.000Z,2024-01-01T04:50:40.000Z,loitering,1
de1d0fca9-928b-a4dc-80f8-687951a4c260,786768367,,33.0191,124.4847,129.408875,129.408875,129.0,129.0,2023-12-25T21:44:47.000Z,2024-01-02T00:25:37.000Z,loitering,1
33c6e55e8-8b50-de81-1c60-c8c61ce35dc6,412701222,SAMWEON-2-99%,-18.3368,179.3437,108.968391,46.860234,44.0,45.0,2023-12-25T21:47:06.000Z,2024-01-01T11:10:48.000Z,loitering,1
68d2173c3-3e22-4385-6f68-f63964ea8ee2,153265598,32655-AA-99%,27.4799,123.5617,194.210609,189.870781,167.0,176.0,2023-12-25T21:47:45.000Z,2024-01-05T16:20:01.000Z,loitering,1
1991293c2-20f3-6b9c-795d-ec37339d9005,122840008,ZHELINYU12284-8-52%,31.2301,122.6972,1.111949,1.111949,40.0,40.0,2023-12-25T21:49:49.000Z,2024-01-06T04:36:59.000Z,loitering,1
7684eccd5-5435-90c9-390a-131119c54f89,231256813,LIN12568-13-81%,29.3334,122.9375,51.654866999999996,49.484164,70.0,73.0,2023-12-25T21:53:58.000Z,2024-01-01T11:46:45.000Z,loitering,1
53c91bb47-75d6-6881-c834-8192f8df0a7f,210328814,,35.1765,119.9363,5.217335,5.217335,42.0,42.0,2023-12-25T21:55:47.000Z,2024-01-18T15:37:54.000Z,loitering,1
9811dc324-4f2c-1c3c-16b8-126bc91ecc33,106012203,LULANYU60122-03-86%,33.0076,124.4675,131.811984,131.262406,131.0,131.0,2023-12-25T21:57:20.000Z,2024-01-01T03:51:45.000Z,loitering,1
1aa35bb63-3f42-03e9-c1ae-b626eca54946,710006260,SKANDI NITEROI,-22.382,-40.0533,1.02827,0.0,105.0,105.0,2023-12-25T21:58:27.000Z,2024-01-07T11:55:38.000Z,loitering,1
e6e21f607-7b0a-8558-e6a9-c10d76637d55,371176000,PK PHOENIX,29.6167,48.7617,2.230335,2.230168,38.0,39.0,2023-12-25T21:59:11.000Z,2024-01-01T14:56:51.000Z,loitering,1
076581da7-77d7-2ab5-2878-3a772087cbb6,311210049,YOULONG-31121-49-99%,37.6618,123.1337,50.032734,49.289176,48.0,47.0,2023-12-25T21:59:56.000Z,2024-01-10T10:48:48.000Z,loitering,1
471e5ef6f-fa34-45e1-629f-751d8611e808,412410155,ZHESHENGYU05578,32.0516,125.8857,120.591109,147.28425,117.0,144.0,2023-12-25T22:08:23.000Z,2024-01-04T19:55:15.000Z,loitering,1
4f7865f4f-f5f5-7c8d-4984-fb46a465e3f2,563183400,ENA CONQUEST,7.9142,101.3367,109.71535899999999,100.439273,84.0,84.0,2023-12-25T22:08:47.000Z,2024-01-01T15:36:37.000Z,loitering,1
cbb6f2179-93c3-1b37-a600-95401df0d9b5,220219932,ZHELINYU21993-2-47%,31.4139,122.7694,18.328338,18.328338,61.0,61.0,2023-12-25T22:09:56.000Z,2024-01-05T14:25:47.000Z,loitering,1
c21505da7-72e8-6bd4-d3c6-493d106537cc,234610683,YU.WANG.QU.627-01,35.1209,119.9483,3.8039929999999997,3.8039929999999997,46.0,46.0,2023-12-25T22:19:28.000Z,2024-02-03T23:44:55.000Z,loitering,1
342ef9859-96ee-aa6c-f29a-ece4bb421fd8,142721677,LXK21677-14_8.1V,28.8781,124.1175,131.750828,195.408703,145.0,197.0,2023-12-25T22:31:26.000Z,2024-01-04T10:59:14.000Z,loitering,1
ccf188d96-66c8-8d2f-240e-9274b9672d82,412301268,SUQIYU01268,32.4572,123.3857,147.18775,135.470359,165.0,152.0,2023-12-25T22:32:12.000Z,2024-01-02T04:55:29.000Z,loitering,1
94afd6676-663a-7cfa-2752-9348150994c7,233402389,MFJY-09118-20-52%,33.523,124.0533,114.54473399999999,116.706539,112.0,114.0,2023-12-25T22:33:12.000Z,2024-01-08T10:30:37.000Z,loitering,1
876d2fb3d-dcb1-2bb3-245f-69b735c0206c,12120092,SUQIYU01212-92_8.1V,33.3473,123.9991,130.329227,130.329227,129.0,129.0,2023-12-25T22:36:41.000Z,2024-01-01T01:31:39.000Z,loitering,1
8344b9df4-483f-20c4-bb5c-fa2ad3eaa23a,219190002,21979-2-53%,31.4083,122.5869,3.335848,10.104519,53.0,66.0,2023-12-25T22:46:13.000Z,2024-01-11T11:56:18.000Z,loitering,1
4772698a0-01b2-2e3e-a2e5-1311d9577216,206780207,67802-0797%,32.9186,124.4867,139.970109,138.962438,139.0,138.0,2023-12-25T22:47:18.000Z,2024-01-01T04:38:37.000Z,loitering,1
d065793b6-64d7-ff18-9b3c-72250a2ed3c5,106176636,TIELONG61766-36-92%,26.4999,121.704,105.01863300000001,105.82723399999999,102.0,102.0,2023-12-25T22:51:34.000Z,2024-01-03T18:36:06.000Z,loitering,1
1c09c9985-53fe-5ce5-f549-4cfde41c5cdb,32387363,SUQIYU03238-63_8.1V,33.4358,124.0319,122.248422,122.248422,120.0,120.0,2023-12-25T22:53:16.000Z,2024-01-01T01:07:17.000Z,loitering,1
e93e1a748-81bb-af23-5262-4cf4694c946b,247452300,NG DRILLER,37.5977,11.9959,40.375983999999995,41.180961,39.0,40.0,2023-12-25T22:56:10.000Z,2024-01-03T21:59:02.000Z,loitering,1
300165ecb-b589-36a8-da67-98293c78bd8c,355524000,DIMITRA II,35.0993,120.0218,3.520825,4.937085,53.0,52.0,2023-12-25T22:58:25.000Z,2024-01-10T03:59:02.000Z,loitering,1
b71f3b48e-e89e-f29a-f83b-d65705bd74d4,9870034,,33.2775,124.0169,133.727875,133.727875,132.0,132.0,2023-12-25T22:59:30.000Z,2024-01-01T01:19:19.000Z,loitering,1
2ca0c94ac-c56f-0653-7f85-74ad2a9a7298,220219930,ZHELINYU21993-30-41%,31.3876,122.7748,16.330955,16.793992,59.0,59.0,2023-12-25T22:59:46.000Z,2024-01-08T16:39:16.000Z,loitering,1
7bc68dcab-be9f-cef5-4efa-bb822ffba7a8,233402442,MFJY09985-20-39%,32.9848,124.545,128.028258,132.799531,127.0,132.0,2023-12-25T23:01:14.000Z,2024-01-01T04:05:33.000Z,loitering,1
5e4f2f4e0-0c25-a488-6398-e0a00502be86,519980052,LURONGYU51998-52-99%,37.0113,123.6466,57.658641,111.083469,61.0,105.0,2023-12-25T23:02:40.000Z,2024-01-05T16:56:16.000Z,loitering,1
bc8f78c1b-b8dd-1ddb-a179-3f14963842eb,103265532,32655-32-99%,27.5424,123.581,186.025641,193.550188,184.0,174.0,2023-12-25T23:02:47.000Z,2024-01-02T06:42:22.000Z,loitering,1
0b7b3abeb-b758-7923-d861-823bfa6349be,200357513,ZHEDAIYU03575-13,32.9465,124.4102,141.30651600000002,138.369984,141.0,138.0,2023-12-25T23:03:32.000Z,2024-01-11T01:26:45.000Z,loitering,1
64536cbef-faae-797f-c72e-5d77594dcc12,135219936,LIN21993-6-47%,31.357,122.775,13.468658999999999,14.026679,55.0,56.0,2023-12-25T23:04:00.000Z,2024-01-10T08:41:50.000Z,loitering,1
7ef248c09-9655-7045-8e54-e721f78b41c1,213166542,SUQIYU01665---42 7V8,33.2258,123.8996,145.87140599999998,145.87140599999998,144.0,144.0,2023-12-25T23:08:00.000Z,2024-01-01T02:04:50.000Z,loitering,1
45ed8db08-8cf3-33af-bc45-01dffddd206b,401800033,YUE NAN AO36048-992%,33.4004,124.0881,118.10375,122.539219,117.0,121.0,2023-12-25T23:13:00.000Z,2024-01-07T11:41:44.000Z,loitering,1
9cd933895-5d20-7084-b53c-680c449d5896,220219915,ZHELINYU21993-15-39%,31.4145,122.7754,19.345574,18.742006,62.0,61.0,2023-12-25T23:15:20.000Z,2024-01-08T18:48:34.000Z,loitering,1
b9ff9c1d3-32e9-7c1b-b171-fae0006a721b,42270040,ZHEDAIYU04227-40,29.7999,123.0389,44.976608999999996,34.310355,49.0,41.0,2023-12-25T23:16:53.000Z,2024-01-04T21:35:44.000Z,loitering,1
77b3648af-f3e8-08c4-4f01-74b475bb269c,221009081,SUQIYU02609-81_8.0V,33.1878,123.9139,148.004281,147.298812,147.0,146.0,2023-12-25T23:19:23.000Z,2024-01-01T02:09:53.000Z,loitering,1
169c4436d-df10-a42d-c19a-dcd914510c62,232131805,21318-5-53%,31.3279,122.7361,9.118962,9.118962,52.0,52.0,2023-12-25T23:21:26.000Z,2024-01-04T02:08:05.000Z,loitering,1
96091ba6c-c582-d6b4-cc1d-306fa34d5853,910468917,04689-17-93%,29.6358,123.0512,53.056238,37.892891000000006,80.0,41.0,2023-12-25T23:21:29.000Z,2024-01-02T02:56:30.000Z,loitering,1
8ba8ac68c-c51f-dfea-236e-dde0580a8c5d,32190006,,33.0,124.4275,133.57325,133.57325,133.0,133.0,2023-12-25T23:21:43.000Z,2024-01-01T04:52:54.000Z,loitering,1
82a5a2afe-ee22-7c8a-3636-47faaa47fe60,266100019,MINPUYU26610-19_7.8V,33.0001,124.4469,132.68259400000002,132.68259400000002,132.0,132.0,2023-12-25T23:22:54.000Z,2024-01-01T04:17:38.000Z,loitering,1
2e35cbc27-7395-8818-a000-bd468653e0ee,1039792111,$O?;???=???:,29.6553,123.0559,56.287871,28.845521,83.0,33.0,2023-12-25T23:25:06.000Z,2024-01-01T18:47:23.000Z,loitering,1
a68344a9e-e3bc-787f-823a-9f2ce0ed5d47,48360067,ZHEDAIYU04836-67_7.7,30.1407,123.2108,26.173102,26.173102,42.0,42.0,2023-12-25T23:33:07.000Z,2024-01-01T01:33:15.000Z,loitering,1
fde9bd4f6-6dd3-0473-f389-ab80bd896784,900388101,NET--03881-1-99%,25.2238,120.3345,51.849148,65.31166,51.0,64.0,2023-12-25T23:39:21.000Z,2024-01-06T20:58:51.000Z,loitering,1
48f921959-96d4-1c2b-32d8-cba829fd32fe,56020025,,35.147,119.9573,4.680203000000001,4.680203000000001,45.0,45.0,2023-12-25T23:41:14.000Z,2024-02-03T22:03:30.000Z,loitering,1
e1da4f3b7-739a-de45-3bcd-8dd790beee2b,103218822,32188-22-67%,27.4901,123.5857,195.383094,190.45676600000002,168.0,179.0,2023-12-25T23:45:26.000Z,2024-01-02T16:08:09.000Z,loitering,1
1270fd97c-c79d-5227-c535-951ff7420e14,32320147,,33.1423,124.0506,142.28371900000002,142.28371900000002,141.0,141.0,2023-12-25T23:47:27.000Z,2024-01-01T00:13:10.000Z,loitering,1
ca4ca6981-16bf-99ba-8d4d-7dd07703bfc4,48360090,ZHEDAIYU04836-9059%,30.1518,123.216,27.011457,27.011457,42.0,42.0,2023-12-25T23:49:53.000Z,2024-01-01T01:49:01.000Z,loitering,1
5097bfedc-c883-994a-e03d-460147535397,352001859,MORAY,1.8593,104.7475,38.02793,36.297941,61.0,60.0,2023-12-25T23:52:21.000Z,2024-01-25T04:57:38.000Z,loitering,1
82792c45c-ca0c-3730-3d39-93521f1f4288,141178927,11789-27-81%,27.4443,123.6679,202.068016,203.177281,167.0,168.0,2023-12-25T23:54:19.000Z,2024-01-02T05:56:36.000Z,loitering,1
2f0e5b24a-a130-1000-f93d-b613f8a389d1,752260059,75226-59-99%,37.5688,123.5027,73.699359,74.35841400000001,73.0,74.0,2023-12-25T23:54:54.000Z,2024-01-23T06:36:52.000Z,loitering,1
653b08bcc-cb47-1136-2341-694a602210f8,994073001,X.S.J.67 NO:01    9V,-9.6904,40.2226,60.045262,66.752898,48.0,52.0,2023-12-25T23:57:20.000Z,2024-01-24T07:40:46.000Z,loitering,1
0b67d73c4-444d-2485-04c4-6173b0dc74ea,81060239,TUNA STAR-7,-11.5691,-134.7692,437.347906,449.04071899999997,431.0,442.0,2023-12-26T00:00:28.000Z,2024-01-01T02:58:10.000Z,loitering,1
055a2740f-fe1f-f015-eb0a-9772e0e84047,129555523,95555-23-81%,21.9722,116.3996,84.568867,122.810219,82.0,121.0,2023-12-26T00:13:37.000Z,2024-01-03T18:03:11.000Z,loitering,1
82863d91c-c614-1bad-48f7-e2553fd4d5b7,123028862,64955-1376%,32.9831,124.0824,153.723391,153.723391,153.0,153.0,2023-12-26T00:18:02.000Z,2024-01-01T03:22:40.000Z,loitering,1
ca1e03133-3130-5bd5-eb89-246e9ac97839,220219926,ZHELINYU21993-26-45%,31.3906,122.7692,16.330955,16.330955,59.0,59.0,2023-12-26T00:19:33.000Z,2024-01-06T04:52:39.000Z,loitering,1
8a452c6b6-6fe6-28e3-6f83-a900080ca657,18706050,BALAYA 1 NET 1  58%,-9.9655,51.9848,388.737438,391.410375,90.0,88.0,2023-12-26T00:19:51.000Z,2024-01-03T06:51:14.000Z,loitering,1
0356d2b71-1496-b337-d534-71a908ab1f84,41350022,ZHE DAI YU 04135--22,32.9423,124.1204,154.93518799999998,154.93518799999998,154.0,154.0,2023-12-26T00:25:46.000Z,2024-01-01T02:05:23.000Z,loitering,1
51ea09e7d-dbb0-2410-37c6-1828798bf8e8,168803401,BUOY-05  76%,-5.6201,-10.6501,479.753531,495.486688,471.0,487.0,2023-12-26T00:26:01.000Z,2024-01-04T08:34:16.000Z,loitering,1
bd12768f6-6fe1-8011-4111-3f4533b4e74c,413173762,TIELONG61737-78%,26.7477,121.6601,91.57233599999999,84.234008,97.0,93.0,2023-12-26T00:38:00.000Z,2024-01-05T00:14:10.000Z,loitering,1
970bf1f8e-e483-4037-595b-f08ebdc17b5d,48641201,,32.9509,124.1146,154.61296900000002,154.61296900000002,154.0,154.0,2023-12-26T00:43:20.000Z,2024-01-01T03:21:06.000Z,loitering,1
140c99965-578b-c46d-9410-ad3d9d981ef8,48500039,,32.8416,124.0647,156.94734400000002,176.979703,156.0,176.0,2023-12-26T00:44:27.000Z,2024-01-01T17:53:33.000Z,loitering,1
7d288777e-ee27-e6d3-7d56-aed867f97794,23880003,SUQIYU02388--0396%,33.5124,122.9503,162.327078,162.327078,193.0,193.0,2023-12-26T00:47:39.000Z,2024-01-02T08:26:14.000Z,loitering,1
e145285cd-d103-b08a-80d7-b5e64c192838,23880064,SUQIYU02388-64_8.1V,33.4595,122.9502,159.067734,159.067734,190.0,190.0,2023-12-26T00:47:50.000Z,2024-01-02T07:57:53.000Z,loitering,1
8051e9ccf-fee7-1b34-cce9-ea22e24c7a0d,48640010,,32.9676,124.129,151.71290599999998,151.71290599999998,151.0,151.0,2023-12-26T00:51:29.000Z,2024-01-01T03:06:45.000Z,loitering,1
b37fa10d7-7136-1aef-6e99-385eccfba15a,22580508,SUQIYU02258-50856%,33.6317,122.818,161.646062,161.646062,193.0,193.0,2023-12-26T00:54:48.000Z,2024-01-02T06:58:31.000Z,loitering,1
b6020f446-6720-e8bf-412e-417cd46783dc,636019807,PACIFIC GUARDIAN,29.4427,122.9229,38.017508,42.429828,65.0,69.0,2023-12-26T00:57:43.000Z,2024-01-02T11:59:06.000Z,loitering,1
84c2c39c7-71bc-bc7c-6a2e-76be3a50a4fc,412367228,SU QI UI 01279,33.0609,124.0149,152.1055,149.030938,151.0,148.0,2023-12-26T00:58:41.000Z,2024-01-01T00:00:40.000Z,loitering,1
86df84c32-226a-d2b2-608a-aa094b81ac18,412000055,BEIYOUYUWANGQU,35.1687,119.8771,4.308884,4.308884,38.0,38.0,2023-12-26T01:01:53.000Z,2024-01-03T15:55:24.000Z,loitering,1
a990b7340-00a9-3b13-3fa5-790925b3ecfa,48641202,,32.9599,124.1212,153.162906,153.162906,152.0,152.0,2023-12-26T01:03:09.000Z,2024-01-01T02:41:05.000Z,loitering,1
57e4e8dcd-dc27-c12f-2379-1de70c177200,41350021,ZHE DAI YU 04135--21,32.9404,124.1121,154.61296900000002,155.497422,154.0,155.0,2023-12-26T01:04:44.000Z,2024-01-01T03:03:10.000Z,loitering,1
4c5cb8cb2-2673-395b-c007-5536ff31f371,903220950,YSY32209-50-59%,33.2139,124.232,125.168445,125.168445,124.0,124.0,2023-12-26T01:08:34.000Z,2024-01-01T01:14:01.000Z,loitering,1
66c402bb2-236c-e61c-b532-c88be4480a6f,701453038,SHENG01453-38,31.2503,122.9481,15.230958000000001,15.230958000000001,50.0,50.0,2023-12-26T01:11:38.000Z,2024-01-04T17:58:46.000Z,loitering,1
1b712a130-0961-ace9-3557-71bc6fca179e,412323137,LU LAN YU  60043,32.9568,124.1689,149.475609,151.27409400000002,149.0,150.0,2023-12-26T01:12:37.000Z,2024-01-01T12:31:10.000Z,loitering,1
bedda8730-097f-00ae-f7a7-2a7182a4bee3,48010109,YANGZHIQU 9_7.9V,35.0278,119.8859,2.223899,2.403118,47.0,46.0,2023-12-26T01:18:30.000Z,2024-01-13T05:32:36.000Z,loitering,1
85b3d5429-9a59-2673-a0a9-27cf41657f3d,677018900,JAL  GAMINI,1.7413,104.6918,23.634676,22.810109,51.0,49.0,2023-12-26T01:21:27.000Z,2024-01-22T04:59:44.000Z,loitering,1
446ea8f76-6c69-64f6-3af3-9d8b8bdfe0cc,18706054,BALAYA 1 NET 2  85%,-9.893,52.1804,384.295156,438.33759399999997,89.0,136.0,2023-12-26T01:28:27.000Z,2024-01-05T12:26:35.000Z,loitering,1
000efa352-2147-4550-1e24-d4509999ad2d,620913000,ELLES PRIDE,29.2623,49.4421,9.718007,9.170345,81.0,80.0,2023-12-26T01:32:29.000Z,2024-01-01T05:55:40.000Z,loitering,1
af04a8025-50ad-6d69-5a09-26cd80f7db40,210689336,68933-6-70%,25.4855,121.0929,37.571391000000006,41.272578,41.0,44.0,2023-12-26T01:36:13.000Z,2024-01-16T01:55:17.000Z,loitering,1
9615d43de-e06f-c3c5-b8c9-5db71eff5fea,901419086,NET-ZSY01419-86-99%,31.2239,122.9585,17.092293,12.250611000000001,50.0,45.0,2023-12-26T01:41:06.000Z,2024-01-08T04:47:41.000Z,loitering,1
052aca8d3-3fcd-4530-aff4-c7fc9880e81b,45350016,,32.9404,124.1695,152.177547,152.177547,151.0,151.0,2023-12-26T01:42:18.000Z,2024-01-01T03:17:39.000Z,loitering,1
c17d53da8-8432-d407-b1ac-208d66bf64e4,689910059,TIELONG68991-59-80%,22.2982,116.0545,58.515910000000005,57.872133000000005,57.0,55.0,2023-12-26T01:42:43.000Z,2024-01-04T20:34:11.000Z,loitering,1
e60f712a2-2853-e8df-652f-5f1dde1de487,415089904,089-4-99%,36.4728,123.6056,76.71247699999999,132.582547,80.0,137.0,2023-12-26T01:45:58.000Z,2024-01-01T08:59:17.000Z,loitering,1
ad6cfdd3c-ced3-2ce0-4ab7-4c83b3b240b4,273219517,32195--17-48%,31.4088,122.5973,3.335848,13.194261000000001,53.0,68.0,2023-12-26T01:46:44.000Z,2024-01-01T08:53:40.000Z,loitering,1
f0ce74ec5-59ed-21dd-a3c7-f556ce0565b5,980449831,SUQIYU04498-31_7.6V,32.6045,123.1906,133.674969,133.674969,149.0,149.0,2023-12-26T01:48:08.000Z,2024-01-08T02:02:52.000Z,loitering,1
95510a8e4-44c6-577a-2815-7bb1c8a56580,413003320,108-20-93%,36.4651,123.6111,75.016773,135.483625,79.0,140.0,2023-12-26T01:51:18.000Z,2024-01-01T06:59:29.000Z,loitering,1
7f87c8dd2-22da-53ca-9ac5-e0e862d6dd31,752260058,75226-58-99%,37.5352,123.504,72.827008,73.95506200000001,72.0,74.0,2023-12-26T01:56:36.000Z,2024-01-11T10:39:49.000Z,loitering,1
76ae45db2-2294-ffc8-4d29-1d2b7656bdcb,801429089,SHENG01429-89,31.1945,122.9616,14.893604,14.31535,48.0,43.0,2023-12-26T01:57:21.000Z,2024-01-01T20:10:25.000Z,loitering,1
c2c961e23-3b06-750e-22c2-88390a3d9e4f,220213926,ZHELINYU21394-26-48%,31.3171,122.7813,10.846529,10.846529,51.0,51.0,2023-12-26T02:05:36.000Z,2024-01-07T22:57:36.000Z,loitering,1
84164e475-5ea7-7208-8ab1-0b499d85da17,44980011,SUQIYU04498*011_8.0V,32.613,123.1906,134.107328,134.107328,150.0,150.0,2023-12-26T02:10:47.000Z,2024-01-08T02:00:17.000Z,loitering,1
a181d226b-befe-dacb-9c1a-607e374eb974,907785060,NET-ZSY07785-60-99%,31.2128,122.9654,14.430435,14.945507,47.0,47.0,2023-12-26T02:14:12.000Z,2024-01-05T02:18:18.000Z,loitering,1
2300080b1-115c-3233-d6e4-9f4da547cc54,901429060,SHENG01429-6068%,31.1959,122.9512,13.50291,11.892695999999999,45.0,45.0,2023-12-26T02:14:35.000Z,2024-01-14T22:48:33.000Z,loitering,1
c49ed2d5d-d61d-0b01-c382-33898e1e7e22,77850018,ZHESHENG07785-18-87%,31.2205,122.964,14.430435,14.430435,47.0,47.0,2023-12-26T02:15:28.000Z,2024-01-05T18:47:10.000Z,loitering,1
827a15e9f-f542-b369-daaa-0cfbb09acd41,10449809,SUQIYU04498*09_7.7V,32.6109,123.1907,134.107328,134.107328,150.0,150.0,2023-12-26T02:16:19.000Z,2024-01-08T02:04:42.000Z,loitering,1
0463c4776-6fc1-48db-c6f0-02c39efe83c9,202688112,02688-112-99%,33.8143,123.7306,131.89181200000002,131.89181200000002,128.0,128.0,2023-12-26T02:22:17.000Z,2024-01-01T09:44:17.000Z,loitering,1
088fdea76-6022-414d-4036-01da54e92a8d,630290016,YUWANGQU63029-16-99%,35.1418,119.8881,1.818589,1.818589,41.0,41.0,2023-12-26T02:25:30.000Z,2024-01-05T15:56:36.000Z,loitering,1
c7be46368-87b3-64d7-c746-0e924fa2a78b,220213932,ZHELINYU21394-32-48%,31.4026,122.7823,17.759898,17.759898,60.0,60.0,2023-12-26T02:46:38.000Z,2024-01-09T15:32:42.000Z,loitering,1
7e86fe875-576d-00b1-c3be-96c99eae70d3,994140121,994140121         9V,-20.0291,77.5455,1492.277125,1462.728625,1486.0,1457.0,2023-12-26T02:48:11.000Z,2024-01-04T12:31:56.000Z,loitering,1
b31e30162-2d52-9c68-15f8-0f05687eb15a,602132130,LIN21321-30-48%,31.3227,122.7682,10.114234,10.114234,51.0,51.0,2023-12-26T03:05:00.000Z,2024-01-10T03:48:44.000Z,loitering,1
5eb8cc773-3a4a-7b40-6f03-ac6e188fb5e3,300021819,ZLY21819-399%,31.4278,122.75,18.833896,18.833896,63.0,63.0,2023-12-26T03:35:31.000Z,2024-01-04T08:37:59.000Z,loitering,1
9154c4500-066f-dfaf-da35-1a0915ade449,34111122,,35.0732,119.834,4.937085,4.937085,42.0,42.0,2023-12-26T03:41:02.000Z,2024-01-09T07:10:39.000Z,loitering,1
9ecae9bb2-2ecf-02be-e5c5-4de99121f168,68890030,ZHEDAIYU06889-30-91%,32.8633,124.4723,143.782422,147.824812,143.0,147.0,2023-12-26T03:47:19.000Z,2024-01-01T16:57:48.000Z,loitering,1
4928fb72c-cb73-6737-f808-f3c2540405a6,898259991,LIAOWAYU25999-1-47%,38.2969,121.6598,54.557094,59.140281,57.0,62.0,2023-12-26T03:51:36.000Z,2024-01-01T02:49:18.000Z,loitering,1
3f21130b0-01ac-b493-a5fd-385d962a4595,33730059,SUSHEYU03373-59_8.0V,33.5568,123.85,130.212523,130.212523,127.0,127.0,2023-12-26T03:55:50.000Z,2024-01-01T02:05:28.000Z,loitering,1
1bfcfb075-5841-49c1-c3da-99ea89091806,33730061,SUSHEYU03373-61_8.1V,33.5466,123.8491,130.687945,130.687945,128.0,128.0,2023-12-26T03:56:16.000Z,2024-01-01T02:01:20.000Z,loitering,1
af834b6be-e3dc-9ace-6da8-dbffedbcf5cc,220213934,ZHELINYU21394-34-41%,31.3842,122.7873,16.37924,16.37924,58.0,58.0,2023-12-26T03:56:21.000Z,2024-01-08T03:29:24.000Z,loitering,1
07401a82f-f7d7-58dc-21a9-251e1c43691b,994140126,994140126         9V,-20.1144,77.6843,1480.872875,1503.43525,1475.0,1489.0,2023-12-26T03:56:39.000Z,2024-01-02T07:40:25.000Z,loitering,1
c10416091-1e44-3a23-708a-9111d95fcad2,212191513,ZHELINYU21915-13-,31.3194,122.7859,11.610447,11.610447,52.0,52.0,2023-12-26T03:58:29.000Z,2024-01-11T11:22:36.000Z,loitering,1
1e522af28-8010-fa52-b18c-b136c59291b2,222183537,ZHELINYU21689-12-99%,31.2895,122.7279,5.057572,5.057572,47.0,47.0,2023-12-26T03:59:31.000Z,2024-01-03T16:40:47.000Z,loitering,1
9466bd5b4-4ccb-0029-7c14-d99c688ad98d,80335839,SUSHEYU03358-39_8.0V,33.5482,123.7757,136.56907800000002,137.873859,134.0,135.0,2023-12-26T04:00:18.000Z,2024-01-01T02:29:05.000Z,loitering,1
d886dbf04-42e0-6406-fb9f-82fbed791906,212208903,22089-03-88%,32.8746,124.4754,143.782422,144.401,143.0,144.0,2023-12-26T04:19:12.000Z,2024-01-01T12:46:05.000Z,loitering,1
1be594153-370d-f21a-7105-31f73785316f,80706002,YUWANGQU-02,35.0936,119.8956,4.539859000000001,4.539859000000001,45.0,45.0,2023-12-26T04:27:21.000Z,2024-01-05T03:26:47.000Z,loitering,1
1814d4129-906b-0940-310d-f60b00ff318a,994140995,994140995         9V,-16.9462,77.056,1186.25375,1186.486625,1166.0,1166.0,2023-12-26T04:28:13.000Z,2024-01-04T13:15:08.000Z,loitering,1
62f8fa1d9-9bcf-a41c-0161-3f1b0106d583,525600570,INDAH JAYA 1,1.3277,133.1635,274.268531,254.604375,211.0,173.0,2023-12-26T04:33:36.000Z,2024-01-01T01:52:17.000Z,loitering,1
0bb9a0768-879f-6fb2-8a2b-638fce095f0e,59046844,BUOY-220121-020-100%,-20.0178,77.5282,1489.15175,1461.943,1483.0,1456.0,2023-12-26T04:38:09.000Z,2024-01-04T12:30:22.000Z,loitering,1
63723e7e3-387f-19de-c59c-65cec27d7cdc,521289812,LIN12898-12-65%,30.1632,123.1801,23.099684,23.099684,38.0,38.0,2023-12-26T04:39:51.000Z,2024-01-01T02:08:16.000Z,loitering,1
54bf2f7e3-31f7-1833-b9d3-66e56416dd11,151804,01518+4*78%,30.486,124.1761,89.31339100000001,115.604984,104.0,135.0,2023-12-26T04:44:57.000Z,2024-01-02T09:38:50.000Z,loitering,1
e200c58f1-10c9-97c8-9567-e10f4bb7647f,100518001,,30.4853,124.1776,89.31339100000001,115.604984,104.0,135.0,2023-12-26T04:46:13.000Z,2024-01-02T09:36:47.000Z,loitering,1
6dbeb523b-b627-70c8-f2c9-102c2f23c4f7,800804323,NET04323--8--30%,30.5571,124.1504,98.32219500000001,97.573289,120.0,116.0,2023-12-26T04:48:27.000Z,2024-01-01T01:07:47.000Z,loitering,1
cdb846789-9184-e8d2-15cf-73f58111b330,902208308,22083-08-65%,34.1006,123.9477,108.745289,108.946844,104.0,104.0,2023-12-26T04:48:43.000Z,2024-01-01T07:11:39.000Z,loitering,1
57aa20af8-8450-d5fc-820d-61d1c1d2b9ac,67988072,MINLIANYU67988-72,34.1021,123.9648,106.983812,107.903594,102.0,103.0,2023-12-26T04:49:01.000Z,2024-01-01T08:30:30.000Z,loitering,1
beae18a09-903c-2c76-3011-f708b566da92,96699676,MINLIANYU69967-0666%,33.0039,124.3673,136.36159400000003,135.40864100000002,136.0,135.0,2023-12-26T04:50:44.000Z,2024-01-01T17:17:17.000Z,loitering,1
dac3d5d53-381e-72ff-b8c5-8086e1f148b5,60086945,,35.0546,119.8235,5.0652479999999995,5.0652479999999995,42.0,42.0,2023-12-26T04:56:00.000Z,2024-01-31T21:25:30.000Z,loitering,1
2c3285f43-3916-4152-95e0-90e5527d7bae,168804129,BUOY-03  100%,-2.1761,-21.2419,943.018125,1036.14,941.0,1035.0,2023-12-26T04:56:08.000Z,2024-01-04T23:45:33.000Z,loitering,1
9ad642326-632f-ad92-cbae-73f1567cd15e,412163649,TIELONG6163649-99%,25.6192,121.2024,46.96023,49.071379,46.0,47.0,2023-12-26T04:56:27.000Z,2024-01-02T08:31:41.000Z,loitering,1
ade0bb643-3c74-e8ce-f7ab-f2642dc86364,710005570,SKANDI VITORIA,-22.3783,-40.1434,5.601715,5.295896,97.0,96.0,2023-12-26T04:59:45.000Z,2024-01-04T01:59:10.000Z,loitering,1
7f43b8b95-5a7f-f6d1-b71e-3dde44abee12,233101131,MLY65887-33-79%,33.0348,124.4679,127.882242,129.304016,127.0,129.0,2023-12-26T05:12:35.000Z,2024-01-01T14:07:23.000Z,loitering,1
4c07b05fd-d0b9-9b8b-fe05-40d93703061f,800971080,71080-9-99%,31.366,122.7455,12.495361,13.494283,55.0,56.0,2023-12-26T05:15:24.000Z,2024-01-03T10:37:54.000Z,loitering,1
5b5893936-634b-ab95-d9a8-0e7d0d3b39fa,210822906,04229-6-52%,35.1441,119.8864,1.818589,1.818589,41.0,41.0,2023-12-26T05:19:07.000Z,2024-01-05T10:05:29.000Z,loitering,1
3232dc961-1e9f-af47-adc6-04a52ae37ffa,18706578,BALAYA NET 7  97%,-10.4175,51.972,356.293375,358.375781,94.0,90.0,2023-12-26T05:26:12.000Z,2024-01-03T11:32:07.000Z,loitering,1
4c115d226-6b2a-b021-91ef-cf722ae332d8,417014411,85555-11-74%,38.693,123.4553,46.801082,38.193418,50.0,41.0,2023-12-26T05:27:16.000Z,2024-01-03T17:10:27.000Z,loitering,1
fbae6acf2-23a4-14bf-18b0-1f6a96e842af,103265502,32655-2-88%,27.4148,123.5958,194.129234,197.036844,176.0,153.0,2023-12-26T05:42:10.000Z,2024-01-02T03:11:41.000Z,loitering,1
dfd0ab8d8-8cd1-91cc-2cf1-73078df30d13,77850037,NET-ZSY07785-37-99%,31.166,122.9428,11.419486999999998,11.470498,40.0,43.0,2023-12-26T05:42:21.000Z,2024-01-11T04:56:31.000Z,loitering,1
7ab4d4194-4170-f074-96f6-bf6bc0551cd9,577171000,DEMAREST TIDE,33.5205,31.5412,158.483562,158.483562,158.0,158.0,2023-12-26T05:43:58.000Z,2024-01-02T20:38:24.000Z,loitering,1
8a077743b-bf2d-22ce-bbd9-b9c204af69f2,168800306,BUOY-04  12.5V,7.2427,-29.4145,997.025625,1015.509125,972.0,990.0,2023-12-26T05:45:50.000Z,2024-01-01T12:26:04.000Z,loitering,1
bd746546e-ebbd-dd64-b1c4-5f0c76ed6cdd,168804394,BUOY-03  65%,-5.3259,61.5836,638.329438,654.935562,617.0,617.0,2023-12-26T05:50:10.000Z,2024-01-01T06:25:10.000Z,loitering,1
9dbe5705b-bf42-e4fc-ddce-a158db3ad8f2,311210043,YOULONG-31121-43-99%,37.5607,123.1779,47.339691,47.339691,46.0,46.0,2023-12-26T05:51:03.000Z,2024-01-09T23:07:10.000Z,loitering,1
64ddaaf96-6b4c-8747-ea30-4c8e3b20bc1d,519980120,LURONGYU51998-12099%,37.3633,123.2463,46.846233999999995,49.500441,48.0,51.0,2023-12-26T05:51:47.000Z,2024-01-21T23:19:25.000Z,loitering,1
97d851080-0266-6fee-43d2-3a00b3b363de,100032652,ZHE DAI YU 04266-02,33.1754,124.2163,128.292711,129.136414,128.0,128.0,2023-12-26T05:55:15.000Z,2024-01-01T01:03:34.000Z,loitering,1
820dd092f-fc1c-a39a-4640-50b808677b1a,587700030,LURONGYU58770-30-75%,33.1831,124.1672,131.380062,131.380062,131.0,131.0,2023-12-26T05:58:13.000Z,2024-01-01T01:45:06.000Z,loitering,1
fcf870827-7fc0-28fc-f146-391ff5ff750f,431151000,FRONTIER ROSE,51.9312,2.9384,1.306311,0.685654,55.0,55.0,2023-12-26T05:59:41.000Z,2024-01-16T09:59:16.000Z,loitering,1
015f0304e-e0df-acb5-4bec-c1b8150352db,352001571,ETERNAL BRIGHT,44.9234,30.2799,42.999987999999995,42.999987999999995,51.0,51.0,2023-12-26T05:59:55.000Z,2024-01-04T17:59:28.000Z,loitering,1
d6abf0700-09df-3408-98ea-9dbebb6c0b73,6588519,MINYU65885-19_33%,33.075,124.2169,136.90220300000001,137.782906,136.0,137.0,2023-12-26T06:06:26.000Z,2024-01-01T02:27:25.000Z,loitering,1
530921968-8b55-6c78-a117-3346ee4157a1,664314157,MARLU 4 I  100%,-8.8387,52.0027,489.377969,477.132094,123.0,108.0,2023-12-26T06:10:06.000Z,2024-01-02T08:34:03.000Z,loitering,1
5c9c4f0bc-ce65-1ec2-9c22-80f7f49482e4,18705985,BALAYA 1 NET 4  86%,-10.1476,51.9193,372.40868800000004,370.19193800000005,84.0,77.0,2023-12-26T06:14:37.000Z,2024-01-03T18:26:25.000Z,loitering,1
8df9938c0-0896-649c-a040-0b50dc177d15,96338778,ZHEDAIYU03387-7857%,33.1488,124.2189,130.835828,131.691406,130.0,131.0,2023-12-26T06:20:15.000Z,2024-01-01T01:18:21.000Z,loitering,1
3372678a4-48a3-9e25-2698-de582f13bcdf,100002797,09666-6-80%,33.2445,124.1507,127.04875,127.833484,126.0,127.0,2023-12-26T06:22:50.000Z,2024-01-05T22:10:39.000Z,loitering,1
598e67683-36a3-91be-92d1-afcc4dbcc82b,300120802,SUQIYU01208-2-99%,33.0932,123.9013,155.379797,156.909688,154.0,156.0,2023-12-26T06:22:55.000Z,2024-01-01T01:15:28.000Z,loitering,1
622c889b8-8d9e-e95a-5d5c-2ab655a0eb4f,800288918,NET88918---2-81%,24.9354,120.0075,47.340633000000004,42.555344,50.0,44.0,2023-12-26T06:23:35.000Z,2024-01-04T23:10:15.000Z,loitering,1
404a28308-8d88-149f-df86-f8221d45e267,10667869,,33.1053,124.1946,134.334875,138.051109,134.0,137.0,2023-12-26T06:27:17.000Z,2024-01-01T16:53:24.000Z,loitering,1
d42725f29-9e1e-ad96-857c-5f1fa52545bd,168804135,BUOY-09  100%,-2.2849,-21.4748,967.826812,1035.1835,966.0,1034.0,2023-12-26T06:28:22.000Z,2024-01-05T06:58:54.000Z,loitering,1
490c439c5-561f-8903-59a3-3fb459512a05,10338761,,33.1201,124.2167,136.024875,130.835828,135.0,130.0,2023-12-26T06:29:01.000Z,2024-01-01T01:18:53.000Z,loitering,1
1a5433570-0821-3fcb-00c0-2089943fbc16,26579081,,33.141,124.1842,134.092703,134.092703,133.0,133.0,2023-12-26T06:31:25.000Z,2024-01-01T01:29:46.000Z,loitering,1
374d2a51f-f9ee-c5fa-36a8-dfacb1be0d3a,587700015,LURONGYU58770-15-95%,33.208,124.1669,128.932953,128.932953,128.0,128.0,2023-12-26T06:32:11.000Z,2024-01-01T00:55:59.000Z,loitering,1
542a8b40a-a1e1-f24f-1f63-34c6b03540f4,39212228,ZHEDAIYU03921-28_8.1,33.1123,124.201,135.451406,135.451406,135.0,135.0,2023-12-26T06:32:49.000Z,2024-01-01T01:14:40.000Z,loitering,1
7d4bdf635-5dff-6cdd-76c8-b47eae3302d9,921501861,YUE LAI YU 15018-61,33.31,124.1281,121.763211,125.91132,121.0,125.0,2023-12-26T06:33:27.000Z,2024-01-05T21:32:44.000Z,loitering,1
9e8433582-2a3d-0c81-8064-3b64dc85bc0a,664304743,MARLOU2 4  65%,-9.3268,52.5971,478.092625,496.642531,167.0,176.0,2023-12-26T06:33:35.000Z,2024-01-04T14:05:10.000Z,loitering,1
59e6e42cd-d223-462a-61ba-b3f9e4caa2c5,18706580,BALAYA NET 9  100%,-10.5159,51.9723,350.668156,351.964562,98.0,94.0,2023-12-26T06:33:57.000Z,2024-01-03T13:30:51.000Z,loitering,1
25d925a47-7447-4427-73db-97d9e6a9fa64,18706577,BALAYA NET 6  72%,-10.3364,51.9363,360.34381199999996,358.641375,89.0,82.0,2023-12-26T06:35:16.000Z,2024-01-03T16:37:01.000Z,loitering,1
858e9a21b-b869-61d3-3e77-8306a9332c4f,608119016,,33.2682,124.1157,127.515227,128.195203,126.0,127.0,2023-12-26T06:38:42.000Z,2024-01-01T16:13:44.000Z,loitering,1
f58a66c90-0cfa-9042-e576-58770371fd74,606095073,,33.1573,124.1863,131.802375,131.802375,131.0,131.0,2023-12-26T06:38:56.000Z,2024-01-01T01:14:02.000Z,loitering,1
444a551db-b9ed-a412-ea5f-34ac622f293e,587700027,LURONGYU58770-27-90%,33.1748,124.1676,131.380062,132.20440599999998,131.0,131.0,2023-12-26T06:39:46.000Z,2024-01-01T01:48:48.000Z,loitering,1
e29b33fa0-01d5-31a3-3498-11205ec72a44,689130068,TIELONG68913-68  90%,24.8155,119.8593,42.45973,55.602222999999995,46.0,43.0,2023-12-26T06:42:21.000Z,2024-01-08T01:48:25.000Z,loitering,1
4f5f2a4d5-5def-4cb3-a5d3-84ac6ed2348b,123004553,QIONGWENYU12-81%,33.1342,124.1726,134.93704699999998,134.702234,134.0,134.0,2023-12-26T06:43:34.000Z,2024-01-01T01:00:07.000Z,loitering,1
0e85d634d-dd83-a6f2-d1e9-7336a3fcd09a,390906454,QIONGWENYU338225459%,33.156,124.1879,131.802375,133.25228099999998,131.0,132.0,2023-12-26T06:45:29.000Z,2024-01-01T01:30:34.000Z,loitering,1
7b5b1a31c-c02b-6bb4-d5ef-6b8d35823f77,930670904,MINFUDINGYU06709-04,33.2056,124.2008,127.03428100000001,127.235727,126.0,126.0,2023-12-26T06:46:22.000Z,2024-01-07T21:51:38.000Z,loitering,1
90df43a70-0cb0-4217-e01a-6ec66d08ffb4,14920004,NET4-ZSY01492-68%,30.2278,123.4238,26.743143,67.764852,28.0,78.0,2023-12-26T06:49:07.000Z,2024-01-06T15:25:13.000Z,loitering,1
657e00621-10c9-82cc-ce1e-b9a6e6cfcae8,39212227,ZHEDAIYU03921-27_8.1,33.0908,124.1935,137.181016,137.764781,136.0,137.0,2023-12-26T06:49:18.000Z,2024-01-01T00:35:13.000Z,loitering,1
05fd65fae-edb2-726d-2df8-2dc11f950d93,587700004,LURONGYU58770-04-99%,33.1995,124.1675,129.744266,129.744266,129.0,129.0,2023-12-26T06:50:25.000Z,2024-01-01T01:15:51.000Z,loitering,1
6fc3411da-a95b-cbe4-9582-afa0d25aa2fa,10663607,,33.1638,124.0362,129.564297,153.210688,128.0,152.0,2023-12-26T06:50:59.000Z,2024-01-01T12:54:11.000Z,loitering,1
bc53461e4-4849-9376-f731-eed58ea14483,565869000,VALLIANZ SUPREME,28.6108,49.5397,7.186656,5.364086,98.0,98.0,2023-12-26T06:54:05.000Z,2024-01-02T13:58:01.000Z,loitering,1
78c7aff37-72b8-b138-9023-fe4a9abe2ca9,10665199,,33.1497,124.1674,133.865578,133.865578,133.0,133.0,2023-12-26T06:54:56.000Z,2024-01-01T01:16:36.000Z,loitering,1
b7083297b-b010-79df-acb7-49ae9b4720b3,352212000,ROYAL KALEIDO,14.8158,119.0439,55.350469,193.99820300000002,31.0,178.0,2023-12-26T06:56:56.000Z,2024-01-01T15:56:07.000Z,loitering,1
85a630b5a-af65-9aba-24b6-c5e9ff10ea0f,910468924,04689-24-31%,29.6936,123.0598,51.09175,30.994594,77.0,35.0,2023-12-26T06:58:24.000Z,2024-01-01T18:56:16.000Z,loitering,1
1d467e950-096e-4a32-9510-666c798ecb85,373747000,GMS SHARQI 5603,26.948,50.5022,0.0,0.0,48.0,48.0,2023-12-26T06:59:07.000Z,2024-01-09T03:58:42.000Z,loitering,1
09dfa984e-e27e-7898-dab8-1baf48dba3ff,587700001,LURONGYU58770-01-98%,33.2084,124.1504,130.216266,130.216266,129.0,129.0,2023-12-26T06:59:12.000Z,2024-01-01T00:56:07.000Z,loitering,1
a6d66e6c7-730f-7e9d-c7c9-950e07866e0a,538005307,ENSCO DS-8,-21.385,-40.1127,7.6413,7.597307,80.0,82.0,2023-12-26T06:59:14.000Z,2024-06-29T01:58:11.000Z,loitering,1
b555cfde5-5478-cee1-54f2-29a991eb56e4,905659973,56599-73-86%,33.2165,124.1177,131.379219,131.379219,130.0,130.0,2023-12-26T07:00:13.000Z,2024-01-01T01:25:57.000Z,loitering,1
64efdbf7d-dfa1-b2de-2c57-3d22195e618b,54889008,ZHESHENGYU05488-8,33.3762,124.0922,118.764414,123.873094,117.0,122.0,2023-12-26T07:09:02.000Z,2024-01-01T00:42:06.000Z,loitering,1
ae1fa8c87-7519-b612-ab04-2e8722bdffb6,257186668,18666-8-63%,22.715,117.0465,10.293128000000001,92.767969,18.0,106.0,2023-12-26T07:19:11.000Z,2024-01-04T00:37:30.000Z,loitering,1
50d5b1bee-e096-3413-1942-eea50185ec59,676873216,LURONGYU58520-83-75%,33.2937,124.0553,130.162508,130.176883,129.0,129.0,2023-12-26T07:19:25.000Z,2024-01-01T01:04:19.000Z,loitering,1
f805874af-f0e5-6efe-5c07-01d455b4ae03,222896488,YU 488 -8  93%,22.7205,117.0616,10.293128000000001,89.79106200000001,18.0,108.0,2023-12-26T07:20:48.000Z,2024-01-04T13:37:40.000Z,loitering,1
8cc46ec66-656c-93b8-14c5-6af280d8340f,18106055,BALAYA 1 NET 3  84%,-10.089,51.9298,373.5445,379.302312,82.0,82.0,2023-12-26T07:23:59.000Z,2024-01-03T11:31:37.000Z,loitering,1
003bab52a-a007-0aae-df29-8b0256b2608d,422120065,AL TALHE_NET1-85%,5.2674,57.1789,1072.8885,1067.72625,803.0,870.0,2023-12-26T07:24:03.000Z,2024-01-03T02:22:37.000Z,loitering,1
ca1861597-7769-97e2-da40-2baa36312d3f,900031604,ZHELINYU00316-4-79%,28.6611,122.8975,73.875141,82.417648,87.0,82.0,2023-12-26T07:26:19.000Z,2024-01-04T14:40:00.000Z,loitering,1
443b5223c-ca4d-4bb9-9b81-3a29e54775f7,96231957,ZHEPINGYU02319-5752%,33.4279,124.0749,118.32239100000001,120.587633,117.0,119.0,2023-12-26T07:30:15.000Z,2024-01-01T00:57:34.000Z,loitering,1
dced618bb-b7e0-154d-c39e-2864bc5c3e5e,96066569,MINFUDINGYU06656-09,33.4398,124.1176,115.417906,115.417906,114.0,114.0,2023-12-26T07:32:19.000Z,2024-01-01T00:31:35.000Z,loitering,1
890dc202d-deaf-cf59-2af3-9cd06ea6487a,234610192,TONGJIHAIYIHAO1-49%,29.8078,123.1071,43.248855000000006,43.248855000000006,48.0,48.0,2023-12-26T07:40:20.000Z,2024-01-14T21:45:35.000Z,loitering,1
0b24a56bf-fee2-525b-41ee-2934ba08681c,412419548,ZHELINGYU23891,35.5403,124.4642,109.498914,124.27431200000001,107.0,121.0,2023-12-26T07:41:26.000Z,2024-01-02T21:51:14.000Z,loitering,1
dabbda4ae-e1f2-511a-6a19-bb90e5147c25,23797316,SUQIYU02379-16_8.1V,33.4469,123.9835,124.73867200000001,126.120562,123.0,124.0,2023-12-26T07:46:47.000Z,2024-01-01T01:05:32.000Z,loitering,1
9edcd3463-358c-6f19-afa8-6ae8057b3e8c,85350005,ZHEDAIYU08535-05-86%,32.9317,124.1748,152.546391,153.08375,152.0,152.0,2023-12-26T07:48:05.000Z,2024-01-01T03:11:15.000Z,loitering,1
d37606a25-58ce-28ac-f5d1-5a4649a03a7c,233112101,,37.5788,123.1892,48.368168,49.921059,47.0,48.0,2023-12-26T07:51:09.000Z,2024-01-05T01:55:25.000Z,loitering,1
a2d141937-70b7-5264-bb62-3034ffca0136,354901000,CHIHUAHUA,19.5166,-91.9865,0.0,1.5280340000000001,78.0,77.0,2023-12-26T07:52:37.000Z,2024-08-03T18:58:19.000Z,loitering,1
fcadbf1cf-f0fb-5376-7824-69004b9d4b72,66160067,,33.5804,124.079,110.185789,110.185789,108.0,108.0,2023-12-26T07:52:45.000Z,2024-01-02T01:03:27.000Z,loitering,1
8d29d09f5-5bbe-9ec5-78c7-46467a68b12e,55110003,05511-3,33.9187,123.1363,187.462031,181.61656200000002,183.0,177.0,2023-12-26T07:54:15.000Z,2024-01-02T05:43:56.000Z,loitering,1
7184f997b-bfff-06ed-a229-aa31a5289a73,86980007,,33.5603,124.0858,110.463,111.26766400000001,108.0,109.0,2023-12-26T07:54:37.000Z,2024-01-02T09:06:16.000Z,loitering,1
27c8bb600-01ff-2bca-3204-f05beef64fdb,564871000,PACIFIC LEADER,-6.1147,10.8696,13.452195,13.680168,150.0,149.0,2023-12-26T07:58:16.000Z,2024-01-01T08:59:40.000Z,loitering,1
6cafbce8c-c1a1-7f02-dd33-a336f13429ee,234610281,TONGJIHAIYIHAO4-99%,29.8374,123.3309,43.248855000000006,67.542156,48.0,80.0,2023-12-26T08:04:13.000Z,2024-01-06T11:22:07.000Z,loitering,1
4f2362223-3545-41c7-feed-10b4eacf62b4,234610734,TONGJIHAIYIHAO2-99%,29.8374,123.3309,43.248855000000006,67.542156,48.0,80.0,2023-12-26T08:04:36.000Z,2024-01-06T11:21:24.000Z,loitering,1
58f33e4c5-5719-01a0-371d-b711710ff32c,100182618,TIELONG-18-99%,25.4366,120.8803,49.255527,41.061332,49.0,41.0,2023-12-26T08:05:12.000Z,2024-01-01T23:13:51.000Z,loitering,1
988777aa2-2c1a-69a8-fdb4-2a4c75e52520,26026009,,33.5827,124.0758,110.185789,110.185789,108.0,108.0,2023-12-26T08:08:04.000Z,2024-01-02T01:22:53.000Z,loitering,1
3d8ade723-3ca2-4c09-a4e7-b1d2f6e6bbcb,412417207,ZHELINGYU29889,35.4295,124.3921,113.825641,107.014812,111.0,105.0,2023-12-26T08:08:15.000Z,2024-01-08T21:44:33.000Z,loitering,1
0a3ccf325-56ab-7ba6-80f5-79b43ea70f29,83921590,ZHELIN21590A-8_8.0V,25.4027,120.881,46.984742,38.78773399999999,46.0,38.0,2023-12-26T08:08:53.000Z,2024-01-01T22:45:48.000Z,loitering,1
104efc689-9392-938c-5f12-31a91840dc82,142015737,ZHEDAIYU04201-37-83%,32.9471,124.1747,150.730391,151.27409400000002,150.0,150.0,2023-12-26T08:09:13.000Z,2024-01-01T03:44:09.000Z,loitering,1
24aca6079-9ef6-aa8a-d2a7-187bb28db68e,85690038,YUWANGQU 8C_7.9V,25.5286,120.7991,58.320777,58.320777,58.0,58.0,2023-12-26T08:11:52.000Z,2024-01-07T15:04:08.000Z,loitering,1
350ef1048-8c95-685f-5cf2-c111124c87ed,260302361,KARIMUN 8-A-49%,-6.0993,135.4331,103.465586,104.547086,61.0,66.0,2023-12-26T08:14:19.000Z,2024-01-01T09:17:03.000Z,loitering,1
1579dfd8b-b06c-9c2a-7c91-02838344d91b,262999925,ZHEJIAOYU29999-25,25.551,120.8178,56.136410000000005,63.38352,59.0,62.0,2023-12-26T08:17:06.000Z,2024-01-08T21:34:14.000Z,loitering,1
1515b7126-6f69-8334-6420-dec2e6b48b44,542132124,LIN21321-24-93%,31.4047,122.7695,19.193793000000003,16.577625,61.0,60.0,2023-12-26T08:20:12.000Z,2024-01-01T03:36:49.000Z,loitering,1
67eb1770d-d5a0-5a5a-04e4-7a841cc03ed5,100000621,ZHE DAI YU 03187-2,33.5945,124.0773,109.138508,109.657758,107.0,107.0,2023-12-26T08:24:41.000Z,2024-01-02T00:13:12.000Z,loitering,1
0a02a6f65-5ac8-d20a-b469-6a165b82fcc7,44308110,,32.8251,124.1745,153.585109,171.45556200000001,153.0,171.0,2023-12-26T08:24:50.000Z,2024-01-01T04:17:15.000Z,loitering,1
131fed330-05ff-3e8a-a495-7034fbabb84e,168804120,BUOY-14  100%,-1.9455,-21.3386,979.9635,1047.854875,978.0,1046.0,2023-12-26T08:27:16.000Z,2024-01-05T00:38:00.000Z,loitering,1
495fecc06-6ab6-385f-45b7-b201866e74b8,2160004,MINHUIYU00216-04-57%,23.8042,118.3727,19.367607,21.225870999999998,18.0,72.0,2023-12-26T08:27:24.000Z,2024-01-01T09:41:03.000Z,loitering,1
456d4f32e-ed63-fe7f-d1af-0ace36ce04ba,898521522,ZHESHENGYU08144-41,32.9674,124.149,150.587,150.587,150.0,150.0,2023-12-26T08:27:36.000Z,2024-01-01T03:12:23.000Z,loitering,1
a5a7ae737-73fd-d017-cedc-4174cac638ab,32780020,,32.8652,124.2499,154.530594,155.478297,154.0,155.0,2023-12-26T08:31:42.000Z,2024-01-01T03:22:27.000Z,loitering,1
df979b6a0-06c0-e8d6-687b-07ff3c7b5229,45350022,,32.9519,124.1738,150.730391,151.27409400000002,150.0,150.0,2023-12-26T08:36:12.000Z,2024-01-01T02:47:53.000Z,loitering,1
de119f929-982d-6005-6f73-10fef9e52f9e,306010603,LULANYU60106-03-81%,33.6097,124.001,115.273641,115.273641,113.0,113.0,2023-12-26T08:38:59.000Z,2024-01-01T00:25:10.000Z,loitering,1
c8248372a-a4a9-bc84-58ed-ed6a2b1795eb,620452,,33.1457,124.0839,154.111,135.851609,153.0,133.0,2023-12-26T08:42:16.000Z,2024-01-01T01:52:43.000Z,loitering,1
6a9f0b732-27a7-ea04-1343-ec7f4b5250c7,21272337,SUGANYU02127-37-67%,31.3783,123.7818,108.03178100000001,69.883852,136.0,99.0,2023-12-26T08:44:23.000Z,2024-01-01T16:16:06.000Z,loitering,1
9791bdf3a-ad5a-09ed-6253-3e3fe2c3a068,412555303,MINPUYU55553-3-55%,25.5289,120.7956,59.017949,58.320777,59.0,58.0,2023-12-26T08:45:02.000Z,2024-01-13T11:44:58.000Z,loitering,1
b7111b59e-eee3-510f-8c8d-ab44dee4b962,920361804,ZHEDAIYU03618-4-99%,32.9378,124.1873,152.01275,150.730391,151.0,150.0,2023-12-26T08:46:21.000Z,2024-01-01T02:50:46.000Z,loitering,1
14046bc16-6906-8851-1816-583bf51fdf59,44308106,,32.8389,124.1604,151.266312,172.49746900000002,151.0,172.0,2023-12-26T08:48:31.000Z,2024-01-01T09:08:36.000Z,loitering,1
0c35d1a0c-c24c-3328-3f62-b5fe306ff890,414017002,75555-2-65%,38.6431,123.4158,50.115344,42.891934,53.0,44.0,2023-12-26T08:49:21.000Z,2024-01-01T07:01:00.000Z,loitering,1
f99ab99b0-064f-b5b1-c615-6241a4fd1b27,257040610,OLYMPIC ARTEMIS,26.1906,-91.5531,15.333488,6.983341,325.0,320.0,2023-12-26T08:49:58.000Z,2024-01-03T18:56:13.000Z,loitering,1
c7aad5d94-408d-5c66-7153-9e07c6e49c67,48050070,ZHE DAI YU 04805-70,32.9049,124.2213,152.706875,152.286344,152.0,152.0,2023-12-26T08:50:36.000Z,2024-01-01T02:55:24.000Z,loitering,1
15ff1fe6c-ce54-9899-570a-829bb607c3e6,36180002,,32.9553,124.2033,148.208469,149.654281,147.0,149.0,2023-12-26T08:52:15.000Z,2024-01-01T01:22:58.000Z,loitering,1
70ad3e539-954c-ac04-2b3d-18d94e1df59c,574128138,KIEM NGU - 467,8.9367,113.6342,104.974141,105.814141,111.0,110.0,2023-12-26T08:52:18.000Z,2024-01-04T01:13:53.000Z,loitering,1
5e15f0879-9a99-3a8e-eca9-31d34e770a29,600430008,,32.947,124.1622,151.27409400000002,151.821516,150.0,151.0,2023-12-26T08:52:26.000Z,2024-01-01T02:50:02.000Z,loitering,1
8d6e5415a-a7f0-d654-8715-928a4a493aeb,994080647,994080647         9V,-14.0657,106.3687,410.739656,411.832156,394.0,395.0,2023-12-26T08:53:10.000Z,2024-01-02T15:45:15.000Z,loitering,1
69fb34a9f-f587-8c5e-0807-c18de20156d7,144590101,,32.8879,124.2606,151.658016,152.147922,151.0,151.0,2023-12-26T08:57:12.000Z,2024-01-01T02:51:45.000Z,loitering,1
14051f484-4dc3-286f-7842-4be76ce9ede4,100000238,ZHE XIANG YU10001-24,32.9412,124.1874,151.10025,151.10025,150.0,150.0,2023-12-26T08:57:14.000Z,2024-01-01T02:40:54.000Z,loitering,1
fe09a403e-e8c4-1d26-6d70-ed4adba6b408,104580050,ZHEDAIYU04580-50-74%,32.7666,124.2949,159.884031,165.66425,159.0,165.0,2023-12-26T08:57:27.000Z,2024-01-01T00:18:19.000Z,loitering,1
fd64f2120-0024-6a72-615e-0fc469aa1b34,32780066,,32.8749,124.2626,154.042609,154.042609,153.0,153.0,2023-12-26T08:58:35.000Z,2024-01-01T02:17:48.000Z,loitering,1
15797aac1-1b60-8ec2-c29d-1a1dd0410ccf,48636701,,32.9833,124.2256,145.317328,145.851562,145.0,145.0,2023-12-26T08:58:43.000Z,2024-01-01T03:15:50.000Z,loitering,1
150280737-77a9-43c0-1228-fff782e126aa,86260044,,32.9258,124.2848,146.892016,147.385828,146.0,147.0,2023-12-26T08:59:23.000Z,2024-01-01T01:56:14.000Z,loitering,1
c44d906e8-8ac4-02a0-1691-568845d7723c,48632231,,32.9431,124.2802,147.297703,144.983562,147.0,144.0,2023-12-26T09:00:06.000Z,2024-01-07T03:40:11.000Z,loitering,1
9fa930adb-bcdf-5c37-f4e9-66c9453bd98a,36180007,,32.9716,124.1928,150.038125,146.239719,149.0,145.0,2023-12-26T09:01:02.000Z,2024-01-01T03:32:31.000Z,loitering,1
dcbdba79a-a548-cc9c-3034-6a88ee6df1b0,60980657,,32.9347,124.2406,147.031891,150.84425,146.0,150.0,2023-12-26T09:02:50.000Z,2024-01-01T09:16:51.000Z,loitering,1
e567bdac1-179b-260d-f126-60fcf5a75947,44650030,,32.7628,124.3879,159.039016,159.039016,158.0,158.0,2023-12-26T09:04:20.000Z,2024-01-01T11:56:59.000Z,loitering,1
f45067f35-5925-419c-ee40-af7d00b66189,110000076,ZHEDAIYU02698-15-51%,32.7993,124.3905,155.03240599999998,155.03240599999998,154.0,154.0,2023-12-26T09:04:24.000Z,2024-01-01T12:34:45.000Z,loitering,1
065019cd8-8b53-4496-13b3-94eacebebb18,26980019,,32.795,124.394,156.03182800000002,155.03240599999998,155.0,154.0,2023-12-26T09:04:34.000Z,2024-01-01T12:23:24.000Z,loitering,1
8ae16473a-ad0d-38a7-ff0d-8a31f1d30e46,44591852,,32.9048,124.2724,150.22225,149.766312,149.0,149.0,2023-12-26T09:04:38.000Z,2024-01-01T02:55:54.000Z,loitering,1
e936d9a73-3689-b081-3829-2d7f568672b5,96041922,ZHEYU07731-4-76%,32.82,124.1742,150.762266,175.17720300000002,150.0,174.0,2023-12-26T09:07:40.000Z,2024-01-01T14:42:57.000Z,loitering,1
c10d6fee8-89a8-f398-fb89-b9c399074fda,26489133,,32.8733,124.2879,152.603062,152.603062,152.0,152.0,2023-12-26T09:07:47.000Z,2024-01-01T22:57:24.000Z,loitering,1
8a4d53fbc-c258-544f-4038-b8520da51fa9,44308107,,32.8241,124.1654,151.700891,174.343156,151.0,174.0,2023-12-26T09:08:43.000Z,2024-01-01T04:27:10.000Z,loitering,1
265848981-1cff-e5e3-074a-d3980d00a161,96424416,YU60889      -06-61%,28.1252,122.9723,77.581586,129.44164800000001,78.0,139.0,2023-12-26T09:10:52.000Z,2024-01-04T04:13:00.000Z,loitering,1
6466ec222-29ff-256b-6b27-e5dbfcff0e91,44300084,ZHE DAI YU 04430-84,32.8362,124.1734,148.892156,174.75473399999998,148.0,174.0,2023-12-26T09:18:30.000Z,2024-01-01T04:27:21.000Z,loitering,1
23d7cf7f0-024a-d618-3c60-278febc2789f,979411073,IMULA 1748MTR NET 3,-6.9963,81.7396,1076.64475,983.228125,1069.0,976.0,2023-12-26T09:19:25.000Z,2024-01-02T09:44:21.000Z,loitering,1
9000eb08b-b9c9-e3fb-7d8b-966f71bc6942,26489118,ZHE DAI YU 04891-18,32.9044,124.2896,149.737609,149.737609,149.0,149.0,2023-12-26T09:19:28.000Z,2024-01-01T23:09:00.000Z,loitering,1
fd44d8d9b-b0d8-b117-296d-0c69122b3b03,186618808,66188-8-99%,27.5889,122.9391,132.74567199999998,129.44164800000001,133.0,139.0,2023-12-26T09:20:59.000Z,2024-01-01T01:52:54.000Z,loitering,1
d5e2b7d12-2e43-21dc-6d6a-6f2db41c8ec4,26489117,ZHE DAI YU 04891-17,32.8739,124.2867,152.603062,152.124438,152.0,151.0,2023-12-26T09:22:10.000Z,2024-01-02T06:39:10.000Z,loitering,1
4b2d6e2b8-8ae5-a97c-a7f1-3176a5b5f913,96617515,ZHEDAIYU06175-1562%,32.8836,124.3899,147.095297,147.095297,146.0,146.0,2023-12-26T09:22:38.000Z,2024-01-01T04:04:40.000Z,loitering,1
1c8a557e6-6c32-ba37-369b-0bcddda71251,96064057,MINYU09855-10-49%,32.8217,124.2993,156.962625,156.962625,156.0,156.0,2023-12-26T09:23:26.000Z,2024-01-01T17:56:49.000Z,loitering,1
705cb54b8-80cf-6b26-818d-070e394b8f93,96225531,ZHEDAIYU02255-31A53%,32.7993,124.3663,155.863406,155.863406,155.0,155.0,2023-12-26T09:23:40.000Z,2024-01-01T03:21:41.000Z,loitering,1
5d6fac631-1bc0-8b36-9b09-a9a5cdfb56d8,26321345,ZHE DAI YU 03213-45A,33.503,123.9001,129.091016,129.091016,127.0,127.0,2023-12-26T09:25:39.000Z,2024-01-01T01:12:48.000Z,loitering,1
6b16d6511-1be1-ef47-125d-e681c4914cee,26980051,,32.8163,124.3778,153.456797,153.456797,153.0,153.0,2023-12-26T09:29:08.000Z,2024-01-01T03:26:36.000Z,loitering,1
d564be77a-aa08-7b9a-b186-8750318c0ec0,601960014,LUJIAOYU60196-14-99%,34.9783,120.472,23.776258000000002,53.275512,47.0,61.0,2023-12-26T09:30:30.000Z,2024-01-07T17:39:49.000Z,loitering,1
98fb2709a-a28c-8b10-e2a1-8e48befa841a,26980053,,32.7971,124.3764,156.4425,155.863406,156.0,155.0,2023-12-26T09:35:27.000Z,2024-01-01T03:14:06.000Z,loitering,1
d6f2e734c-c263-ef5b-ba8c-00ca4c9a4aaa,81270030,,32.8775,124.3643,147.970062,148.414219,147.0,148.0,2023-12-26T09:38:04.000Z,2024-01-01T03:31:14.000Z,loitering,1
102bbacd0-0949-7f64-142f-4f73e2f5c130,223401970,M08601-1-62%,32.8634,124.3666,149.932875,149.932875,149.0,149.0,2023-12-26T09:38:43.000Z,2024-01-01T03:14:28.000Z,loitering,1
36cd10968-8948-0d41-5648-9e46978be834,661880003,66188-3-90%,27.6211,122.9482,133.52375,130.073961,134.0,133.0,2023-12-26T09:38:51.000Z,2024-01-01T03:27:11.000Z,loitering,1
34996c1e3-30ec-adc2-9f2b-934bc03d3bcd,125271436,ZHEDAIYU02698-12,32.7998,124.3786,155.445688,155.445688,155.0,155.0,2023-12-26T09:39:44.000Z,2024-01-01T02:36:04.000Z,loitering,1
c44fd59d2-2005-0a66-404e-39a49f4baef4,26980020,,32.7981,124.4015,155.03240599999998,155.223828,154.0,155.0,2023-12-26T09:40:04.000Z,2024-01-01T12:21:16.000Z,loitering,1
103e80e89-9def-fdd4-e02c-faae383acca9,67150054,,32.8082,124.4258,152.416078,152.416078,152.0,152.0,2023-12-26T09:41:47.000Z,2024-01-01T12:34:24.000Z,loitering,1
682feec51-1102-0827-7b06-98873a3a217b,26980022,,32.8212,124.394,153.03825,152.624188,152.0,152.0,2023-12-26T09:42:32.000Z,2024-01-01T12:17:19.000Z,loitering,1
68ae68423-3d29-7447-1349-50b3ea3c0bbb,96217797,ZHEDAIYU02177-9768%,32.8396,124.4353,148.999312,149.40028099999998,148.0,149.0,2023-12-26T09:43:28.000Z,2024-01-01T03:52:53.000Z,loitering,1
be6fcb298-8f7f-7acf-8deb-d38eea4aa604,26501808,ZHEDAIYU02650-08,32.8221,124.3949,152.624188,153.03825,152.0,152.0,2023-12-26T09:43:38.000Z,2024-01-01T17:45:22.000Z,loitering,1
6bbcde277-79f5-da0e-bc63-7082f3dd259c,486804,SUQIYU04868-04,32.817,124.4016,152.624188,152.624188,152.0,152.0,2023-12-26T09:43:45.000Z,2024-01-01T03:14:14.000Z,loitering,1
3889bbc2d-d5dd-af1d-3d03-0b446b50a15f,91800356,DM8_1 100%,14.117,-31.1679,730.752625,714.1363120000001,703.0,687.0,2023-12-26T09:46:00.000Z,2024-01-01T07:04:36.000Z,loitering,1
3b55becda-a971-2c96-9bf3-c5c6bf08cba3,332891033,LING28910-33-68%,32.8142,124.3994,153.623125,152.624188,153.0,152.0,2023-12-26T09:47:42.000Z,2024-01-01T03:15:05.000Z,loitering,1
38acd337a-a490-9e28-7afb-b4671a900e74,67150031,,32.7984,124.4252,153.8195,153.42428099999998,153.0,153.0,2023-12-26T09:48:24.000Z,2024-01-01T10:57:04.000Z,loitering,1
c0b8c079e-eea5-8f1c-194b-6980d06587e3,48910204,ZHEDAIYU04891-2047V7,32.8998,124.2843,150.690594,150.22225,150.0,149.0,2023-12-26T09:50:29.000Z,2024-01-01T17:37:39.000Z,loitering,1
c8b4ec105-575c-d9b2-2b42-cca400ae82a8,352001855,CLIO,30.0843,123.165,23.406046999999997,24.278947,37.0,38.0,2023-12-26T09:51:43.000Z,2024-01-03T12:55:00.000Z,loitering,1
d46b7396a-ace1-dee3-f3dd-2d8c657da9de,96678817,ZHEDAIYU06788-1746%,32.808,124.4575,152.266438,151.634438,152.0,151.0,2023-12-26T09:53:26.000Z,2024-01-01T03:55:12.000Z,loitering,1
ed3ebe4dc-c111-5242-eb39-0891f96df26b,92338815,15123388         99%,25.8859,121.0356,68.36182000000001,72.51745299999999,74.0,77.0,2023-12-26T09:53:27.000Z,2024-01-16T20:54:45.000Z,loitering,1
199f94a82-2409-a1c6-15ac-ac80fed92bfc,64580037,,32.7738,124.4215,156.845047,156.845047,156.0,156.0,2023-12-26T09:56:04.000Z,2024-01-01T12:01:19.000Z,loitering,1
7ff1d9cc4-4086-ba4b-eeec-09916fcc43e0,285001,LONGLINE BUOY 0181%,-23.0,60.7733,461.755719,457.589781,427.0,425.0,2023-12-26T09:58:35.000Z,2024-01-01T04:43:43.000Z,loitering,1
c6c026602-2eec-ce92-cce1-3d043d0da21c,710002624,CBO PARINTINS,-22.4956,-40.1193,3.2764860000000002,0.0,104.0,107.0,2023-12-26T09:59:15.000Z,2024-01-02T00:59:43.000Z,loitering,1
a18a4f22e-ef88-f12d-4b73-9bd2de43d81c,870466811,SUQIYU04668-11_7.9V,32.7562,124.4495,156.714234,156.714234,156.0,156.0,2023-12-26T10:06:04.000Z,2024-01-01T03:40:45.000Z,loitering,1
48dfa9baf-fe90-0203-186b-fe774fc908a1,66380007,MINQUANYU6638-07-83%,24.0436,118.7355,23.276668,64.199258,40.0,66.0,2023-12-26T10:09:47.000Z,2024-01-14T01:08:29.000Z,loitering,1
6e3d86572-2550-56e2-5e62-4535724b4d1e,417013506,75555-6-57%,38.6528,123.4312,48.685922,43.959879,52.0,45.0,2023-12-26T10:10:38.000Z,2024-01-03T12:12:53.000Z,loitering,1
36f8e8399-9e9b-75c9-e578-9890d01136ff,330513825,SUQIYU05138-205-89%,32.5234,124.5183,178.271625,178.866344,175.0,176.0,2023-12-26T10:13:59.000Z,2024-01-02T04:19:41.000Z,loitering,1
29885ef96-6bfd-825c-484b-aa3bc47f0e8d,10625522,,32.8543,124.4014,149.636953,149.636953,149.0,149.0,2023-12-26T10:14:58.000Z,2024-01-01T03:52:47.000Z,loitering,1
cbd94b385-51ea-5e3c-41ad-b103adf94acc,664510031,MARLOU1 B-07  100%,-8.9367,52.084,485.81875,473.651406,130.0,109.0,2023-12-26T10:16:16.000Z,2024-01-02T14:14:36.000Z,loitering,1
545f6a48f-f17d-fd54-bf35-98f46699ecdf,12980111,SUQIYU01298-111_8.1V,32.5509,124.4679,172.498641,182.946234,172.0,181.0,2023-12-26T10:16:17.000Z,2024-01-01T21:53:37.000Z,loitering,1
d354e9b04-45ba-a7a2-bfe3-aec2266abfe7,921979027,,31.3342,122.5877,2.223899,2.223899,52.0,52.0,2023-12-26T10:18:54.000Z,2024-01-03T23:55:08.000Z,loitering,1
887ceff00-00aa-049a-4adc-5aa6cbc1a1b4,26980006,,32.8337,124.39,152.043562,152.043562,151.0,151.0,2023-12-26T10:19:15.000Z,2024-01-01T12:28:03.000Z,loitering,1
899b6ce3e-e13b-888b-3817-137d141e272e,123000051,MINPUYU51555-2,24.042,118.6531,23.647063999999997,49.859113,42.0,57.0,2023-12-26T10:20:46.000Z,2024-01-13T01:29:13.000Z,loitering,1
905ec5c0d-d44b-8d49-0a32-5f9cec965937,60609130,ZHEDAIYU06091-B10 92,32.7494,124.5558,153.932625,153.932625,153.0,153.0,2023-12-26T10:29:28.000Z,2024-01-01T03:21:02.000Z,loitering,1
dc0169b01-15a5-c54a-b1f0-944ad2cf4cda,470869000,RIG ALGHALLAN,24.7828,53.7637,0.0,1.111949,49.0,48.0,2023-12-26T10:32:44.000Z,2024-02-10T04:59:51.000Z,loitering,1
96ad838de-efa8-11a9-f6ab-d8ff0742b3f0,658790007,65879--7--67%,23.9894,118.5596,27.794766,38.232758000000004,47.0,52.0,2023-12-26T10:43:59.000Z,2024-01-04T23:20:40.000Z,loitering,1
0c4b5dddc-c110-510c-9009-5a8f974e206a,300194202,TIELONG-01942-02-97%,25.8391,120.9959,64.29393,74.304625,73.0,74.0,2023-12-26T10:45:28.000Z,2024-01-16T21:43:28.000Z,loitering,1
5c552f0fa-a758-3e37-0bf2-a3ad18c84740,415236912,99999-1_8.2V,35.472,124.3879,119.910602,108.37358599999999,118.0,106.0,2023-12-26T10:46:54.000Z,2024-01-02T16:29:06.000Z,loitering,1
ce61c667f-f352-92ff-7771-44ee828424fd,994008005,D-0002 BAT:61%,-23.8941,-31.7146,858.609375,830.722375,445.0,450.0,2023-12-26T10:46:55.000Z,2024-01-02T18:08:15.000Z,loitering,1
314c2ad90-05ae-2bdb-de44-58f901407e0c,230130803,01308-3--56%,30.5632,123.6624,54.258031,51.459094,69.0,75.0,2023-12-26T10:52:29.000Z,2024-01-01T10:01:13.000Z,loitering,1
d74546900-0f14-a19b-8467-737ed7ff4099,898522375,96413-3  77%,22.9937,117.2271,30.813889,30.092223,43.0,50.0,2023-12-26T10:52:37.000Z,2024-01-03T10:07:36.000Z,loitering,1
b317c7992-2d0d-3b2c-3a97-4059c43c7a06,42940024,ZHEDAIYU04294-24,29.8091,123.0807,27.325836,46.574788999999996,33.0,60.0,2023-12-26T10:52:49.000Z,2024-01-02T10:51:47.000Z,loitering,1
b45691601-14d8-38ce-7c26-2bdc980728c9,96048662,ZHEDAIYU04866-2F45%,31.7369,123.9915,137.801953,117.464664,164.0,146.0,2023-12-26T10:54:36.000Z,2024-01-02T05:02:46.000Z,loitering,1
b63a9b922-2ad4-fc8a-f8cf-b1de81ab9b7d,311048900,SKANDI HERCULES,-21.3816,113.8179,26.471713,26.471713,54.0,54.0,2023-12-26T10:54:51.000Z,2024-01-07T18:57:19.000Z,loitering,1
e644e078a-a201-edbc-afc4-2d4d97999bb8,412238101,SURUYU02381-01-88%,33.6683,122.9003,170.101812,170.101812,201.0,201.0,2023-12-26T10:56:30.000Z,2024-01-01T12:10:01.000Z,loitering,1
e1eb4ab15-5f6c-cb6a-eec2-a06fc768c25e,994008843,994008843         9V,-6.3001,-2.3841,747.797812,751.709938,1013.0,1061.0,2023-12-26T10:57:46.000Z,2024-01-10T15:07:09.000Z,loitering,1
a2b5cf533-3922-c39a-d47c-d0fc507133ed,412426231,ZHEDAIYUYUN09444,28.2268,122.6528,79.11890600000001,71.752789,79.0,71.0,2023-12-26T10:59:48.000Z,2024-01-05T16:58:43.000Z,loitering,1
0f6c61f82-2045-9833-400e-c3e8e037b30e,20155209,1552-9-54%,30.5481,123.6833,53.740656,56.129965,69.0,77.0,2023-12-26T10:59:53.000Z,2024-01-03T15:42:47.000Z,loitering,1
c3195894f-f238-83af-13ba-9e0bfc86b225,574996888,HAY KHONG BANG HEN,11.3961,113.423,249.765938,185.724516,69.0,147.0,2023-12-26T11:01:01.000Z,2024-01-01T01:51:38.000Z,loitering,1
32f8047d5-5564-6a84-9391-1262dac10440,901295054,SHENG01295-5490%,32.5628,124.6347,165.839328,168.138125,163.0,165.0,2023-12-26T11:02:16.000Z,2024-01-01T01:51:12.000Z,loitering,1
095e10fee-ef95-0e52-aa88-8aaac89d82f8,60786619,,29.8127,123.0492,35.332426,35.880277,41.0,48.0,2023-12-26T11:06:13.000Z,2024-01-01T11:35:29.000Z,loitering,1
39d86f53a-aeff-aaf9-3875-b212becc60bc,234610180,TONGJIHAIYIHAO3-99%,29.8078,123.1071,43.248855000000006,43.248855000000006,48.0,48.0,2023-12-26T11:07:58.000Z,2024-01-11T06:42:12.000Z,loitering,1
590f47974-4a13-4da9-015f-1fc09d32715a,96029693,LIAN YU62375 -15-90%,23.6686,118.2532,35.513938,49.09627,53.0,51.0,2023-12-26T11:09:54.000Z,2024-01-01T19:36:37.000Z,loitering,1
0c2196a74-4d28-8b50-a42d-b156bcb32561,994176796,IMULA 0686CHU BUOY-4,-6.6381,80.7709,1032.6900620000001,818.922375,1025.0,811.0,2023-12-26T11:13:01.000Z,2024-01-02T07:28:30.000Z,loitering,1
c80021fed-dfb3-f6f0-f92d-639e17cf6a3c,96282212,SUGANYU02822-12-80%,31.9952,124.9311,185.136609,186.33245300000002,182.0,185.0,2023-12-26T11:13:54.000Z,2024-01-01T08:46:18.000Z,loitering,1
e43028b1a-a1b3-45d9-6278-86c3b2a38ba6,412232804,SURUYU02328-04,33.6567,122.9565,173.544141,172.78271900000001,202.0,201.0,2023-12-26T11:16:54.000Z,2024-01-02T01:04:42.000Z,loitering,1
32579ff12-28e4-f64e-13f7-70d623350145,311210037,YOULONG-31121-37-99%,37.613,123.1436,46.067473,48.887668,44.0,47.0,2023-12-26T11:20:49.000Z,2024-01-16T02:49:51.000Z,loitering,1
19260705a-a247-9b6e-0112-fd4af841e97d,60786620,,29.8104,123.0436,35.978733999999996,34.919035,41.0,48.0,2023-12-26T11:23:09.000Z,2024-01-01T11:55:23.000Z,loitering,1
b93989e51-1f25-c938-4d54-4e0d6e53fc92,412232812,SURUYU02328-12,33.6472,122.9521,172.081438,172.081438,201.0,201.0,2023-12-26T11:24:07.000Z,2024-01-02T07:11:17.000Z,loitering,1
a706afbcc-cc33-31be-39ba-34a650f490cd,410839902,XYY08399-2_8.1V,33.6882,122.9003,171.611,171.611,202.0,202.0,2023-12-26T11:24:19.000Z,2024-01-02T01:05:30.000Z,loitering,1
01cb0d626-6e75-4826-51c5-4ff0c5b4fcb4,205,JIN SHENG NO2-05-99%,8.9574,-33.9112,1200.792625,1234.297375,1172.0,1206.0,2023-12-26T11:25:36.000Z,2024-01-03T02:34:37.000Z,loitering,1
80a811bec-c0ca-1be0-3a7c-5d1c59ef4394,10384032,MANULKI DUWA 2 NET 1,-3.2605,77.1374,563.784625,660.0565,463.0,593.0,2023-12-26T11:27:41.000Z,2024-01-10T11:58:34.000Z,loitering,1
738cfc57b-b0d0-b4f2-4f1f-17f723ef8e1d,200322671,SUQIYU01226-71_7.9V,33.6786,122.8999,170.85446900000002,170.85446900000002,201.0,201.0,2023-12-26T11:31:02.000Z,2024-01-02T07:33:00.000Z,loitering,1
b5712f167-7e23-b0cf-0cc2-10aad436ff06,23088806,TIELONG8888-0-91%,25.7056,120.7839,62.83041,64.321832,76.0,76.0,2023-12-26T11:33:05.000Z,2024-01-01T03:31:54.000Z,loitering,1
a22749d58-8669-25db-af27-ab18aa3212bd,964172995,IMULA 0718CHW NET 9,-7.3274,82.9769,1146.32325,1185.633125,1139.0,1178.0,2023-12-26T11:36:34.000Z,2024-01-04T16:46:13.000Z,loitering,1
fc647ed80-0442-97e3-e018-05d1b4141bc3,86200019,,33.7258,124.0489,105.847578,105.847578,103.0,103.0,2023-12-26T11:36:43.000Z,2024-01-01T09:31:31.000Z,loitering,1
da50f74d6-683c-845f-94a9-dca098c8e0a6,183289929,32899-29-99%,27.3121,122.8516,126.175906,128.587078,153.0,151.0,2023-12-26T11:39:23.000Z,2024-01-02T10:45:01.000Z,loitering,1
a1b29f812-2987-a608-117e-6e4503803e38,133289931,32899-31-99%,27.2527,122.8652,126.175906,135.101766,153.0,162.0,2023-12-26T11:40:06.000Z,2024-01-04T16:36:16.000Z,loitering,1
4ff09f33d-d9e7-e61f-23bc-ed3ca9ea0bc8,203289925,32899-25-67%,27.3102,122.8521,126.175906,128.847156,153.0,152.0,2023-12-26T11:41:14.000Z,2024-01-02T10:44:47.000Z,loitering,1
1c2345221-1bc8-b78a-90ee-48af38a489cf,183289927,32899-27-98%,27.3157,122.8523,126.175906,128.336102,153.0,150.0,2023-12-26T11:41:16.000Z,2024-01-02T10:58:33.000Z,loitering,1
5a70417e9-9607-6ae7-5088-0bc7fba1b855,221001857,ZHEYU07334-34-83%,25.6997,120.7591,61.978190999999995,63.129211000000005,77.0,76.0,2023-12-26T11:49:26.000Z,2024-01-01T03:36:54.000Z,loitering,1
93aec099d-ddd8-0cf1-01f9-cc2954f51117,150200027,LIAODAHUA15020-2799%,37.534,123.2545,53.326426,51.339788999999996,52.0,51.0,2023-12-26T11:53:10.000Z,2024-01-12T08:55:57.000Z,loitering,1
d8e8704ab-ba31-c86b-f145-62676ec6da04,994177834,IMULA 1776 MTR BU-3,3.6864,80.7391,301.60593800000004,206.550453,296.0,200.0,2023-12-26T11:53:43.000Z,2024-01-02T18:59:34.000Z,loitering,1
60416e11b-b4e7-4583-9738-0e18bae6935b,14132283,DONGTAIYU02096-17 *9,33.6694,122.9152,170.101812,172.160375,201.0,203.0,2023-12-26T11:56:10.000Z,2024-01-01T11:28:56.000Z,loitering,1
1917b9164-43d1-7d46-b1f3-f4a659e61d3d,96054586,SUGANYU02822-A12-65%,31.951,124.9288,194.18817199999998,187.07568799999999,191.0,185.0,2023-12-26T11:58:19.000Z,2024-01-01T08:40:50.000Z,loitering,1
14beb2983-3cb3-449f-03c0-7f11bc8fcb8f,238800118,SUQIYU02388-118-96%,33.4508,122.9494,158.431234,158.431234,189.0,189.0,2023-12-26T11:58:41.000Z,2024-01-02T07:34:42.000Z,loitering,1
3271266ae-eae8-8b87-35a9-bb300dbd3857,910468913,04689-13-93%,29.7747,123.0168,36.35825,32.317634999999996,57.0,36.0,2023-12-26T11:59:51.000Z,2024-01-02T09:49:21.000Z,loitering,1
daf394a27-7db9-7659-048d-7f25b24f2e35,206995521,MIN59888-21-83%,34.0963,123.9448,109.698984,108.87946099999999,105.0,104.0,2023-12-26T12:03:34.000Z,2024-01-01T08:21:42.000Z,loitering,1
17d98135e-eab9-6fd0-0d50-a5e68e10292c,223356050,SUQIYU03356-50_8.0V,33.4889,123.0269,169.09373399999998,165.045438,198.0,195.0,2023-12-26T12:04:25.000Z,2024-01-02T01:14:29.000Z,loitering,1
9c5d57d3d-d150-e6ae-ca44-b49aace2b1c7,44210045,ZHEDAIYU04421-45 88%,29.7393,123.0759,49.268468999999996,34.784039,55.0,52.0,2023-12-26T12:06:28.000Z,2024-01-04T11:51:43.000Z,loitering,1
7ab52c112-2078-fb92-8bb1-e3b8ec5e5f36,151178609,11786-9-44%,27.3115,123.264,165.293516,170.434562,169.0,141.0,2023-12-26T12:07:12.000Z,2024-01-02T23:59:06.000Z,loitering,1
43bc8c185-5260-0571-d886-92492fa0cec9,101178607,11786-7-99%,27.3271,123.2658,165.293516,170.41331200000002,169.0,144.0,2023-12-26T12:07:29.000Z,2024-01-03T00:15:20.000Z,loitering,1
cb7bcea23-3f12-303b-d447-1d3f05997cb2,96032170,SUGANYU82822-19-71%,31.9094,124.9172,196.107141,192.693062,193.0,191.0,2023-12-26T12:08:39.000Z,2024-01-01T07:15:42.000Z,loitering,1
4e63c44ce-ecc8-9dd2-4c18-96f686e00c33,510970015,51097-15-99%,37.8055,123.3478,75.477141,73.234078,74.0,71.0,2023-12-26T12:09:23.000Z,2024-01-12T02:43:07.000Z,loitering,1
de1bc18ed-d9cd-69d3-746e-c6b361d658f8,72721201,LXK21201-7_8.1V,34.1023,123.9625,107.903594,107.960242,103.0,103.0,2023-12-26T12:09:26.000Z,2024-01-01T08:04:31.000Z,loitering,1
6e3ea588a-a2c1-1da0-f7d1-c89bcbc8ce7a,92338812,15123388         98%,25.8919,121.0473,73.370016,69.742352,77.0,75.0,2023-12-26T12:12:35.000Z,2024-01-01T01:31:40.000Z,loitering,1
4f62339a0-0bca-0552-14f9-fbd96afc2807,51029038,3406,33.4957,123.0819,170.293109,172.146891,196.0,195.0,2023-12-26T12:21:58.000Z,2024-01-01T07:28:15.000Z,loitering,1
cea90d5ec-c023-153e-d14e-f5d2ac5c45f7,146600039,,29.7003,122.9638,38.444625,27.940938,45.0,54.0,2023-12-26T12:30:51.000Z,2024-01-01T10:53:41.000Z,loitering,1
2ab9344f7-7363-bf52-8351-12c64f43743e,59103431,KA33 86%,-4.7845,62.4035,819.449562,641.599625,801.0,628.0,2023-12-26T12:31:11.000Z,2024-01-03T21:01:48.000Z,loitering,1
5b25d2773-386a-3c75-6eee-1c0a8584d8f5,979876098,12358-15-69%,29.4498,122.8359,34.784422,33.53475,59.0,59.0,2023-12-26T12:48:45.000Z,2024-01-01T17:52:03.000Z,loitering,1
34e5a72e9-93c1-3532-0f39-cf7068e06aab,113360004,11336-4-99%,21.1888,114.1399,65.606578,108.543312,56.0,98.0,2023-12-26T12:49:38.000Z,2024-01-03T13:45:38.000Z,loitering,1
280f9f58b-b852-ffae-fc51-3bdd85b2227b,252128998,LIN12899-8-92%,29.4238,122.8502,36.798078000000004,37.711358999999995,61.0,62.0,2023-12-26T12:50:32.000Z,2024-01-01T17:58:28.000Z,loitering,1
35e92342f-f494-d498-0e8e-d11c6d0f88fd,419902403,JT ODYSSEY,19.3573,71.3509,2.374527,2.223899,146.0,144.0,2023-12-26T12:59:04.000Z,2024-01-02T15:41:25.000Z,loitering,1
00d7eea49-9213-8fdb-1d0f-f7dfdd2c1173,412185807,TIELONG61858-07-66%,26.2371,121.1179,72.668836,52.861434,74.0,54.0,2023-12-26T13:06:51.000Z,2024-01-11T22:36:40.000Z,loitering,1
190875c77-7e8d-46a1-246a-771f2b8080b9,377123383,LIN12338--3-72%,29.4678,122.8463,36.247422,30.773355,61.0,57.0,2023-12-26T13:15:08.000Z,2024-01-04T12:35:32.000Z,loitering,1
d38ff2029-9639-090e-9f16-09bc78d90f40,376249000,SEAWAYS 27,-6.2386,10.7398,2.2107229999999998,0.0,167.0,169.0,2023-12-26T13:26:21.000Z,2024-01-01T12:36:16.000Z,loitering,1
aff61c83f-f261-32c4-afe2-cf38267811d8,412185816,TIELONG61858-16-94%,26.1531,121.1769,69.842188,70.701109,72.0,72.0,2023-12-26T13:27:16.000Z,2024-01-02T08:59:05.000Z,loitering,1
ddba45306-6353-5ee6-b1ba-eb61c78a6a5c,898924161,EDC-2  68%,-19.3842,-125.2928,812.348938,792.2001879999999,599.0,575.0,2023-12-26T13:39:13.000Z,2024-01-01T10:08:31.000Z,loitering,1
af5fd4669-9978-fae5-8cd6-03a6fdacd6fb,26458524,,29.7578,123.0759,50.127305,31.941824,56.0,48.0,2023-12-26T13:44:06.000Z,2024-01-01T12:54:59.000Z,loitering,1
0ebc4a779-9299-5504-a32a-358d9e76fb0a,831215002,04068-2-99%,30.3089,123.3302,36.417203,26.539728999999998,51.0,41.0,2023-12-26T13:46:25.000Z,2024-01-02T10:41:22.000Z,loitering,1
8a995eac2-2161-c17b-fcb9-9ea109dbdc81,417013507,75555-7-53%,38.6695,123.4273,46.365641000000004,43.144805,49.0,45.0,2023-12-26T13:47:10.000Z,2024-01-01T06:45:19.000Z,loitering,1
27abf856f-f18c-647b-b5fd-6cbfc0714cd4,100583003,01583-3-99%,30.5909,123.6144,43.215953,52.773875,58.0,78.0,2023-12-26T13:48:51.000Z,2024-01-03T15:56:57.000Z,loitering,1
b8b7c177e-ec31-0bbc-9c5d-32156b6be380,519980189,LURONGYU51998-18999%,37.2843,123.4426,56.049352,76.86715600000001,56.0,82.0,2023-12-26T13:49:18.000Z,2024-01-22T00:16:53.000Z,loitering,1
1d7503645-5fa8-f6a3-b769-11df95d264ca,96485839,ZHEDAIYU04858-3940%,29.7206,123.1359,50.578773,42.862660000000005,57.0,59.0,2023-12-26T13:50:02.000Z,2024-01-01T20:57:24.000Z,loitering,1
46fbd67f5-5a17-3fb1-e063-df666b319700,261218931,LIN21893-1-52%,31.3668,122.547,3.9568820000000002,3.957658,58.0,55.0,2023-12-26T13:50:35.000Z,2024-01-11T06:51:00.000Z,loitering,1
8bdebdb8f-f463-7d6c-7601-0382ace0325a,219830004,LIN21983-491%,31.4386,122.5496,4.398786,4.398786,63.0,63.0,2023-12-26T13:57:47.000Z,2024-01-11T04:12:50.000Z,loitering,1
cc7415b9a-a96c-2f70-1c49-173ef492e5be,60961517,LUQINGYU09615-17_8.0,32.7836,123.5337,187.956359,149.070359,195.0,167.0,2023-12-26T13:57:51.000Z,2024-01-01T06:55:58.000Z,loitering,1
180080690-0e8f-3d81-c718-a5b1b12c9556,100583004,01583-4,30.5907,123.6146,43.215953,52.773875,58.0,78.0,2023-12-26T13:57:54.000Z,2024-01-03T14:59:40.000Z,loitering,1
e0113e444-44af-f1e2-0ff7-a8d7dc61f262,412421889,ZHEPUYUYUN78820,27.9401,122.4951,78.729602,73.541055,80.0,74.0,2023-12-26T13:58:17.000Z,2024-01-06T01:26:33.000Z,loitering,1
677a3613b-b15a-cea1-22c3-cd224579478a,538009645,SL MACALOE,-11.261,41.1421,152.17025,149.67796900000002,50.0,50.0,2023-12-26T13:59:04.000Z,2024-01-01T02:57:58.000Z,loitering,1
094b88906-6b07-0a0c-6562-e2f2028a82d0,786687389,ZHEDAIYU04585-27-52%,29.7583,123.0758,50.127305,31.941824,56.0,48.0,2023-12-26T13:59:33.000Z,2024-01-01T12:51:33.000Z,loitering,1
08e28c262-2cfc-2658-c672-dda4bd3eff19,677055100,JEWELS,29.6916,122.9954,33.875293,35.05477,52.0,55.0,2023-12-26T13:59:48.000Z,2024-01-14T19:58:44.000Z,loitering,1
c35a6d55b-bc69-f566-0b3e-a9a27968158c,96458511,ZHEDAIYU04585-1155%,29.7578,123.0757,50.127305,31.941824,56.0,48.0,2023-12-26T13:59:58.000Z,2024-01-01T12:45:47.000Z,loitering,1
49ad52754-4980-8758-7748-48aea9f42373,218931013,LIN21893-13,31.4224,122.5461,3.795612,3.795612,62.0,62.0,2023-12-26T14:00:00.000Z,2024-01-10T07:05:34.000Z,loitering,1
cdd91df34-4b95-7a85-ce63-57641fc11347,98518429,ISLAND SEA BIRD-2(8),-9.7503,52.1027,446.24725,385.5565,140.0,77.0,2023-12-26T14:05:04.000Z,2024-01-01T14:03:58.000Z,loitering,1
3aae19d8c-ca40-ee28-4fdf-e527020008eb,103616601,LIANYINGYU36166-01,31.4204,125.8729,208.423359,201.282562,205.0,197.0,2023-12-26T14:10:45.000Z,2024-01-04T05:24:29.000Z,loitering,1
813053217-7dbd-0a2d-f81c-c0e89be3b7da,352189393,LIN21893-93-54%,31.4512,122.5466,5.052716,5.052716,63.0,63.0,2023-12-26T14:23:19.000Z,2024-01-11T04:36:00.000Z,loitering,1
1b1141221-1835-2a31-a414-cc5a2d876f5f,62801022,,29.7408,123.1064,50.077871,36.766867,57.0,54.0,2023-12-26T14:45:53.000Z,2024-01-01T13:03:19.000Z,loitering,1
750ba904f-f676-e28d-2844-5817592fd2ff,123052076,BUOY_92%,22.3219,116.1663,69.181008,50.883461000000004,65.0,49.0,2023-12-26T14:50:32.000Z,2024-01-04T19:32:30.000Z,loitering,1
9f62fce8f-f85f-5b45-85b2-242c0e040cd8,99234643,SUGANYU02346-43-67%,32.9671,123.5745,185.8425,181.969219,184.0,189.0,2023-12-26T14:50:36.000Z,2024-01-01T06:57:26.000Z,loitering,1
d6b77c9d3-3a18-0a82-87b9-984d47e91c15,563240000,ATLANTIS,19.3913,-92.0404,1.048816,0.0,75.0,73.0,2023-12-26T14:51:44.000Z,2024-01-02T13:52:19.000Z,loitering,1
ac0bb8de7-70a7-c862-17c2-0ed4316197ea,412424571,ZHEDINGYU14117,27.2227,124.1652,197.02229699999998,286.200875,114.0,211.0,2023-12-26T14:51:52.000Z,2024-01-01T21:47:19.000Z,loitering,1
2501f75e9-91a1-9a2a-519d-1e6c6742b9e1,214,JIN SHENG NO2-14-70%,9.0264,-34.0011,1209.83625,1233.688875,1181.0,1205.0,2023-12-26T14:54:15.000Z,2024-01-02T19:21:12.000Z,loitering,1
ae6345f22-23ee-124b-f773-88ad28883dbd,413701860,YI HANG 5,34.0706,120.9412,37.000082,37.409055,49.0,52.0,2023-12-26T14:55:01.000Z,2024-01-08T04:59:15.000Z,loitering,1
3fc6e1548-894b-022e-5b8b-6618fde2216b,99234647,SUGANYU02346-47-52%,32.8589,123.5972,179.405922,180.931672,193.0,193.0,2023-12-26T14:55:32.000Z,2024-01-01T03:25:37.000Z,loitering,1
03a88fba8-86f1-42f0-5b61-b09f7c285832,60271107,SUGANYU02711-7-99%,32.8584,123.7774,176.40403099999997,169.118359,193.0,168.0,2023-12-26T14:57:43.000Z,2024-01-01T18:44:01.000Z,loitering,1
e9d863e0b-b3cc-d833-d841-01d5117469c4,96036117,ZHEDAIYU15226--1171%,32.2368,124.6045,195.52354699999998,177.329766,198.0,175.0,2023-12-26T14:57:44.000Z,2024-01-03T16:05:22.000Z,loitering,1
beb880ed5-5635-70c2-c95f-8cc6048c9e56,538007937,TOPAZ MASTER,-7.2337,11.2928,33.011542999999996,35.422621,153.0,155.0,2023-12-26T14:59:05.000Z,2024-01-02T10:49:24.000Z,loitering,1
4c14583fb-bcd7-4b63-d6b3-0d3b989113e2,10677131,,27.5787,122.55,81.281734,103.17821099999999,118.0,104.0,2023-12-26T15:06:31.000Z,2024-01-01T10:47:39.000Z,loitering,1
1b050d21b-b662-130f-394f-765dd4cbeb3e,202688107,02688-107-98%,33.8226,123.7539,129.854477,128.950148,126.0,125.0,2023-12-26T15:08:21.000Z,2024-01-01T10:23:24.000Z,loitering,1
444ea93a2-2b71-b564-89b7-354068fcec34,92338805,15123388         99%,25.8789,120.9979,66.874891,68.36182000000001,75.0,74.0,2023-12-26T15:12:23.000Z,2024-01-01T00:01:27.000Z,loitering,1
520471c7a-a184-89f2-f68e-e28be8b8f1cc,994080436,994080436         1V,-14.486,105.5915,450.42318800000004,451.53490600000003,433.0,434.0,2023-12-26T15:12:42.000Z,2024-01-15T11:32:26.000Z,loitering,1
fb11e8413-3cef-5f1e-eb8c-c11d6fc433cc,132570125,NET125-ZSY13257  7V9,27.5829,122.5557,82.745344,103.17821099999999,119.0,104.0,2023-12-26T15:17:22.000Z,2024-01-01T10:44:54.000Z,loitering,1
5d7427b1f-f76e-622a-61b8-2f96c21f4ac9,668986057,TIELONG68986-57-46%,22.2766,116.2133,71.376984,61.131612999999994,69.0,57.0,2023-12-26T15:23:24.000Z,2024-01-02T06:59:51.000Z,loitering,1
d6e761f98-85ec-279f-5aab-eca1c4722f5e,98344436,JSB-1,8.9924,-34.2725,1231.00375,1265.891625,1202.0,1237.0,2023-12-26T15:30:25.000Z,2024-01-02T15:06:11.000Z,loitering,1
58a676aa5-536f-605c-d2d1-c876525f5336,221501887,SUQIYU18101-69-81%,32.9274,123.7926,181.559219,172.00725,180.0,171.0,2023-12-26T15:31:41.000Z,2024-01-01T18:41:44.000Z,loitering,1
87080b9d6-6e3a-0a1a-2ee1-9f49a612508b,88370026,ZHEDAIYU08837-26_8.1,29.7877,123.127,35.665449,46.574788999999996,43.0,60.0,2023-12-26T15:34:11.000Z,2024-01-02T10:55:43.000Z,loitering,1
1ce4404a6-671a-4d30-2dfd-f68a80023957,614980061,TIELONG61498-61  90%,24.8293,119.8257,38.096531000000006,58.439906,41.0,40.0,2023-12-26T15:34:39.000Z,2024-01-01T07:52:37.000Z,loitering,1
53a6fed42-210c-aa05-1671-5d077a027ef9,210233352,02333-52-85%,33.8413,123.7771,126.699305,126.699305,123.0,123.0,2023-12-26T15:35:44.000Z,2024-01-01T09:54:20.000Z,loitering,1
4e4759506-617c-688c-99e6-deebd180f5bf,92338816,15123388         98%,25.8052,120.9957,66.556375,65.74318,73.0,68.0,2023-12-26T15:36:19.000Z,2024-01-09T20:20:52.000Z,loitering,1
9e69e8301-1d4c-a42e-3bd1-cc2bf75fc5ce,190022838,BIAO 00228-38-99%,24.8705,120.0277,48.533184,55.532934000000004,51.0,58.0,2023-12-26T15:36:58.000Z,2024-01-08T00:38:45.000Z,loitering,1
524586692-287c-6b30-2bdc-ce8211d5ceb5,230225510,NET02255--10-62%,26.7333,121.2441,32.376172,51.880172,42.0,54.0,2023-12-26T15:41:58.000Z,2024-01-02T15:02:34.000Z,loitering,1
4b32105ba-a7da-972f-0049-3deaa2cc7746,614980053,TIELONG61498-53  90%,24.817,119.8631,39.00464100000001,61.826695,42.0,47.0,2023-12-26T15:52:27.000Z,2024-01-04T03:20:35.000Z,loitering,1
1508961bd-db34-50f3-e036-86c1ffa2689f,614980055,TIELONG61498-55  90%,24.8264,119.8627,46.036762,52.50402,49.0,37.0,2023-12-26T15:54:27.000Z,2024-01-13T16:57:26.000Z,loitering,1
d3e2feb4c-cdb2-66bb-0d82-13e19f7d5c92,636014212,SEVEN PEGASUS,4.9611,114.0997,24.976651999999998,26.424699,39.0,41.0,2023-12-26T15:54:37.000Z,2024-01-01T04:42:21.000Z,loitering,1
1484455d6-688b-c513-29d7-bd47732d2e23,615580040,TIELONG61558-40  90%,24.8603,119.8954,42.867,47.403487999999996,45.0,45.0,2023-12-26T15:58:27.000Z,2024-01-06T03:18:56.000Z,loitering,1
0eb750af2-2668-f8fa-ae2a-9d31b81e440b,232199856,ZHELINYU21998-56-,31.4393,122.5551,5.239403,5.239403,63.0,63.0,2023-12-26T15:58:44.000Z,2024-01-11T02:59:54.000Z,loitering,1
7651ac17d-db28-bad4-13ad-f0f65b8c25f6,415808818,808-18-73%,38.6833,123.4371,48.685922,38.136793,52.0,40.0,2023-12-26T16:01:22.000Z,2024-01-03T18:54:30.000Z,loitering,1
fcf6d5e7d-d3c9-b787-6cc6-3d7df5a56fff,689130050,TIELONG68913-50  90%,24.8552,119.8795,41.92968,47.403487999999996,42.0,45.0,2023-12-26T16:02:20.000Z,2024-01-09T01:57:31.000Z,loitering,1
150bb3fcc-c3a2-b635-700d-25ef5a571c86,200218819,TIELONG188-0-62%,24.8206,119.898,50.261379,48.252512,47.0,46.0,2023-12-26T16:11:02.000Z,2024-01-06T05:29:42.000Z,loitering,1
6b6a89d4c-c076-de8e-93d9-c6e76842e239,689130065,TIELONG68913-65  90%,24.9076,119.9388,51.619811999999996,34.385551,52.0,37.0,2023-12-26T16:14:28.000Z,2024-01-18T13:11:06.000Z,loitering,1
02040f0e4-487b-3274-589f-b880bac1d0d8,210268837,02688-37-99%,33.8338,123.7545,129.420164,129.632734,125.0,126.0,2023-12-26T16:14:34.000Z,2024-01-02T02:50:42.000Z,loitering,1
bbf19eddd-dd22-b3ed-7f96-74540691cc87,96028165,2023-69163-3785%,27.5503,122.5957,88.935594,105.412875,125.0,106.0,2023-12-26T16:23:40.000Z,2024-01-01T07:42:08.000Z,loitering,1
6593451ad-db32-9d8e-f5b9-4b9c99b8bce8,210268819,02688-19-97%,33.8322,123.7503,129.932695,129.182523,126.0,125.0,2023-12-26T16:24:11.000Z,2024-01-01T10:20:18.000Z,loitering,1
1d68e6f4b-b2cb-0b3a-447d-d955871ee03e,321000611,ZHE DAI YU 03599-96,33.0429,124.1565,142.982594,144.433156,142.0,144.0,2023-12-26T16:24:51.000Z,2024-01-01T02:15:37.000Z,loitering,1
8b7865a02-2037-ff99-9d4b-cea02d7ffd03,615680059,TIELONG61568-59  90%,24.9141,119.9737,46.509797,42.409262000000005,49.0,46.0,2023-12-26T16:25:28.000Z,2024-01-08T08:19:05.000Z,loitering,1
df75d4ba3-3b00-a5db-0b59-de3093231fae,617730056,TIELONG61773-56  90%,24.5306,119.7084,51.606953000000004,65.454477,50.0,55.0,2023-12-26T16:32:27.000Z,2024-01-04T01:27:00.000Z,loitering,1
7db4fa626-6813-3b32-c072-cd66a8c25491,689130061,TIELONG68913-61  90%,24.7835,119.8901,49.44673,55.355539,45.0,50.0,2023-12-26T16:33:56.000Z,2024-01-05T10:43:12.000Z,loitering,1
1fdfbafb3-3d71-2f79-05a6-f04d8b4cb7a7,615580052,TIELONG61558-52  90%,24.753,119.9042,57.753332,55.576969,50.0,52.0,2023-12-26T16:44:57.000Z,2024-01-02T19:51:31.000Z,loitering,1
429a81d33-3950-1948-04e1-320f34de15f8,200216815,TIELONG168-0-93%,24.7473,119.7787,53.424645,53.715086,42.0,39.0,2023-12-26T16:46:45.000Z,2024-01-02T23:41:16.000Z,loitering,1
3157b80bf-f10b-f8c1-e6fe-4c2f49c64034,96028178,2023-69163-3886%,27.509,122.568,89.855867,107.521969,126.0,108.0,2023-12-26T16:50:22.000Z,2024-01-01T10:45:56.000Z,loitering,1
975080d55-5928-ba1b-357a-81ab492924c1,96392027,ZHEDAIYU03920-2799%,31.268,126.2594,215.72021900000001,215.72021900000001,211.0,211.0,2023-12-26T17:08:50.000Z,2024-01-01T10:53:46.000Z,loitering,1
b47c6f6d5-5f22-708d-b48a-6cccfc69e647,62959331,ZHE 21922-5,31.4013,122.6078,5.239403,8.189036,63.0,56.0,2023-12-26T17:15:18.000Z,2024-01-09T16:59:51.000Z,loitering,1
ad64466f6-6bff-211e-7d57-1ff03772b144,23830020,NET02383----20,26.4443,121.2324,61.20457,67.457742,62.0,74.0,2023-12-26T17:15:25.000Z,2024-01-01T12:29:09.000Z,loitering,1
0f9123477-7d7b-245b-9278-f3438632eaf0,168802679,HUF168802679  76%,-3.5789,174.0341,572.082938,559.572,194.0,290.0,2023-12-26T17:15:43.000Z,2024-01-04T00:54:07.000Z,loitering,1
19402d72f-f52f-beef-c7b7-58d3e7d9b97d,231900681,MFJY08655-12-93%,33.0042,124.498,129.134383,130.961836,128.0,130.0,2023-12-26T17:18:38.000Z,2024-01-01T03:30:27.000Z,loitering,1
c6b8ff415-556b-edba-2a44-a85540fcdb73,790460913,,26.1902,120.8481,45.949616999999996,55.240586,57.0,55.0,2023-12-26T17:21:46.000Z,2024-01-04T15:39:01.000Z,loitering,1
5573c92bc-c959-daf6-9fb5-f5365500dbc0,219830006,LIN21983-657%,31.2243,122.5641,3.954941,0.0,63.0,19.0,2023-12-26T17:22:02.000Z,2024-01-07T17:56:37.000Z,loitering,1
7e28d970f-f319-f48e-b7a9-15cfad90abdb,412187139,TIELONG61871-39-69%,26.9388,121.784,75.51418,75.753117,88.0,89.0,2023-12-26T17:24:16.000Z,2024-01-03T21:39:30.000Z,loitering,1
191fec9ea-addc-cf0a-10cb-7c36a36a85af,40166508,SUQIYU1665 0899%,33.2688,123.8995,143.112438,143.849703,141.0,142.0,2023-12-26T17:29:20.000Z,2024-01-01T15:42:19.000Z,loitering,1
245ce25e9-987e-b477-ce0e-cc52601f8768,266220912,04266-12-55%,26.2374,120.7564,34.825714999999995,46.812816,46.0,46.0,2023-12-26T17:31:29.000Z,2024-01-04T15:37:46.000Z,loitering,1
22c5b0368-85d2-53b4-f66f-c0a5a0356e41,233101305,MFJY09255-21-91%,32.9703,124.4585,135.203844,135.203844,135.0,135.0,2023-12-26T17:35:15.000Z,2024-01-01T05:13:16.000Z,loitering,1
9d33138dc-cb38-cb6f-6095-9fa273a3b323,4618731,TIELONG61873-1,26.932,121.7791,76.37192999999999,76.595469,88.0,89.0,2023-12-26T17:35:16.000Z,2024-01-01T00:44:45.000Z,loitering,1
cb42816d6-6e84-7dbc-089e-f0c593751bec,910277717,02777-17-77%,26.4011,121.1924,58.588941,65.268418,67.0,72.0,2023-12-26T17:39:57.000Z,2024-01-01T05:55:38.000Z,loitering,1
3b9fdbb71-1176-2cb6-1dc3-c493ee36bea0,25650059,SUGANYU02565-59-99%,31.4279,125.7052,209.81968799999999,200.731953,206.0,197.0,2023-12-26T17:51:35.000Z,2024-01-02T04:04:01.000Z,loitering,1
e90a783b7-7c56-7148-69d0-7fbe1424d90a,230131314,MINXIAYU01313-14-,26.3937,121.2668,76.425867,62.094465,79.0,70.0,2023-12-26T17:55:02.000Z,2024-01-01T05:35:12.000Z,loitering,1
ac5e1135e-e4b2-aac6-bdeb-696b7b38658b,412152769,ABCDE 72%,-19.9871,-125.178,819.5845,697.1204379999999,545.0,501.0,2023-12-26T17:56:21.000Z,2024-01-03T23:59:04.000Z,loitering,1
0f61b8165-55f6-8467-5ad6-184dba5f5efe,113780011,11378-11-99%,21.5374,114.2188,5.418237,97.098023,0.0,87.0,2023-12-26T17:57:14.000Z,2024-01-02T13:48:46.000Z,loitering,1
c6103b2eb-bf85-abf6-902e-d3ff055bf07f,477745400,SHANDONG NEW ERA,38.8657,119.1946,2.3864650000000003,2.0576640000000004,38.0,38.0,2023-12-26T17:59:52.000Z,2024-01-04T12:57:30.000Z,loitering,1
e1000d8e4-4d8d-5f38-e2a4-32f698e276c5,231009407,5858-7-96%,37.8301,122.8564,53.651195,40.048094,54.0,41.0,2023-12-26T18:00:29.000Z,2024-01-06T21:19:42.000Z,loitering,1
9d8a0f266-6c95-9a71-b369-aa34c7a47e96,96066564,MINFUDINGYU06656-04,33.4324,124.1183,115.417906,116.079219,114.0,114.0,2023-12-26T18:02:23.000Z,2024-01-01T00:47:46.000Z,loitering,1
182b8e9f1-1edc-e977-711b-ea26e18f1df3,898924146,EDC-7  100%,-19.3806,-125.6396,784.469625,777.717438,605.0,577.0,2023-12-26T18:04:23.000Z,2024-01-01T06:35:40.000Z,loitering,1
02d526f89-950f-508a-429f-3f3b1f216c76,412180573,TIELONG61805-73-63%,27.0357,121.6921,64.244043,62.339648000000004,79.0,69.0,2023-12-26T18:05:50.000Z,2024-01-04T15:06:46.000Z,loitering,1
b48036ffc-c320-5d95-335b-24bbd07be092,26187122,TIELONG61871-22-91%,27.0273,121.7683,65.322547,65.568633,80.0,81.0,2023-12-26T18:08:19.000Z,2024-01-01T00:17:55.000Z,loitering,1
c8c82de0b-b84d-787a-2401-c3e21cb9b354,182990011,SUQIYU18299*11_7.5V,32.272,123.2988,120.14007799999999,120.14007799999999,144.0,144.0,2023-12-26T18:24:04.000Z,2024-01-04T02:20:36.000Z,loitering,1
dceb7678a-a4b7-e119-eeb6-11019f2ff2b4,123025753,ZHEDAIYU06107-53-82%,34.0981,123.9041,113.42271099999999,112.459977,109.0,108.0,2023-12-26T18:24:48.000Z,2024-01-01T08:48:10.000Z,loitering,1
bdb644286-6a5f-4d59-5868-f9da942c6650,412187113,TIELONG61871-13-96%,26.9923,121.774,64.669305,74.41189800000001,78.0,89.0,2023-12-26T18:26:12.000Z,2024-01-03T07:56:49.000Z,loitering,1
e2b202a89-98b8-6679-e91e-fe1e62884bc4,96066566,MINFUDINGYU06656-06,33.4338,124.1166,116.079219,116.079219,114.0,114.0,2023-12-26T18:27:40.000Z,2024-01-01T00:27:08.000Z,loitering,1
c406eefb8-858b-8347-dc89-4541577d1904,210437722,04377-2251%,30.3137,123.878,86.123766,80.71107,97.0,87.0,2023-12-26T18:34:25.000Z,2024-01-01T02:12:46.000Z,loitering,1
307006c54-46de-4995-5410-13e3814fbb35,220437712,04377-12-81%,30.393,123.8318,85.828891,63.117852,96.0,76.0,2023-12-26T18:40:48.000Z,2024-01-01T10:55:53.000Z,loitering,1
d857b378a-a379-243e-0b7d-9022550047ff,789789376,,33.02,124.4615,130.282148,130.282148,130.0,130.0,2023-12-26T18:42:16.000Z,2024-01-02T07:17:50.000Z,loitering,1
6feb2cb10-0169-51f0-b9fa-29a8974c9c0b,926366501,LIAOYINGYU26366-1-,37.8204,122.7594,42.704996,42.704996,44.0,44.0,2023-12-26T18:44:33.000Z,2024-01-06T13:16:11.000Z,loitering,1
72dbd7a41-1bf9-5471-85d5-bca5e2e41f23,571222512,LIN12225-12-99%,29.3259,122.9035,51.135538999999994,47.801012,69.0,68.0,2023-12-26T18:44:51.000Z,2024-01-01T18:37:18.000Z,loitering,1
62fd670e1-166b-5feb-aed3-a19618638de8,411009351,9797-1-57%,37.8562,122.8813,50.624129,50.624129,51.0,51.0,2023-12-26T18:45:38.000Z,2024-01-15T22:17:14.000Z,loitering,1
48263dd95-5262-aa83-0611-45feba51a31a,43770010,BIAO 04377 -10-72%,30.3866,123.8315,86.951859,63.117852,97.0,76.0,2023-12-26T18:46:21.000Z,2024-01-01T10:58:45.000Z,loitering,1
911a4cf0b-baec-aa48-e17c-a71ee35297f8,943330501,33305-1%-99%,30.6812,123.6339,46.839746,46.555754,74.0,70.0,2023-12-26T18:48:14.000Z,2024-01-03T08:04:48.000Z,loitering,1
8a03d9c77-787b-a4a4-3d77-2137c47ea883,717010002,ZHE DAI YU 71701-02,27.0811,121.7113,55.527625,63.504188,76.0,71.0,2023-12-26T18:50:50.000Z,2024-01-08T03:19:16.000Z,loitering,1
f86b3a7de-ed08-1198-49f7-a1c53224a9e2,43770001,BIAO 04377- 01-68%,30.3982,123.8109,86.663844,58.391012,97.0,72.0,2023-12-26T18:51:38.000Z,2024-01-03T03:10:04.000Z,loitering,1
40f307961-1a8d-3419-c042-90a04235e74c,43770009,BIAO 04377-09-56%,30.3796,123.8315,87.529133,63.117852,97.0,76.0,2023-12-26T18:52:20.000Z,2024-01-01T10:57:09.000Z,loitering,1
d9be9ee72-2d57-7cf4-0d34-69b4bd3cd2cd,910437704,04377-04-80%,30.3781,123.8315,87.529133,63.117852,97.0,76.0,2023-12-26T18:54:30.000Z,2024-01-01T10:57:38.000Z,loitering,1
18bf00552-25f8-ad31-d756-d9cc8ff3d53d,415808810,808-10-98%,38.6651,123.4075,50.115344,38.382160000000006,53.0,40.0,2023-12-26T19:04:05.000Z,2024-01-03T19:39:35.000Z,loitering,1
df1d4cd7f-fc95-18d3-783c-b4d34052d1e0,233012043,22789-1-81%,37.7916,122.7731,39.766242,39.766242,41.0,41.0,2023-12-26T19:05:22.000Z,2024-02-12T00:05:59.000Z,loitering,1
240bd5dcc-cb4e-dfbe-0198-ba3cc70df60f,410001827,56788-8882%,37.8645,122.8736,50.247672,51.258089999999996,51.0,52.0,2023-12-26T19:10:31.000Z,2024-01-03T00:13:59.000Z,loitering,1
7dee0ef6b-bebe-d2c2-c466-bb450b60bb40,231300991,LURONGYU53999-2-83%,37.837,122.7421,44.434328,44.434328,46.0,46.0,2023-12-26T19:15:53.000Z,2024-01-01T02:59:56.000Z,loitering,1
ad5248293-32e3-098c-c12b-bdb98676f9b9,266068807,TIELONGBIAO60688-7,22.007,115.7902,79.50933599999999,71.65682000000001,80.0,73.0,2023-12-26T19:26:29.000Z,2024-01-02T06:52:01.000Z,loitering,1
033fa47a3-3eae-ffbd-a1ed-52e3c914e8ce,886880016,ZL--16  92%,-11.9223,-128.2064,1132.645,1174.116875,1101.0,1169.0,2023-12-26T19:30:52.000Z,2024-01-01T02:10:03.000Z,loitering,1
1651cf59b-ba0d-1c1a-50dc-ab202ec84cef,574004380,TM HAI HA 818,15.9716,96.4345,76.937391,76.677891,49.0,49.0,2023-12-26T19:33:43.000Z,2024-01-03T20:33:57.000Z,loitering,1
6b37b9159-9b7b-d970-8d71-46c1760a61b1,22023811,02381-1-67%,30.5854,123.5955,46.038945,47.060112999999994,59.0,72.0,2023-12-26T19:50:37.000Z,2024-01-02T05:29:21.000Z,loitering,1
78efb8c61-15e8-10f0-ace3-6e22075b9bba,48090013,,29.9958,124.8055,169.06121900000002,183.641094,180.0,198.0,2023-12-26T19:54:22.000Z,2024-01-01T06:34:01.000Z,loitering,1
2e901952b-bad0-89ae-8082-e41cc381ccbe,412431001,ZHERUIYU01705,27.1905,122.0192,72.984484,51.832777,100.0,86.0,2023-12-26T19:56:18.000Z,2024-01-01T02:06:03.000Z,loitering,1
e80ac684d-db80-8291-d314-98c150b64c88,311019800,FUGRO SYNERGY,54.4888,5.6823,26.8425,26.943967,112.0,114.0,2023-12-26T19:59:04.000Z,2024-01-07T20:57:32.000Z,loitering,1
b1e1da96b-bdc6-41e9-5be5-63cf8b294047,2217834,QIONGLINYU22178-34,33.7152,123.8892,119.674719,121.079812,116.0,118.0,2023-12-26T20:01:39.000Z,2024-01-01T11:05:55.000Z,loitering,1
3768b94d3-3c8e-02b6-9738-7c31036f00b8,123449827,SUQIYU04498*27_7.9V,32.6275,123.1927,134.995375,134.995375,151.0,151.0,2023-12-26T20:04:30.000Z,2024-01-08T14:52:54.000Z,loitering,1
7160d4aca-ac11-2620-f09b-ca8baa9a8378,123253339,25333-9-83%,21.9106,116.4939,99.74356200000001,125.367188,96.0,122.0,2023-12-26T20:07:30.000Z,2024-01-01T00:38:29.000Z,loitering,1
8da5f51be-e3c7-29d3-e133-cc0f5209f1b0,294321886,LIN21886-56%,32.6411,123.1927,135.45090599999997,135.45090599999997,151.0,151.0,2023-12-26T20:07:34.000Z,2024-01-08T02:51:36.000Z,loitering,1
0ce55a3d4-4880-4b73-51fc-8bcd921480a7,600579803,65798-03-75%,24.3001,119.1777,51.184945,50.164691,64.0,58.0,2023-12-26T20:07:51.000Z,2024-01-02T16:21:12.000Z,loitering,1
7733d2f7c-c69e-cb22-6c57-466c16c311f3,667890011,66789-11--59%,27.3703,123.2919,164.930375,173.50835899999998,170.0,158.0,2023-12-26T20:08:00.000Z,2024-01-05T12:52:46.000Z,loitering,1
ec5f73f1e-e706-57e0-5379-d077eb884613,42950043,ZHEDAIYU04295-43-99%,30.0423,124.8012,168.54315599999998,180.494562,179.0,196.0,2023-12-26T20:11:09.000Z,2024-01-02T10:22:57.000Z,loitering,1
bb8bfcffb-b25f-450a-08c7-b3ff6cb52b55,45060010,SUSHEYU04506-10-69%,34.7418,120.3622,36.746078000000004,36.746078000000004,46.0,46.0,2023-12-26T20:14:37.000Z,2024-01-01T00:19:42.000Z,loitering,1
456d51f11-124c-5d50-a46b-a57781664a60,622449850,SUQIYU04498*50_7.8V,32.6456,123.1925,135.45090599999997,135.914,151.0,152.0,2023-12-26T20:17:33.000Z,2024-01-08T02:13:58.000Z,loitering,1
3fb4feec7-73b3-52ce-5938-800ed78b4bee,666012,NET 36-12         3V,15.8568,130.361,804.912188,724.366938,707.0,617.0,2023-12-26T20:17:55.000Z,2024-01-03T12:18:14.000Z,loitering,1
be781d84f-f738-460e-f225-bd482d63de48,42910033,,30.0353,124.8005,168.818672,180.494562,179.0,196.0,2023-12-26T20:18:21.000Z,2024-01-02T09:55:41.000Z,loitering,1
3defc0878-86c2-b4c5-2e72-4d009d1a93ba,289370003,NET28937--3-_99%,31.3924,127.1486,212.274625,199.425188,136.0,126.0,2023-12-26T20:18:55.000Z,2024-01-01T09:51:12.000Z,loitering,1
65ca15b3c-c64e-bf7f-1733-34c7642fc021,124498014,SUQIYU04498*014_8.0V,32.6177,123.1914,134.5475,134.5475,150.0,150.0,2023-12-26T20:20:24.000Z,2024-01-08T02:03:05.000Z,loitering,1
4867e794f-f0a0-a5c6-aaaa-e1470ab8f218,804498032,SUQIYU04498-32-87%,32.6279,123.1927,134.995375,134.995375,151.0,151.0,2023-12-26T20:22:53.000Z,2024-01-08T17:51:03.000Z,loitering,1
657f04d98-81e3-8b25-911c-509f4bbe2340,322620019,ZHEYUYU32262-19_79%,27.2608,123.2936,168.83775,173.890672,163.0,141.0,2023-12-26T20:23:12.000Z,2024-01-01T08:54:05.000Z,loitering,1
bafec7b79-9440-b766-11b5-f961a30b7e2b,15274320,DONG YU 1527 88%,-19.9142,-125.3532,795.820875,707.77325,550.0,511.0,2023-12-26T20:29:36.000Z,2024-01-01T02:06:29.000Z,loitering,1
807dfa7ca-a234-72b1-ffb3-a5823e6cdd64,101178625,11786-25-73%,27.2826,123.2316,163.38921900000003,166.06804699999998,162.0,150.0,2023-12-26T20:29:58.000Z,2024-01-03T04:06:09.000Z,loitering,1
cbf8cbdb0-0b01-9f8b-11ce-89139530e858,101178624,11786-24-86%,27.2757,123.2334,163.38921900000003,167.600266,162.0,148.0,2023-12-26T20:30:06.000Z,2024-01-03T04:02:22.000Z,loitering,1
643e5b7df-f82a-8086-7005-b2fc0fa8d3e2,42950054,ZHEDAIYU04295-5499%,30.0558,124.7998,167.758109,180.494562,178.0,196.0,2023-12-26T20:31:24.000Z,2024-01-02T10:23:03.000Z,loitering,1
3c50f1772-2fde-451b-fe0a-38dd786f6eea,550710002,LIAOWAYU55071-02-75%,36.811,123.2152,59.728593999999994,62.394832,61.0,64.0,2023-12-26T20:35:49.000Z,2024-01-04T03:54:46.000Z,loitering,1
61f6e42f9-9e94-e21d-09f1-57e9da96103c,632262028,C32262-28-89%,27.2119,123.3008,169.41934400000002,177.802188,160.0,134.0,2023-12-26T20:37:06.000Z,2024-01-02T09:24:43.000Z,loitering,1
8d26b3c0e-e2ae-11f9-0753-7f6ea82e5b03,101504155,NET04155--15--99%,30.0182,124.7889,170.033812,178.390266,181.0,193.0,2023-12-26T20:42:21.000Z,2024-01-02T13:50:14.000Z,loitering,1
077842084-4052-8150-6e3f-c36299961cb0,884218812,ZHEPUYU42188--12-47%,31.1696,125.7563,227.44114100000002,236.144438,223.0,232.0,2023-12-26T20:42:38.000Z,2024-01-02T10:16:01.000Z,loitering,1
be65402d6-63c7-56bd-fc14-0db8ba8853f3,102999907,NET29999--7-50%,31.3205,127.1216,218.546641,206.948609,144.0,130.0,2023-12-26T20:42:39.000Z,2024-01-01T05:50:39.000Z,loitering,1
a9c346148-830b-6cff-596e-6d0dbb649114,934218809,42188-9-46%,31.1718,125.6286,225.24454699999998,217.99820300000002,221.0,241.0,2023-12-26T20:45:26.000Z,2024-01-05T06:56:42.000Z,loitering,1
d23315ff6-60cd-4fa7-baa6-c7dd48c5a6c8,10266712,SUGANYU02667-12-82%,31.9066,123.9385,135.01906200000002,132.712156,164.0,165.0,2023-12-26T20:46:29.000Z,2024-01-01T07:53:36.000Z,loitering,1
0cb7689e4-44ee-0cd8-fe0c-a5e7e836eb37,934218807,42188-7-67%,31.1788,125.6844,224.146453,228.289,220.0,238.0,2023-12-26T20:47:20.000Z,2024-01-03T18:23:20.000Z,loitering,1
1fe0fecbc-ce17-ce27-2e26-c40cdf1e5670,466004870,60682-23-62%,30.0043,124.7911,170.917203,178.390266,182.0,193.0,2023-12-26T20:47:35.000Z,2024-01-02T13:49:03.000Z,loitering,1
e020adf84-46e7-05be-5214-fb46bd5c0dd4,63550803,,30.065,124.7929,168.451359,177.416484,178.0,193.0,2023-12-26T20:47:52.000Z,2024-01-03T09:11:31.000Z,loitering,1
8582b4525-5536-093f-191f-81a0c98b4711,884218821,ZHEPUYU42188---21,31.1399,125.6863,231.835891,228.289,228.0,238.0,2023-12-26T20:49:32.000Z,2024-01-03T18:13:53.000Z,loitering,1
0e8017ff4-4b2d-5f32-cc1e-2dc83028ddab,202688103,02688-103-99%,33.8128,123.7441,131.89181200000002,129.182523,128.0,125.0,2023-12-26T20:52:27.000Z,2024-01-01T10:29:36.000Z,loitering,1
09ede0fb3-3a3e-2456-d604-bc3b9da5f7c9,60635502,,30.0954,124.8106,169.478797,179.029281,180.0,197.0,2023-12-26T20:53:06.000Z,2024-01-05T11:49:22.000Z,loitering,1
6e1c19a3a-afd0-0835-04f4-fda052d14e57,632262035,C32262-35--99%,27.1976,123.2829,170.293328,173.695156,155.0,137.0,2023-12-26T20:54:08.000Z,2024-01-01T03:55:14.000Z,loitering,1
86217d7fd-d349-8628-f52a-32b11250abf6,191890008,19189--0834%,21.495,113.7048,51.948843999999994,31.745006,64.0,27.0,2023-12-26T20:55:47.000Z,2024-01-02T15:36:26.000Z,loitering,1
6ccb26154-4d0b-02d4-46e2-ba6227908cec,673000169,ZHEDAIYU04809-16-,30.0067,124.7999,167.236578,183.641094,178.0,198.0,2023-12-26T20:56:40.000Z,2024-01-01T06:25:52.000Z,loitering,1
e41e8ae9b-b609-6dc9-dc08-b49747b3166c,267885777,LU88577--7-99%,30.0387,124.7881,168.951219,178.390266,179.0,193.0,2023-12-26T20:57:58.000Z,2024-01-02T13:54:04.000Z,loitering,1
fd74a576d-d4fc-0615-e03b-53bbc41e16c1,752260038,75226-38-99%,37.4829,123.5649,83.029523,71.888555,83.0,72.0,2023-12-26T20:57:59.000Z,2024-01-16T08:46:15.000Z,loitering,1
397ff638e-e975-0ec7-370a-f57b8382d780,413376090,TIAN SHENG 18,31.4204,122.5111,0.0,0.0,60.0,60.0,2023-12-26T20:58:28.000Z,2024-01-01T13:59:48.000Z,loitering,1
244ed52e3-34e9-b10c-96ac-715814bc8139,994008747,LS116-BUOY-007    9V,-5.1966,-145.1349,678.72775,697.687125,568.0,587.0,2023-12-26T20:58:58.000Z,2024-01-01T16:58:46.000Z,loitering,1
c8c0c57a1-1ad6-337f-9dbe-b84bdcb79d9b,96345907,SUYU03459-07-80%,31.8336,123.9176,133.820828,121.107172,164.0,151.0,2023-12-26T20:59:15.000Z,2024-01-01T03:34:15.000Z,loitering,1
1133fa1bc-cd3a-2d8d-2028-cedb48218a1f,42950051,ZHEDAIYU04295-5199%,30.042,124.7975,167.07471900000002,181.14068799999998,177.0,196.0,2023-12-26T20:59:44.000Z,2024-01-02T10:34:24.000Z,loitering,1
411374c26-6b38-e8ca-bb46-0f7344d189b9,863832,MINYU08638-32_78%,33.909,123.8608,117.068414,119.20304700000001,113.0,115.0,2023-12-26T21:00:54.000Z,2024-01-01T09:12:36.000Z,loitering,1
ba4cbf91e-e335-5749-45c7-b2e77a718bc2,863839,MINYU08638-39_58%,33.8957,123.8712,117.377273,117.54718,113.0,113.0,2023-12-26T21:00:56.000Z,2024-01-01T09:21:27.000Z,loitering,1
fa9b1ef6b-bd1a-59d7-890a-a4c542ca268c,752260031,75226-31-99%,37.4975,123.5992,83.19518,78.163414,83.0,78.0,2023-12-26T21:02:05.000Z,2024-01-12T19:17:47.000Z,loitering,1
fecb3fa3a-aa82-0d68-da18-ef2fe69f6553,96048497,SUQIYU02268-52-63%,33.1799,123.6993,163.98842199999999,163.98842199999999,162.0,162.0,2023-12-26T21:06:21.000Z,2024-01-01T02:10:36.000Z,loitering,1
c0859af40-091e-1942-054f-7365f08ecfa8,658790008,65879--8--TIELONG99%,24.004,118.633,36.78059,36.735574,50.0,51.0,2023-12-26T21:11:34.000Z,2024-01-08T23:45:06.000Z,loitering,1
2892811f7-7137-831a-7b15-33d1f5a0c584,863823,MINYU08638-23_80%,33.903,123.8527,119.20304700000001,119.045688,115.0,115.0,2023-12-26T21:16:38.000Z,2024-01-01T09:22:23.000Z,loitering,1
eb55d7875-52be-262e-4113-0421f50771eb,752260046,75226-46-99%,37.5075,123.5778,79.031273,78.371633,79.0,78.0,2023-12-26T21:17:49.000Z,2024-01-10T06:32:34.000Z,loitering,1
691d1081a-a576-b67d-3c6c-ece5f2c3d676,910465812,04658-12-78%,29.6731,123.029,51.82357,25.645846000000002,79.0,31.0,2023-12-26T21:21:48.000Z,2024-01-01T18:22:31.000Z,loitering,1
5a4270a62-29e7-2527-8ace-fe39458d9b7b,90260910,02609-10-27%,31.1187,125.7555,238.431703,236.144438,234.0,232.0,2023-12-26T21:25:16.000Z,2024-01-02T10:19:52.000Z,loitering,1
e5d598b42-2048-403e-6ee2-fac485abf82b,426880023,,31.0891,125.7579,245.031609,236.144438,241.0,232.0,2023-12-26T21:26:15.000Z,2024-01-02T10:11:08.000Z,loitering,1
cf911767e-ec39-2c3f-bd6f-ee7ca6568d2b,863838,MINYU08638-38_63%,33.8944,123.8592,117.727344,119.045688,114.0,115.0,2023-12-26T21:26:54.000Z,2024-01-01T09:16:06.000Z,loitering,1
9525455be-e860-2fd9-c331-9289d0505fa2,27015631,01563-1-69%,29.6792,123.4192,65.623859,75.588789,75.0,85.0,2023-12-26T21:26:59.000Z,2024-01-03T16:20:45.000Z,loitering,1
ae8c2ff29-964b-a7ea-3cc6-e9115b8b9594,904213118,42131-18-51%,31.0819,125.7598,246.131969,236.997969,242.0,233.0,2023-12-26T21:30:46.000Z,2024-01-02T09:52:34.000Z,loitering,1
f75974ee2-21cf-1ba0-d1c7-5e64c4d782c2,96440816,ZHEDAIYU04408-1662%,33.8783,124.0145,103.405922,105.911641,99.0,102.0,2023-12-26T21:32:11.000Z,2024-01-05T20:02:03.000Z,loitering,1
020d9e983-3f54-96f3-9453-6ded9398b9b7,61290005,ZHEDAIYU06129-05_7.9,30.6911,125.5165,233.262734,219.704484,258.0,241.0,2023-12-26T21:35:37.000Z,2024-01-02T11:47:38.000Z,loitering,1
7e95df42f-f0a6-073c-faa8-4d4ef81ff414,990003619,619-3-99%,-19.8984,168.8046,76.286328,77.418719,68.0,70.0,2023-12-26T21:38:27.000Z,2024-01-01T11:09:54.000Z,loitering,1
48cdc41e3-3320-e0e6-3059-c89d57a96605,96212126,SUGANYU02121-26-99%,31.8983,123.9301,132.21506200000002,134.15442199999998,161.0,167.0,2023-12-26T21:38:39.000Z,2024-01-01T07:52:40.000Z,loitering,1
1dd19c2e1-1fd4-c32d-824e-2ad4cd01f471,14880014,MINHUIYU01488--014,24.0486,118.6275,32.456334,34.755727,45.0,47.0,2023-12-26T21:38:58.000Z,2024-01-03T09:53:19.000Z,loitering,1
8ff3082bb-bbfd-fdd1-bff8-66de0bbf9181,235548803,,36.8788,123.4151,78.45532,75.86167200000001,79.0,77.0,2023-12-26T21:42:44.000Z,2024-01-15T12:20:32.000Z,loitering,1
79cb38034-42c5-84cb-506b-c0e2abe0bdf6,412416239,ZHELINGYU21891,27.8085,122.0855,53.143242,53.408785,67.0,61.0,2023-12-26T21:43:13.000Z,2024-01-02T16:57:41.000Z,loitering,1
5ec38f643-32b9-e45c-c89a-f401b0ba14e8,233210024,01016----12-99%,30.353,124.2806,130.510648,103.901625,139.0,124.0,2023-12-26T21:44:37.000Z,2024-01-04T04:52:56.000Z,loitering,1
5d4d84be8-8f9f-3f66-508b-986197213248,920617185,MINGFUDINGYU06171-85,33.0477,124.2915,135.358125,137.043516,135.0,136.0,2023-12-26T21:46:37.000Z,2024-01-07T02:50:29.000Z,loitering,1
4f736e2e6-60db-6f3e-ced3-31ee8956a9c2,16887005,SUQIYUN 01688-5- 91%,33.123,124.1843,135.78525,135.78525,135.0,135.0,2023-12-26T21:46:57.000Z,2024-01-01T01:31:53.000Z,loitering,1
ec276bc58-86d8-0c35-a7d8-b07582a1fdee,961289529,12895#-29-33%,31.0795,125.8513,239.53140599999998,239.96942199999998,235.0,236.0,2023-12-26T21:47:23.000Z,2024-01-01T08:45:52.000Z,loitering,1
6de36c196-6f3d-252b-3a8d-e21ca6254c99,33950092,,34.0465,123.8232,118.845719,121.623641,114.0,117.0,2023-12-26T21:51:42.000Z,2024-01-01T07:45:43.000Z,loitering,1
772ec03eb-b0ea-2bda-1ada-78b070c158da,61070014,,34.1149,123.9065,112.556617,112.621375,108.0,108.0,2023-12-26T21:51:57.000Z,2024-01-01T07:30:02.000Z,loitering,1
c363cb50b-b3e7-5417-2cfb-fe0839671771,990008619,619-8-91%,-19.4899,168.6488,64.52223000000001,69.258812,59.0,66.0,2023-12-26T21:55:18.000Z,2024-01-01T06:19:44.000Z,loitering,1
61be63340-00cd-4a75-09cc-6d6b95828d8a,123025756,ZHEDAIYU06107-56-75%,34.1114,123.9068,112.556617,112.556617,108.0,108.0,2023-12-26T21:56:09.000Z,2024-01-01T07:27:58.000Z,loitering,1
320062e36-6b51-ff3a-cf4d-3fb699743db7,61072004,ZHEDAIYU06107-04-82%,34.094,123.9059,112.459977,112.502812,108.0,108.0,2023-12-26T21:56:15.000Z,2024-01-01T09:07:07.000Z,loitering,1
8f1fea121-1095-b268-d8c4-b33475865cc9,61075301,ZHEDAIYU06107-01-89%,33.7864,124.2468,112.502812,81.55552300000001,108.0,81.0,2023-12-26T21:56:31.000Z,2024-01-03T23:13:28.000Z,loitering,1
6c70b06b0-0577-a39b-5107-d97c0ca39a7e,412756000,XIN SHI JI 198,38.4996,118.3247,0.870221,1.111949,38.0,38.0,2023-12-26T21:57:12.000Z,2024-01-02T00:59:04.000Z,loitering,1
66c61da7e-eaec-b8b0-18ba-b98cc52df592,96048084,MINYU01229-7-56%,33.0625,124.4107,128.722094,127.770461,128.0,127.0,2023-12-26T21:59:08.000Z,2024-01-01T05:03:31.000Z,loitering,1
dce49a621-1ab8-bba8-5e05-bb1128953ecc,40300014,04030--14-99%,22.6286,117.1037,28.036953,89.863609,33.0,109.0,2023-12-26T22:01:43.000Z,2024-01-03T23:32:28.000Z,loitering,1
0222406f7-7362-da61-d44b-5beb87661444,412192210,MLY61922-10-87%,26.6649,121.7735,101.045102,103.277344,109.0,110.0,2023-12-26T22:07:56.000Z,2024-01-02T05:49:56.000Z,loitering,1
2e0f5c53d-d72d-1e8f-91ef-83c2cfc69bbf,876896732,,33.0136,124.4494,131.703453,131.703453,131.0,131.0,2023-12-26T22:12:12.000Z,2024-01-02T00:49:00.000Z,loitering,1
a365d3805-52b6-0364-9c8e-22e178d41f67,100000242,,35.1229,119.9542,3.8039929999999997,3.8039929999999997,46.0,46.0,2023-12-26T22:15:59.000Z,2024-01-08T11:53:04.000Z,loitering,1
e84054d76-6e34-693e-3692-9be4831cc022,800567816,JIHUNGGANGYU05377-16,33.1423,124.2932,127.076844,126.75682,126.0,126.0,2023-12-26T22:16:30.000Z,2024-01-01T16:32:43.000Z,loitering,1
8aece7daf-f685-5c03-ee11-6c5f01fab043,897689636,,33.0198,124.46,131.262406,129.304016,131.0,129.0,2023-12-26T22:18:10.000Z,2024-01-02T07:23:12.000Z,loitering,1
c63e8a241-1c53-e255-7223-e9e0268e97e4,10626376,,32.8839,124.4088,145.6775,145.81753099999997,145.0,145.0,2023-12-26T22:19:35.000Z,2024-01-01T11:52:54.000Z,loitering,1
141b3d316-644a-4848-b742-4650d9b49758,121200102,12120-BB74%,22.7889,117.0078,30.884189,60.417113,36.0,67.0,2023-12-26T22:22:11.000Z,2024-01-02T04:19:01.000Z,loitering,1
51f5b0dff-fe64-4ecb-aab7-0613f0986bbd,56680054,NET54-ZSY05668-69%,29.7722,123.199,68.20849199999999,34.999266000000006,75.0,39.0,2023-12-26T22:22:25.000Z,2024-01-01T19:26:37.000Z,loitering,1
cf521584b-b5f0-45c2-4382-65e01f286b42,700014222,NET-7-ZSY1422254%,32.9895,124.3629,137.316922,137.794812,137.0,137.0,2023-12-26T22:24:42.000Z,2024-01-01T04:03:21.000Z,loitering,1
2d09d9d81-10c6-a613-dc18-7b913830ad19,898923932,62788-7  100%,22.6288,117.125,30.884189,89.863609,36.0,109.0,2023-12-26T22:25:00.000Z,2024-01-03T23:32:49.000Z,loitering,1
500b37fec-cc91-6447-e247-5421f39832ba,908120006,WANGBIAO-06-87%,22.7873,117.0063,30.884189,59.332871,36.0,66.0,2023-12-26T22:26:42.000Z,2024-01-02T03:37:06.000Z,loitering,1
66feee436-6ef0-694e-7735-d9e496f5b373,67150040,,32.8607,124.4251,147.397406,147.80845300000001,147.0,147.0,2023-12-26T22:27:44.000Z,2024-01-01T03:56:03.000Z,loitering,1
f2f2089b0-01f9-b899-09c3-f3f1f84e4408,610620025,,32.9397,124.4215,139.886922,139.886922,139.0,139.0,2023-12-26T22:28:08.000Z,2024-01-01T04:23:13.000Z,loitering,1
353b632b9-9e40-327a-57b3-02f3a88803f6,96239527,FUDINYU 02395-2733%,24.9362,120.2482,35.708387,26.838191,47.0,22.0,2023-12-26T22:28:24.000Z,2024-01-03T09:32:40.000Z,loitering,1
34ea1f38d-d972-545c-fdbd-77d3144c1e0d,168803405,BUOY-09  100%,-5.742,-10.6043,474.626812,495.356938,466.0,486.0,2023-12-26T22:32:28.000Z,2024-01-03T23:18:28.000Z,loitering,1
4cc682bb8-8fdf-edac-d9dd-3ed386326e18,610620006,,32.9487,124.4096,139.34682800000002,139.34682800000002,139.0,139.0,2023-12-26T22:33:20.000Z,2024-01-01T04:00:20.000Z,loitering,1
a4af700fb-b29b-4b04-f7cb-9b0ab3fba7fe,96121627,01216-27-72%,25.6131,120.4654,36.349875,44.743777,42.0,45.0,2023-12-26T22:33:58.000Z,2024-01-01T04:46:36.000Z,loitering,1
5cb8dfb83-3090-6bfa-8e00-8bf157048c2e,10671081,,32.9233,124.3971,142.726797,142.192203,142.0,141.0,2023-12-26T22:34:56.000Z,2024-01-01T03:49:45.000Z,loitering,1
ac7f887ec-c1ab-0862-a448-01ad9a396dcb,96696755,MINLIANYU69967-5556%,33.0151,124.3607,138.277266,132.564672,138.0,132.0,2023-12-26T22:35:20.000Z,2024-01-05T20:18:55.000Z,loitering,1
32028bf29-9f3a-fa27-4b39-d7cbd3171aaa,10626090,,33.0486,124.1654,142.401859,142.982594,142.0,142.0,2023-12-26T22:35:57.000Z,2024-01-01T02:22:15.000Z,loitering,1
bba235aa2-2af5-1692-20db-5c83af76b00d,134010041,NET41-ZSY13401-90%,32.8917,124.4485,143.580734,143.580734,143.0,143.0,2023-12-26T22:38:24.000Z,2024-01-05T20:02:46.000Z,loitering,1
8ca22367e-e515-93ba-34c3-8f18ebe69d46,16690013,MINHUIYU01669-13-56%,23.6626,118.406,39.976176,48.95132,56.0,66.0,2023-12-26T22:41:13.000Z,2024-01-04T07:49:23.000Z,loitering,1
d3754e341-135c-ad2b-5e3b-cac8d9418035,123007345,06153-100-78%,32.82,124.5328,147.666891,147.666891,147.0,147.0,2023-12-26T22:44:09.000Z,2024-01-01T03:54:29.000Z,loitering,1
7f90f26f4-48ce-985a-42aa-5e0626511567,320601257,SU QI YU 1257,33.2544,123.6767,149.43143799999999,172.776641,147.0,171.0,2023-12-26T22:47:14.000Z,2024-01-01T00:58:33.000Z,loitering,1
303c39cbb-bea4-02c1-64fe-0289b8a1529f,106622249,66222-49-98%,27.431,122.3856,79.48630499999999,79.90992200000001,113.0,112.0,2023-12-26T22:48:09.000Z,2024-01-01T05:33:01.000Z,loitering,1
8857cf991-1438-e34e-459e-8bf1d6c1cec0,338431544,SD-1049 (UNCREWED),-31.7345,110.4413,525.554375,358.34146899999996,526.0,346.0,2023-12-26T22:50:29.000Z,2024-01-01T09:51:48.000Z,loitering,1
344ed3087-7d69-678a-79f6-48becf155d93,100000100,02188-3,32.9666,124.3543,140.181984,140.181984,139.0,139.0,2023-12-26T22:51:52.000Z,2024-01-01T03:59:11.000Z,loitering,1
90111871d-d616-6ff1-c892-ee7b99519d8e,606882069,,32.8254,124.5189,148.019203,146.991156,147.0,146.0,2023-12-26T22:52:01.000Z,2024-01-01T04:14:50.000Z,loitering,1
983c58460-0092-91d4-be5f-3920634c70ee,123007365,06153-94-86%,32.8375,124.5455,145.941969,145.25490599999998,145.0,145.0,2023-12-26T22:52:43.000Z,2024-01-01T03:53:08.000Z,loitering,1
585cc6296-614c-541f-6c18-1ac1aa346c0d,81270005,,32.9036,124.3615,146.464719,145.492922,146.0,145.0,2023-12-26T22:54:33.000Z,2024-01-01T03:43:52.000Z,loitering,1
dee8d78db-b83a-eed1-7609-4184db858bf9,96064698,MINYU06161-1-45%,32.9532,124.4759,136.35645300000002,136.35645300000002,136.0,136.0,2023-12-26T22:54:38.000Z,2024-01-02T00:02:05.000Z,loitering,1
e786a1f52-2541-80e3-27e2-0c05cdb96cbd,210038527,03852-7-78%,34.094,123.8711,116.14146099999999,116.182516,111.0,111.0,2023-12-26T22:55:36.000Z,2024-01-01T08:17:34.000Z,loitering,1
aed42bde8-811f-9988-3571-3cbcab74a56f,112926666,11292-6-63%,22.785,116.9683,28.242092,59.825300999999996,32.0,65.0,2023-12-26T22:56:21.000Z,2024-01-02T04:09:01.000Z,loitering,1
6bcc080ff-fee2-2dc9-9b0b-0c66566b31b8,10677990,,32.7856,124.4877,152.54007800000002,153.201141,152.0,153.0,2023-12-26T22:57:05.000Z,2024-01-01T12:09:50.000Z,loitering,1
ebb5f846a-ae9d-4ec6-d9f6-522c55d71281,30333703,ZHEDAIYU03337-03 91%,34.0943,123.8703,116.14146099999999,116.182516,111.0,111.0,2023-12-26T22:57:28.000Z,2024-01-01T07:57:54.000Z,loitering,1
84db9421f-feaa-57f9-8282-44af8d8aee4c,134010044,NET44-ZSY13401-87%,32.8885,124.4479,143.17571900000002,143.990578,142.0,143.0,2023-12-26T22:59:22.000Z,2024-01-05T19:32:53.000Z,loitering,1
e9c06ecac-cb92-4c4f-802c-c360ac781c1e,24660001,,34.0775,123.8711,116.111047,116.111047,111.0,111.0,2023-12-26T22:59:43.000Z,2024-01-01T08:17:30.000Z,loitering,1
bc6b06d5e-e002-0182-471e-b7bbea306070,26015665,,32.8322,124.4784,148.45970300000002,147.44292199999998,148.0,147.0,2023-12-26T23:00:14.000Z,2024-01-01T03:45:26.000Z,loitering,1
b4c82c786-677e-b54d-5407-88a281d4f377,111807023,,32.7539,124.5253,154.911891,154.21204699999998,154.0,154.0,2023-12-26T23:00:18.000Z,2024-01-01T03:22:20.000Z,loitering,1
7421e70b7-7430-3272-e2df-de2e4aad172e,700615315,MINFUDINGYU06153-15,32.8009,124.53,149.731375,149.731375,149.0,149.0,2023-12-26T23:02:30.000Z,2024-01-01T04:10:17.000Z,loitering,1
f6062606d-d8d0-28a3-491c-0f41e5dcc641,67150009,,32.8713,124.4248,146.398359,146.812172,146.0,146.0,2023-12-26T23:03:04.000Z,2024-01-01T03:20:29.000Z,loitering,1
ac52c9330-0c8f-289f-7f65-1fa53b372472,200216534,MINFUDINGYU08130-9,32.8718,124.4067,147.230641,146.66475,147.0,146.0,2023-12-26T23:03:18.000Z,2024-01-01T04:05:30.000Z,loitering,1
f78c79f78-8a73-88f7-4d95-210ff0291c83,606882082,,32.8078,124.5139,150.078938,149.403344,149.0,149.0,2023-12-26T23:08:57.000Z,2024-01-01T04:04:50.000Z,loitering,1
d8a07aab1-1668-0d4e-58ac-1ac80772b7c2,123262656,,32.8273,124.4588,149.223172,149.223172,149.0,149.0,2023-12-26T23:09:13.000Z,2024-01-01T04:13:15.000Z,loitering,1
995d2f5ae-e89b-7994-dbdf-77d4e884ab91,81300050,,32.8885,124.4084,145.24873399999998,145.24873399999998,145.0,145.0,2023-12-26T23:09:40.000Z,2024-01-01T03:11:59.000Z,loitering,1
aa81f1d84-48b2-b76e-47c2-40a33d214171,100102211,01013-1-99%,22.4976,116.6745,52.85875,52.378996,53.0,52.0,2023-12-26T23:10:16.000Z,2024-01-02T16:35:19.000Z,loitering,1
7f2386050-0fac-1080-6658-abfe9fc5df57,83018002,,32.8582,124.4357,146.99107800000002,146.99107800000002,146.0,146.0,2023-12-26T23:11:15.000Z,2024-01-01T02:57:57.000Z,loitering,1
37eb0ae84-43a4-8dc1-379a-8f5ac9eed348,233101568,MFJY09255-17-71%,32.9685,124.4878,133.948844,133.948844,133.0,133.0,2023-12-26T23:11:17.000Z,2024-01-01T03:48:56.000Z,loitering,1
fd6a33f14-486d-3e8b-9631-3e7dc4e841ce,10626188,,32.8149,124.4779,150.497281,149.47782800000002,150.0,149.0,2023-12-26T23:11:45.000Z,2024-01-01T03:50:08.000Z,loitering,1
41dd09b3d-d83d-dfdd-26e6-aed0043ca1b4,994271356,994271356         8V,-12.6651,117.498,424.418594,429.202281,360.0,381.0,2023-12-26T23:12:20.000Z,2024-01-09T20:48:37.000Z,loitering,1
50a94ea94-42dc-ee57-5c2e-95ad65329a26,411912018,ZHELINYU12018-1-_8.0,32.8099,124.4595,151.250641,151.250641,151.0,151.0,2023-12-26T23:12:32.000Z,2024-01-01T03:50:01.000Z,loitering,1
c448b8ee8-8daa-8968-eb4a-23029789f18c,610620002,,32.925,124.4128,142.289281,141.30651600000002,142.0,141.0,2023-12-26T23:12:35.000Z,2024-01-01T03:27:22.000Z,loitering,1
a98ac1378-814d-c52a-6190-545382c5a3e6,68890006,,32.8501,124.4721,146.812031,146.812031,146.0,146.0,2023-12-26T23:12:54.000Z,2024-01-01T12:22:05.000Z,loitering,1
90f2a8e86-6f38-8859-8e04-45e6e2b9f178,10663346,,32.8828,124.4081,146.238812,145.24873399999998,146.0,145.0,2023-12-26T23:13:11.000Z,2024-01-01T04:18:11.000Z,loitering,1
72475ecdc-c172-fee4-3289-469ddadaaeb8,601296093,,32.8304,124.4471,149.612078,149.612078,149.0,149.0,2023-12-26T23:13:16.000Z,2024-01-01T03:47:55.000Z,loitering,1
5bc4ae0d6-6bb0-ce4e-b7f5-7abac2a0e7ee,908063231,08658-65-71%,32.906,124.4776,141.372344,140.365891,141.0,140.0,2023-12-26T23:15:13.000Z,2024-01-01T04:31:27.000Z,loitering,1
df8a68e63-3329-25cf-5975-46dc4f75263c,321001196,ZHE DAI YU 02633-84,32.8344,124.3961,151.62682800000002,151.0505,151.0,150.0,2023-12-26T23:15:34.000Z,2024-01-01T03:42:21.000Z,loitering,1
c48e0c2f7-7307-0fd5-934c-b1989acad93b,900403395,ZHE DAI YU 03395,34.0572,123.8127,121.617367,121.623641,117.0,117.0,2023-12-26T23:16:37.000Z,2024-01-01T08:57:39.000Z,loitering,1
9049ef7a8-8fe2-7014-16dc-acc55474d5ec,200216530,MINFUDINGYU08130-13,32.8556,124.4125,148.22417199999998,148.22417199999998,148.0,148.0,2023-12-26T23:17:46.000Z,2024-01-01T03:20:45.000Z,loitering,1
0266c55db-b65a-1555-af4b-635a2ec723fc,401230237,ZHESHENGYU13401-37,32.8999,124.4359,141.998578,143.990578,141.0,143.0,2023-12-26T23:17:56.000Z,2024-01-05T20:03:31.000Z,loitering,1
3ca253a4c-cfe8-a2ef-8aa1-541fd4839ebf,134010042,NET42-ZSY13401-90%,32.8895,124.4468,143.990578,143.580734,143.0,143.0,2023-12-26T23:18:40.000Z,2024-01-05T19:36:28.000Z,loitering,1
996d7b841-1f01-8cd2-047f-c40c32b1142b,10677988,,32.8232,124.4786,149.47782800000002,148.45970300000002,149.0,148.0,2023-12-26T23:19:26.000Z,2024-01-01T03:41:21.000Z,loitering,1
404f18301-155b-12f7-2d7d-250ff9a63c2a,10671076,,32.8451,124.4017,150.631078,149.636953,150.0,149.0,2023-12-26T23:19:42.000Z,2024-01-01T12:24:35.000Z,loitering,1
c524f9de0-00be-7948-3da3-317e4fdc1def,10673586,,32.8519,124.4591,147.201375,147.201375,147.0,147.0,2023-12-26T23:19:44.000Z,2024-01-01T04:13:24.000Z,loitering,1
85514ca1b-b1b7-87c3-c20a-77ba8996f4b6,615680063,TIELONG61568-63  90%,24.8705,119.9568,54.645578,39.92514499999999,57.0,43.0,2023-12-26T23:20:26.000Z,2024-01-13T18:04:26.000Z,loitering,1
e6cfb7058-831c-992d-139b-5752fb5ea47a,180100002,NET18010---2---85%,32.9401,124.3763,142.127766,141.670281,141.0,141.0,2023-12-26T23:20:26.000Z,2024-01-01T17:25:54.000Z,loitering,1
c91cf2e20-060b-42fe-6609-338106bb973f,401230238,ZHESHENGYU13401-38,32.9145,124.4357,142.418938,141.005172,142.0,140.0,2023-12-26T23:21:04.000Z,2024-01-01T23:52:55.000Z,loitering,1
d478c5551-140b-be03-8be3-7d3e860e1bf3,700615323,MINFUDINGYU06153-23,32.8095,124.5282,148.698547,148.698547,148.0,148.0,2023-12-26T23:21:26.000Z,2024-01-01T03:48:01.000Z,loitering,1
a6e36c96a-a40d-c03f-20c8-7d8ab71a9256,96217798,ZHEDAIYU02177-9855%,32.882,124.4308,145.40095300000002,144.405234,145.0,144.0,2023-12-26T23:22:04.000Z,2024-01-01T04:07:14.000Z,loitering,1
a08b08a43-3b92-80fe-ec58-eb2b81329faf,614980050,TIELONG61498-50  90%,24.823,119.8729,45.082129,52.337316,49.0,41.0,2023-12-26T23:22:57.000Z,2024-01-10T05:19:19.000Z,loitering,1
8be00e49c-cbbd-c0a7-fdfd-ad43fb62df55,333307665,ZHESHENGYU07665,32.8977,124.4544,137.76568799999998,147.994422,137.0,147.0,2023-12-26T23:23:48.000Z,2024-01-01T17:58:56.000Z,loitering,1
7f697cfe2-2c78-5557-b9dc-c1ff9d998c5c,904317809,43178--9-89%,22.6204,117.1253,31.655826,89.863609,37.0,109.0,2023-12-26T23:25:18.000Z,2024-01-03T23:51:57.000Z,loitering,1
2c262073e-ed0a-40c0-370d-a4bb48960338,555555012,555555-12-61%,32.9297,124.4885,138.357812,137.56,138.0,137.0,2023-12-26T23:25:49.000Z,2024-01-03T23:26:10.000Z,loitering,1
e651360fd-de6e-ebfe-65a9-cc4fea29d25a,600678801,ZHEDAIYU06788-2079%,32.8679,124.4554,145.185469,145.584969,144.0,145.0,2023-12-26T23:25:52.000Z,2024-01-01T02:43:29.000Z,loitering,1
96d8c0ca9-92cd-6425-6595-96690b341a9a,231004527,ZHEDAIYU01286-23-91%,32.8414,124.4018,150.631078,150.216203,150.0,150.0,2023-12-26T23:26:36.000Z,2024-01-01T12:24:06.000Z,loitering,1
c953b64b8-8c74-796d-7377-171afed098be,601376059,ZHEDAIYU01395-29,32.8406,124.4779,147.44292199999998,147.44292199999998,147.0,147.0,2023-12-26T23:28:09.000Z,2024-01-01T03:15:09.000Z,loitering,1
a9edfb26d-d8a5-392d-0f38-76814a005f93,200045666,,32.8382,124.4437,148.999312,148.999312,148.0,148.0,2023-12-26T23:28:59.000Z,2024-01-01T03:44:18.000Z,loitering,1
4a314dcaa-af93-59fe-fc55-d8c51e4981de,700615320,MINFUDINGYU06153-20,32.8197,124.5282,147.666891,147.666891,147.0,147.0,2023-12-26T23:29:08.000Z,2024-01-01T04:19:50.000Z,loitering,1
62186d925-5952-d177-4586-1067b92a36c0,355218623,ZHEDAIYU06788-5-82%,32.7902,124.4546,153.28356200000002,153.662375,153.0,153.0,2023-12-26T23:29:44.000Z,2024-01-01T03:43:02.000Z,loitering,1
c53305798-8fce-9594-4988-4392a500f0b2,26339819,ZHE DAI YU 03398-19,32.7158,124.4746,155.613594,165.2375,155.0,165.0,2023-12-26T23:30:19.000Z,2024-01-01T11:51:45.000Z,loitering,1
75ae32c0f-f916-11cd-d496-4f635bc6245e,61750005,,32.8729,124.385,148.081469,147.530406,147.0,147.0,2023-12-26T23:31:25.000Z,2024-01-01T03:29:38.000Z,loitering,1
fc7680132-21db-2f94-a9bc-1f62f7f41ad8,26011354,ZHEDAIYU01135-04_8.1,32.7664,124.5517,153.211547,152.16992199999999,153.0,152.0,2023-12-26T23:31:31.000Z,2024-01-01T04:03:54.000Z,loitering,1
562fc8a8d-d6f7-2420-bc27-8260b73097ee,10626192,,32.7703,124.4828,154.587875,154.228016,154.0,154.0,2023-12-26T23:33:54.000Z,2024-01-01T12:19:21.000Z,loitering,1
795897346-6125-0e0d-d1df-d6a24114bb46,416186303,TIELONG61863-3-99%,22.4857,116.7412,54.478938,58.354395,55.0,59.0,2023-12-26T23:34:38.000Z,2024-01-02T02:54:35.000Z,loitering,1
12e0ea38f-f865-ebee-e4bb-c0e988d0dbb7,100001005,07714-21-70%,32.9212,124.4246,141.856469,141.42842199999998,141.0,141.0,2023-12-26T23:35:24.000Z,2024-01-01T12:59:05.000Z,loitering,1
2407d4e5b-bdd3-e69f-40db-371801f57dc5,100615327,MINFUDINGYU06153-27,32.8016,124.5325,149.731375,149.731375,149.0,149.0,2023-12-26T23:35:26.000Z,2024-01-01T04:12:30.000Z,loitering,1
5be3531c3-3bf2-5d81-538b-07ca980fb8e9,60806810,QIANSANDAOYANGZHI-10,35.0541,119.813,4.266236,4.266236,41.0,41.0,2023-12-26T23:36:01.000Z,2024-06-01T09:10:06.000Z,loitering,1
d6d029ca5-5874-28b2-16c0-786c9317d8d4,606882072,,32.7881,124.512,151.460656,151.460656,151.0,151.0,2023-12-26T23:36:45.000Z,2024-01-01T02:48:32.000Z,loitering,1
20338fe13-34ee-c451-749f-ba82db28688a,100061534,MINFUDINGYU06153-4,32.8296,124.5309,146.636391,146.636391,146.0,146.0,2023-12-26T23:37:57.000Z,2024-01-01T03:43:46.000Z,loitering,1
3355dbc6e-e865-7b06-9499-dd9b1fb708b9,226198802,TIEBIAO61988-2-93%,24.8135,119.8207,45.404312,52.560711000000005,49.0,34.0,2023-12-26T23:37:59.000Z,2024-01-01T19:32:09.000Z,loitering,1
716925f88-8a0f-3f9d-5e8a-18a44d5462c7,602192718,LIN21927--18-74%,29.4091,122.8663,61.031546999999996,22.155664,70.0,49.0,2023-12-26T23:39:44.000Z,2024-01-01T12:58:25.000Z,loitering,1
b3894a56d-d5b4-ef3a-73e6-9b994ee1a475,606001026,,32.7487,124.5505,154.254156,154.254156,154.0,154.0,2023-12-26T23:39:50.000Z,2024-01-01T03:47:01.000Z,loitering,1
dedb3f0fa-a52f-7f4c-e029-1bd6d7a53f2e,34711105,LONGQUANYANGZHI 90%,35.0543,119.8097,4.266236,4.266236,41.0,41.0,2023-12-26T23:39:56.000Z,2024-01-10T07:04:03.000Z,loitering,1
883605c75-5ad3-6e98-1df2-3ec524044c40,898523177,96333-14  78%,22.8971,117.2821,38.918223,40.030176,58.0,59.0,2023-12-26T23:44:24.000Z,2024-01-04T12:45:47.000Z,loitering,1
1be2246f0-01a5-ca05-0ca3-14b94d9a9c40,96600922,ZHEDAIYU06009-2251%,32.766,124.5376,153.540156,152.50075,153.0,152.0,2023-12-26T23:44:54.000Z,2024-01-01T03:46:25.000Z,loitering,1
f13c09e2d-d008-290d-4196-e99e792e1b81,398107321,208-3  100%,-6.1348,152.6605,139.203719,168.230547,121.0,99.0,2023-12-26T23:45:59.000Z,2024-01-01T07:25:10.000Z,loitering,1
9b308c47d-d207-b6cd-7c8d-d95c97466d8a,606091002,ZHEDAIYU06091B-2,32.744,124.5367,154.580578,155.951141,154.0,155.0,2023-12-26T23:46:02.000Z,2024-01-01T02:25:58.000Z,loitering,1
ad624dde3-382c-27f0-f970-a0afe4619303,898923903,96479-59  100%,22.9375,117.2964,38.918223,31.285389,58.0,51.0,2023-12-26T23:48:21.000Z,2024-01-03T08:44:16.000Z,loitering,1
0b857f414-42fd-7bc2-2ad6-a53e1c13c6ec,123031007,ZHEDAIYU04298-07-53%,32.7633,124.5255,152.83648399999998,154.21204699999998,152.0,154.0,2023-12-26T23:48:23.000Z,2024-01-01T03:08:31.000Z,loitering,1
dcfe8af3f-fe9c-c40a-840a-290b0c6dd80d,10670510,,32.8637,124.4073,148.22417199999998,147.230641,148.0,147.0,2023-12-26T23:48:54.000Z,2024-01-01T04:01:09.000Z,loitering,1
bd9cd7294-452e-69a3-84c7-b750461ce308,412158806,TIELONG15888-06-93%,22.3503,116.2944,61.040116999999995,62.588473,56.0,58.0,2023-12-26T23:51:39.000Z,2024-01-02T02:26:09.000Z,loitering,1
544b48993-3a8f-7d04-b782-54658b980f90,60609123,ZHEDAIYU06091-B3 90%,32.7578,124.5557,152.887859,152.887859,152.0,152.0,2023-12-26T23:52:53.000Z,2024-01-01T02:11:32.000Z,loitering,1
c03aa06bd-d813-e097-42c5-eba817e72843,898523168,96333-12  100%,22.9122,117.2886,40.043242,35.714449,58.0,55.0,2023-12-26T23:54:44.000Z,2024-01-02T04:47:16.000Z,loitering,1
d728bdefe-e5d3-9987-4e8a-77a1b1db99d4,636022829,YIDA 8,1.8917,104.6632,34.895832,34.895832,53.0,53.0,2023-12-26T23:56:44.000Z,2024-01-04T21:59:13.000Z,loitering,1
ee9f58777-7015-4b1b-e596-a24d8d472284,49480020,04948-0020       90%,22.6116,117.4079,48.440293,72.46570299999999,54.0,127.0,2023-12-26T23:58:50.000Z,2024-01-01T01:23:40.000Z,loitering,1
b287a488a-ac22-69f4-6496-292c81e79602,594971902,49719-02-58%,32.754,124.452,157.364906,157.090375,157.0,156.0,2023-12-26T23:58:57.000Z,2024-01-01T03:41:27.000Z,loitering,1
e1a772a2b-b3b0-79d7-12b8-f2cd75844f3c,636014328,STEVEN N,29.6632,123.0625,41.115637,42.069094,59.0,60.0,2023-12-26T23:59:21.000Z,2024-01-01T20:59:59.000Z,loitering,1
b08806a20-0a32-b337-8db2-6e615729acef,330900023,LULANYU60155-23-41%,32.7576,124.6227,152.10815599999998,149.994609,151.0,149.0,2023-12-27T00:09:04.000Z,2024-01-01T22:31:07.000Z,loitering,1
765c44b37-7201-ac75-dadc-dfc8fbb37208,60680008,,32.6732,124.5699,162.32282800000002,161.726656,162.0,161.0,2023-12-27T00:14:25.000Z,2024-01-01T22:30:15.000Z,loitering,1
9673207a7-773c-3881-dba6-779283ba50bb,966780003,YUESHANYU96678-3-88%,22.7721,117.2866,68.02185899999999,38.478422,79.0,59.0,2023-12-27T00:14:30.000Z,2024-01-01T21:55:02.000Z,loitering,1
77471befd-d54c-0737-833d-d9434640107f,477846700,NICHOLE,32.1988,123.3792,118.693695,120.01020299999999,147.0,149.0,2023-12-27T00:16:06.000Z,2024-01-04T00:54:46.000Z,loitering,1
fc448dee0-0cef-6cd3-3f58-fd4bdfd1d91a,398107323,208=4  69%,-6.0669,152.6206,132.955016,159.331438,112.0,89.0,2023-12-27T00:20:46.000Z,2024-01-01T11:18:47.000Z,loitering,1
4cfbfc73b-b61c-e16a-00fe-a94e1141292d,615680056,TIELONG61568-56  90%,24.8247,119.8608,40.307926,60.603086000000005,42.0,43.0,2023-12-27T00:22:59.000Z,2024-01-14T03:54:02.000Z,loitering,1
523dd3149-99b5-e77f-e022-84663eb1c5be,412185814,TIELONG61858-14-74%,26.1421,121.1638,68.90307000000001,69.842188,71.0,72.0,2023-12-27T00:24:59.000Z,2024-01-05T19:00:16.000Z,loitering,1
82bf2b27d-d1f4-1aea-f0b5-0294dd0e3aa8,123038587,11128-39-87%,27.1992,123.3728,182.790266,179.068703,141.0,145.0,2023-12-27T00:26:14.000Z,2024-01-01T03:58:02.000Z,loitering,1
a6b51ced7-7f82-af91-6254-ef2de3f526ee,42441302,10186-21         8V0,32.5838,124.6275,166.14298399999998,166.806109,163.0,164.0,2023-12-27T00:27:09.000Z,2024-01-01T05:23:54.000Z,loitering,1
f8eeb4341-1ece-68b3-7e63-5e59a8d23267,412186830,TIELONG61868-30-87%,22.5058,116.686,51.783387000000005,52.056858999999996,52.0,52.0,2023-12-27T00:29:31.000Z,2024-01-02T00:48:19.000Z,loitering,1
8fbbb3949-9e65-a903-41a8-624c291bd5a8,412186827,TIELONG61868-27-51%,26.14,121.1511,67.965609,67.965609,70.0,70.0,2023-12-27T00:30:33.000Z,2024-01-03T08:30:51.000Z,loitering,1
39da5619d-dc42-b20c-d904-c2a08e0d12e0,525301629,SAMUDERA SEJAHTERA,-6.7902,136.3684,163.433188,189.597125,155.0,187.0,2023-12-27T00:42:34.000Z,2024-01-06T00:43:22.000Z,loitering,1
9655d3098-8d7c-7cfc-aade-450336af5434,92070017,NET17-ZSY09207-89%,31.1587,122.8967,7.692576,7.692576,39.0,39.0,2023-12-27T00:47:34.000Z,2024-01-02T03:37:00.000Z,loitering,1
e8b8365b8-8fc9-d897-112f-c9d26f4daed7,100400207,51-888-3-60%,37.7754,122.7859,39.307539,39.307539,40.0,40.0,2023-12-27T00:47:47.000Z,2024-01-02T19:57:01.000Z,loitering,1
49678d840-0f40-5118-97ef-22df9159b9cf,618650064,61865--64-59%,22.4978,116.7589,53.334230000000005,57.768273,54.0,59.0,2023-12-27T00:49:11.000Z,2024-01-02T00:49:15.000Z,loitering,1
71ce7f194-401a-7ed4-3544-e696751f541e,369000000,LARRY T RIGDON,26.1129,-92.0545,2.285586,0.998476,344.0,344.0,2023-12-27T00:49:34.000Z,2024-01-01T07:55:27.000Z,loitering,1
5bcae3a2b-bffe-0947-8ffa-0a7720e4a60f,574335000,BINH AN,8.5535,108.7604,262.416531,264.733625,216.0,214.0,2023-12-27T00:51:01.000Z,2024-01-14T02:56:43.000Z,loitering,1
e7a3e2210-0b13-8d82-5a53-4764de9ea50e,412127777,Q27777,32.6432,124.5247,165.982109,167.137531,165.0,166.0,2023-12-27T00:54:09.000Z,2024-01-01T01:49:20.000Z,loitering,1
8eba39a2c-cae5-4112-aa5a-97c50e21ea5d,412111396,27777,32.6454,124.5278,164.616625,167.137531,164.0,166.0,2023-12-27T00:57:38.000Z,2024-01-01T01:49:59.000Z,loitering,1
09a0920c2-2468-13db-95c1-6970b8fcffb1,26158924,TIELONG61589-24-99%,26.8352,121.8089,86.791203,88.340578,97.0,99.0,2023-12-27T01:00:55.000Z,2024-01-03T09:33:36.000Z,loitering,1
da68b95ee-eeb4-fc9f-808f-0ffa1e79dc70,412353014,SUQIYU05138,32.5639,124.5197,170.165062,178.023141,169.0,175.0,2023-12-27T01:03:47.000Z,2024-01-01T20:52:31.000Z,loitering,1
a046dac0c-c91c-835c-23fb-60dfb45fa03e,994080337,994080337         4V,-5.6822,136.7416,77.722008,89.395758,76.0,95.0,2023-12-27T01:06:51.000Z,2024-01-05T06:17:19.000Z,loitering,1
a54d91a9d-d7eb-a462-2a77-f99d966e4d6b,519980175,LURONGYU51998-17599%,37.0562,123.2653,55.824926,56.117484,59.0,60.0,2023-12-27T01:09:41.000Z,2024-01-04T04:40:35.000Z,loitering,1
ee710ef8e-e49c-f264-2f54-2e4ff7fadaeb,930432304,04323-4%-51%,30.5662,124.3445,135.52518799999999,96.121891,157.0,115.0,2023-12-27T01:19:12.000Z,2024-01-01T01:25:31.000Z,loitering,1
430bd03e7-77b1-468a-2481-2b4b52305607,413899739,TIELONG68997-70%,22.4938,116.7584,54.735711,57.33876600000001,56.0,58.0,2023-12-27T01:21:08.000Z,2024-01-02T00:45:07.000Z,loitering,1
c3db7d8e9-91da-f93b-893a-c359e15f1c7e,220146331,TIELONG01463-31-74%,26.3518,121.2352,68.211297,68.063297,77.0,72.0,2023-12-27T01:37:59.000Z,2024-01-02T09:30:32.000Z,loitering,1
11706539b-bebe-4429-86db-b1eab47c278d,519980162,LURONGYU51998-16299%,37.0446,123.2719,57.912913999999994,55.824926,61.0,59.0,2023-12-27T01:44:28.000Z,2024-01-11T20:11:04.000Z,loitering,1
a54d93172-21bc-d692-70f2-9824d194b7fb,994161259,994161259         9V,-12.706,117.2245,420.067969,433.62731199999996,370.0,407.0,2023-12-27T01:47:27.000Z,2024-01-07T14:17:00.000Z,loitering,1
36f17dfad-d766-30c0-03ac-9dfd58d2d6e0,413158310,TIELONG61583-54%,22.5044,116.7868,54.767648,57.33876600000001,56.0,58.0,2023-12-27T01:54:08.000Z,2024-01-02T00:46:51.000Z,loitering,1
4df5594a1-1383-8ca5-fdc7-4638ec184a43,412446053,MINFUDINGYU02326,27.7215,121.7431,25.808531,13.369386,47.0,46.0,2023-12-27T01:54:30.000Z,2024-01-01T01:47:24.000Z,loitering,1
346882e06-6e14-2f70-cd21-1c89c43131da,810729002,18009-2       [7.1V],31.7157,126.9162,151.08845300000002,193.566625,145.0,135.0,2023-12-27T01:55:08.000Z,2024-01-01T04:58:29.000Z,loitering,1
74429b2e4-4a68-24ef-2c8f-7865965f305a,632262030,C32262-30--90%,27.2803,123.2615,163.438734,174.05418799999998,168.0,136.0,2023-12-27T01:56:01.000Z,2024-01-01T03:51:48.000Z,loitering,1
702238b60-0e38-8024-c1df-8cddfe7359a7,259795000,SIDDIS MARINER,26.4079,-90.7293,6.842353,5.905676000000001,291.0,293.0,2023-12-27T01:56:29.000Z,2024-01-03T17:57:44.000Z,loitering,1
d95f80f8a-a3be-450a-3a43-dcabc9f09a90,412175753,TIELONG61757-53-87%,25.9769,121.1399,75.7555,75.138711,78.0,78.0,2023-12-27T01:57:07.000Z,2024-01-06T19:52:37.000Z,loitering,1
5a0aa0812-2bab-62af-5f9a-fd9084a03e32,632262026,C32262-26-91%,27.3155,123.2628,163.87864100000002,172.75770300000002,165.0,137.0,2023-12-27T01:58:44.000Z,2024-01-01T03:47:25.000Z,loitering,1
195ceed09-9128-a6c0-1389-bb30d16f3e8d,352002514,PS FALCON,21.0197,87.9296,3.826641,3.826641,58.0,58.0,2023-12-27T01:59:04.000Z,2024-01-01T23:58:10.000Z,loitering,1
b380942e8-841c-7e49-0d4c-801bdc7e1d77,414128000,DONG HAI JIU 101,31.1507,122.4089,4.837739,4.837739,40.0,40.0,2023-12-27T01:59:19.000Z,2024-01-01T00:58:32.000Z,loitering,1
bd843d141-1966-1f9b-5aa8-39a5b39883c9,550710039,LIAOWAYU55071-39-99%,36.9606,123.267,61.807852,61.085016,63.0,62.0,2023-12-27T01:59:57.000Z,2024-01-04T04:10:50.000Z,loitering,1
6e4b973cb-bec3-54f5-111f-ec65dc74795e,31150103,ZHEDAIYU11599-3  96%,32.2747,124.5978,190.423406,168.99401600000002,203.0,167.0,2023-12-27T02:15:57.000Z,2024-01-03T04:49:58.000Z,loitering,1
7e1f183e1-1c8f-dd8a-8f3a-d64770675d63,752260047,75226-47-99%,37.5223,123.5774,78.595039,79.457961,78.0,79.0,2023-12-27T02:20:30.000Z,2024-01-07T22:55:07.000Z,loitering,1
ad87a9c9d-da15-8b64-94dd-1b00b2b7f10b,664304737,"M!2,5 1 - 4  100%",-8.8934,52.6457,542.655438,497.916469,202.0,150.0,2023-12-27T02:21:14.000Z,2024-01-02T14:41:13.000Z,loitering,1
fd98f124b-b42f-9c0a-ce13-9f25db663cdd,100068805,688-5-71%,22.7005,117.2282,50.21457,74.949805,55.0,92.0,2023-12-27T02:24:18.000Z,2024-01-02T22:52:30.000Z,loitering,1
9e1a9db87-71f0-b2f1-db04-c76ecb7f484c,100068806,688-6-55%,22.6972,117.2301,51.081934000000004,74.949805,56.0,92.0,2023-12-27T02:26:08.000Z,2024-01-02T22:46:00.000Z,loitering,1
a9f19c2f8-82fa-ac67-70b3-59b859c09f0d,403308859,33088+59_62%,31.2062,122.7507,1.111949,0.0,39.0,38.0,2023-12-27T02:30:31.000Z,2024-01-01T02:19:41.000Z,loitering,1
0c5dd1769-9c01-5e90-a603-822462c63dfa,519980187,LURONGYU51998-18799%,37.2253,123.2359,48.115203,47.383019999999995,52.0,52.0,2023-12-27T02:38:56.000Z,2024-01-04T05:06:18.000Z,loitering,1
efd75a2cf-fd2b-1e7d-7b76-7fdf672055e6,752260033,75226-33-99%,37.5763,123.5714,79.935008,80.24655499999999,79.0,80.0,2023-12-27T02:44:38.000Z,2024-01-01T02:57:40.000Z,loitering,1
44e35b805-5bd1-a7f5-afcc-63e79acd4df6,268000017,YUFA268--17-99%,25.8367,120.9752,73.178359,62.593938,74.0,72.0,2023-12-27T02:46:13.000Z,2024-01-01T01:54:24.000Z,loitering,1
176b3319c-cdc1-71c7-94df-285eb382fb9b,710009070,C  NITEROI,-25.6104,-42.8298,2.4393939999999996,0.0,286.0,283.0,2023-12-27T02:47:42.000Z,2024-01-01T00:31:11.000Z,loitering,1
679a5e840-0d6a-5e51-b1b7-3e4e1a528972,631125021,BUOY-21-99%,-8.7577,-6.7332,809.097938,799.090812,803.0,793.0,2023-12-27T02:49:04.000Z,2024-01-09T05:52:32.000Z,loitering,1
f07a4c65c-c6a0-a668-b1df-2f9f4daafec7,398107180,205-8  100%,-13.0458,150.5775,271.727312,341.522469,191.0,263.0,2023-12-27T02:51:09.000Z,2024-01-03T15:12:41.000Z,loitering,1
2ded37bf4-4d69-76cc-a6c9-92d10ca2b202,125819,SUQIYU0125895%,33.9401,123.1036,192.318812,182.786375,188.0,178.0,2023-12-27T02:53:37.000Z,2024-01-01T00:23:15.000Z,loitering,1
26fcecfc9-90a7-1e35-5700-421572047226,370543000,ARGO I,44.7532,36.61,11.070949,9.034475,40.0,37.0,2023-12-27T02:56:15.000Z,2024-01-05T07:27:54.000Z,loitering,1
c646acb2e-e018-a4f1-499c-17e169d14664,403702410,ARB 2,26.9088,50.4884,0.0,0.0,44.0,44.0,2023-12-27T02:59:29.000Z,2024-01-14T00:59:54.000Z,loitering,1
b13050d03-32e9-b395-4f2d-351a723545a9,10671349,,33.4739,123.8319,136.387562,136.387562,134.0,134.0,2023-12-27T03:11:12.000Z,2024-01-01T02:24:53.000Z,loitering,1
69b7e0ced-d423-15ef-089b-06605aaac6ec,103265501,32655-1-78%,27.365,123.5689,194.210609,198.20310899999998,167.0,152.0,2023-12-27T03:12:24.000Z,2024-01-02T03:23:07.000Z,loitering,1
41dfb6813-3ade-38f2-7f61-38bf05c5c7de,150200006,LIAODAHUA15020-0699%,37.5119,123.2705,52.676688,52.676688,52.0,52.0,2023-12-27T03:22:26.000Z,2024-01-09T06:17:12.000Z,loitering,1
1c3eada33-323e-ce20-2bde-f2811d2bd973,60980007,,32.6301,124.6189,163.784875,165.69175,161.0,162.0,2023-12-27T03:24:06.000Z,2024-01-01T01:54:32.000Z,loitering,1
c33daf9ca-a852-3743-8eba-6182e9e30fdc,343721262,LEG21262-34_8.1V,25.675,121.0626,63.672102,54.249117,67.0,53.0,2023-12-27T03:28:01.000Z,2024-01-04T08:47:15.000Z,loitering,1
10a7a8ffc-c447-d8c6-d632-13561ffee83d,103568000,LULANYUYANG69578-1,35.1042,119.8094,1.819482,1.819482,38.0,38.0,2023-12-27T03:28:19.000Z,2024-01-03T08:51:32.000Z,loitering,1
d9dbedc72-2a76-026a-8d95-77c993e6c3c4,59049159,BUOY-220121-016- 72%,-20.0309,77.8781,1517.4495,1506.1925,1512.0,1500.0,2023-12-27T03:29:10.000Z,2024-01-01T04:38:49.000Z,loitering,1
3e2e58eb2-26e2-9318-269d-74494bf85874,274201,LONGLINE BUOY 01-49%,-10.1498,62.4592,997.561688,952.876312,641.0,625.0,2023-12-27T03:31:04.000Z,2024-01-03T18:23:25.000Z,loitering,1
71f765e00-0227-29dc-ea58-dbcbabe7251d,412352751,SURUYU02328,33.634,122.9552,170.635156,172.060531,201.0,201.0,2023-12-27T03:37:34.000Z,2024-01-02T01:31:19.000Z,loitering,1
0922b84c4-47d8-c028-a71b-91d762f17d48,412449703,MINFUDINGYU02255,27.9523,121.9354,26.681924,43.702297,32.0,52.0,2023-12-27T03:38:41.000Z,2024-01-01T22:58:59.000Z,loitering,1
14b74556b-b6bb-9e4e-1f2f-0a079bc69a08,519980158,LURONGYU51998-15887%,36.9962,123.3052,61.843222999999995,62.785941,65.0,65.0,2023-12-27T03:45:02.000Z,2024-01-04T04:01:23.000Z,loitering,1
077f45bfc-c730-3585-987e-e13c7d1f9c1a,921979004,ZLY21979-476%,31.2929,122.6698,1.111949,4.402622,42.0,51.0,2023-12-27T03:46:40.000Z,2024-01-08T22:17:15.000Z,loitering,1
368e03af4-4ef4-3ded-7c45-049be71964d5,467777749,66798-49-74%,27.3887,123.5096,186.487141,190.553938,177.0,147.0,2023-12-27T03:49:24.000Z,2024-01-01T04:31:12.000Z,loitering,1
f3930853a-adcc-a762-8391-c49563f64f6c,300001295,ZSY01295-389%,32.5842,124.6281,166.14298399999998,166.806109,163.0,164.0,2023-12-27T03:51:44.000Z,2024-01-01T06:13:34.000Z,loitering,1
9cc96d0e9-90cb-7a1e-ab91-1cdf713424cb,921979002,ZLY21979-2-50%,31.2514,122.6865,1.111949,1.111949,42.0,42.0,2023-12-27T03:54:01.000Z,2024-01-02T23:43:16.000Z,loitering,1
e15dd829d-d06c-d8e3-7361-733f65270ba7,60903008,,35.0684,119.7787,0.910076,0.910076,38.0,38.0,2023-12-27T03:55:26.000Z,2024-02-17T04:18:29.000Z,loitering,1
bdef2f28b-babe-dbae-6069-e581cbf73eba,131118007,11180-7-89%,27.4111,123.3978,173.836203,181.389047,174.0,151.0,2023-12-27T03:56:53.000Z,2024-01-01T03:43:59.000Z,loitering,1
cd52b9132-205e-c56f-3493-4b66b7f7d9e3,131118006,11180-6-99%,27.4535,123.4001,173.836203,179.560656,174.0,161.0,2023-12-27T03:57:28.000Z,2024-01-02T02:35:31.000Z,loitering,1
ef3201f69-9f8a-98a9-1c79-2ddfc0940b54,101118005,11180-5-91%,27.4516,123.3965,175.03843799999999,179.390812,175.0,162.0,2023-12-27T03:57:30.000Z,2024-01-02T02:57:50.000Z,loitering,1
0953a575d-da73-fcd6-ec64-edc7a8c46ab3,101118004,11180-4-99%,27.4198,123.4049,174.82395300000002,182.250969,175.0,156.0,2023-12-27T03:57:45.000Z,2024-01-01T23:40:55.000Z,loitering,1
603139288-8b70-e97d-7e2e-93b8389cf5d3,506008630,AYE MIN AUNG 5,15.2477,95.7325,164.620516,165.30278099999998,62.0,63.0,2023-12-27T03:59:21.000Z,2024-01-03T01:58:47.000Z,loitering,1
0f2c77e5c-c4f8-2626-ca96-d86e94e23c39,91804712,DIVIYANJALEE-3 NET 2,3.1052,78.13,427.386188,372.18365600000004,425.0,369.0,2023-12-27T03:59:54.000Z,2024-01-03T00:10:16.000Z,loitering,1
b9f271015-5f09-6cfc-fabe-81cf5a27af66,12770205,ZHEDAIYU01277-205,31.6372,125.8296,174.476594,185.673172,170.0,182.0,2023-12-27T04:10:44.000Z,2024-01-01T12:21:11.000Z,loitering,1
e91173b47-7498-46b8-d185-b4adedfb44c7,70686032,MINOLI-11-(6)-97%,-6.5041,80.5212,985.209938,814.89275,978.0,807.0,2023-12-27T04:15:25.000Z,2024-01-04T12:01:41.000Z,loitering,1
7193d4db6-635f-bbb8-935f-a18c1e9bf8aa,900404298,ZHEDAIYU04298,32.7293,124.5732,154.354281,156.76206200000001,154.0,156.0,2023-12-27T04:16:43.000Z,2024-01-01T01:55:03.000Z,loitering,1
91d7cb167-7d57-de0d-e1d8-79a305f3f74e,412450184,MINFUDINGYU02299,27.9285,121.9505,29.601135,46.356969,34.0,56.0,2023-12-27T04:20:20.000Z,2024-01-01T22:37:46.000Z,loitering,1
80059e3f7-7c7e-4574-5117-7c8b13565827,100737031,MARANI DUWA 1 NET 9,-4.5396,60.2404,523.929562,454.890625,511.0,442.0,2023-12-27T04:20:53.000Z,2024-01-01T23:50:40.000Z,loitering,1
ad06b8c02-25d0-194b-553d-cabbe203f888,592503204,YU25032-04-76%,28.2165,122.8778,59.842883,121.7065,61.0,122.0,2023-12-27T04:27:42.000Z,2024-01-03T00:18:50.000Z,loitering,1
6dba85192-2428-966b-aa3b-75bd79b81119,994230167,994230167         9V,8.7845,-28.8338,840.4809379999999,814.387062,816.0,789.0,2023-12-27T04:28:21.000Z,2024-01-02T14:20:50.000Z,loitering,1
d3e66e12c-c3e7-021f-dbe2-3d31065a865d,631125020,BUOY-20-99%,-8.8675,-6.8743,808.013812,779.439875,802.0,774.0,2023-12-27T04:30:39.000Z,2024-01-04T04:38:13.000Z,loitering,1
02cc006db-b092-be26-981e-9a5fe404e51f,921979006,,31.332,122.6858,7.678216,7.678216,51.0,51.0,2023-12-27T04:31:50.000Z,2024-01-10T22:43:25.000Z,loitering,1
1d3547be4-4a8b-ca7f-5e71-7630fe3fa747,201118010,11180-10-99%,27.4521,123.4028,171.766984,180.51025,172.0,155.0,2023-12-27T04:34:37.000Z,2024-01-01T03:56:41.000Z,loitering,1
2f09b6ac4-4c2a-8262-28e1-fc6ac727f0ef,994172045,IMULA 0792CHW NET 6,-6.4532,78.7668,733.9520620000001,682.59025,726.0,675.0,2023-12-27T04:35:02.000Z,2024-01-01T16:16:17.000Z,loitering,1
65778f426-6944-7431-6c05-e163349a7550,211580008,ZHEYUYU21158-8_99%,27.0591,123.1682,166.428266,166.217781,136.0,133.0,2023-12-27T04:43:24.000Z,2024-01-01T03:18:08.000Z,loitering,1
5a5cd2781-113b-fc76-6b8b-d84c4273e1e7,211580011,ZHEYUYU21158-11_84%,27.0191,123.1697,167.63596900000002,168.411125,133.0,128.0,2023-12-27T04:44:00.000Z,2024-01-01T04:48:34.000Z,loitering,1
492c1b1e8-8f5a-3ee3-a65e-24280d89e258,398706309,205-9  80%,-13.1399,150.5686,281.090531,352.512594,202.0,253.0,2023-12-27T04:45:13.000Z,2024-01-03T16:45:40.000Z,loitering,1
fe57b7402-2420-34c4-b7d3-254b668fb22c,564082000,PIONEER 3705,9.9669,101.3976,165.93871900000002,169.834203,145.0,150.0,2023-12-27T04:46:23.000Z,2024-01-17T04:46:33.000Z,loitering,1
ace7ffe93-3bb3-da67-a506-29cd69e6331d,398706305,,-12.7442,150.5232,260.205266,289.582938,177.0,238.0,2023-12-27T04:46:46.000Z,2024-01-09T11:36:02.000Z,loitering,1
48e97b114-42b6-7287-e8ca-8165c923fc05,412429922,ZHESHENGYU05839,31.9167,125.9635,142.540547,150.538688,139.0,147.0,2023-12-27T04:48:25.000Z,2024-01-01T01:24:10.000Z,loitering,1
9d8a85874-49fb-3c44-de01-a802fcd694e2,505,CHANG RONG 5-05-85%,9.1388,-34.6885,1267.599,1290.579875,1239.0,1262.0,2023-12-27T04:49:34.000Z,2024-01-02T13:12:55.000Z,loitering,1
d6317785a-a94d-b008-b8e1-ae0dbdd2f171,202101008,,30.0082,124.8199,167.842266,186.947641,180.0,202.0,2023-12-27T04:50:21.000Z,2024-01-02T12:57:28.000Z,loitering,1
82b8c8605-5b19-be57-10c7-f44bfb35f3d5,201118009,11180-9-99%,27.4347,123.4037,172.91228099999998,180.936531,173.0,153.0,2023-12-27T04:51:31.000Z,2024-01-01T03:49:40.000Z,loitering,1
969453271-1120-afd9-b747-37b3cffc9eb6,657459000,OSAYAME,3.4788,5.5632,0.0,1.111949,103.0,104.0,2023-12-27T04:51:37.000Z,2024-01-06T08:57:32.000Z,loitering,1
1b8bd420f-f514-7cae-70eb-8231e24e4a77,63550802,,30.0241,124.7745,166.951219,178.7275,178.0,193.0,2023-12-27T04:51:40.000Z,2024-01-02T13:57:30.000Z,loitering,1
a6c77c4cc-c38e-ab04-9e66-efc0a8a7a53b,10626377,,32.9259,124.4004,141.747031,141.747031,141.0,141.0,2023-12-27T04:52:06.000Z,2024-01-01T03:32:07.000Z,loitering,1
3cdcf8158-8bb8-9bd9-9e5d-f6d29a8f9c0b,563435000,ASEAN RESTORER,15.2808,95.6392,162.645625,167.580234,53.0,56.0,2023-12-27T04:52:18.000Z,2024-01-03T01:52:21.000Z,loitering,1
654c91a2d-d933-2e31-0b8c-726fa9476704,48090012,,29.9816,124.7738,165.668844,181.785781,177.0,195.0,2023-12-27T04:52:47.000Z,2024-01-01T05:15:36.000Z,loitering,1
9b9a42a43-37ef-d91b-3f37-3b3dbbbd510b,994030134,994030134         9V,8.8255,-28.643,832.582,791.705188,808.0,767.0,2023-12-27T04:52:52.000Z,2024-01-01T09:57:18.000Z,loitering,1
1b42800fc-c55a-3970-713e-f9a8ab11157f,63550073,,30.0859,124.801,167.236578,179.029281,178.0,197.0,2023-12-27T04:53:08.000Z,2024-01-05T11:48:54.000Z,loitering,1
c8785020a-a1f7-b1dd-cec7-6ee6e1e04a67,800765876,01229-94--75%,33.0646,124.3759,130.184602,130.184602,129.0,129.0,2023-12-27T04:53:13.000Z,2024-01-01T04:48:20.000Z,loitering,1
066b2df07-716e-71fd-4faf-3e9aac3b5138,212175513,ZHELINYU21755-13,31.119,125.6106,236.831875,217.99820300000002,233.0,241.0,2023-12-27T04:53:14.000Z,2024-01-05T06:58:55.000Z,loitering,1
adc00b689-91c1-63a4-bb40-5ffceb8d886b,921979018,ZLY21979-1899%,31.2514,122.6859,1.111949,1.111949,42.0,42.0,2023-12-27T04:53:28.000Z,2024-01-07T11:31:27.000Z,loitering,1
ffd9f1117-744f-4ea6-e654-97eda970edf7,321000583,ZHESHENGYU07178-11,32.8413,124.8874,110.648055,124.45518799999999,110.0,123.0,2023-12-27T04:54:08.000Z,2024-01-03T01:44:51.000Z,loitering,1
a817aef39-9d32-c7be-90cc-4b80e316c843,994167710,994167710         9V,8.8252,-28.6081,830.184875,790.50375,805.0,766.0,2023-12-27T04:55:40.000Z,2024-01-01T09:48:05.000Z,loitering,1
236888b06-6300-9924-82ac-1fcb8c5deabd,352002621,LUCKY BLESSING,35.1595,17.0891,106.330508,318.267562,134.0,338.0,2023-12-27T04:56:18.000Z,2024-01-04T03:31:55.000Z,loitering,1
a8d37abee-e649-ed84-cb32-4f3e7cec1264,241778000,SEA AMETHYST,25.6722,56.9393,28.061715,28.061715,39.0,39.0,2023-12-27T04:57:23.000Z,2024-01-06T00:51:33.000Z,loitering,1
551c338a9-90c8-dd30-e108-3ade8e33318c,662185536,LIN21855--36-65%,31.2755,122.7222,5.283068,3.060825,48.0,43.0,2023-12-27T04:58:55.000Z,2024-01-05T00:58:56.000Z,loitering,1
71deefe52-2ac0-bfe7-9cca-1a9a46793afd,77000005,JIN FENG2-05-99%,10.0093,-34.7911,1204.490625,1279.92475,1176.0,1252.0,2023-12-27T04:59:29.000Z,2024-01-04T10:48:41.000Z,loitering,1
ad865c815-5915-b882-225a-4f2d834ae6b5,659080905,,31.0597,125.7636,236.831875,244.257359,233.0,246.0,2023-12-27T05:00:08.000Z,2024-01-04T00:50:56.000Z,loitering,1
5ed8d4534-4e4b-8b0e-cdf1-dbeb117045a0,88115974,ZHEDAIYU11597---04,31.1286,125.7398,236.831875,236.997969,233.0,233.0,2023-12-27T05:00:47.000Z,2024-01-02T10:01:54.000Z,loitering,1
cc810343e-ee5e-c431-a60b-5656ca769f56,994271368,994271368         9V,-7.616,137.3697,59.423508,79.405742,57.0,70.0,2023-12-27T05:01:09.000Z,2024-01-03T19:34:47.000Z,loitering,1
ec879639c-c882-2306-877c-1811f76a7a6b,815510304,LIAOWAYU55103-04 90%,37.5802,123.0666,40.14175,40.14175,38.0,38.0,2023-12-27T05:02:12.000Z,2024-01-05T12:13:05.000Z,loitering,1
ecf94c01b-be8a-6bba-1348-e670616006ab,412238119,SURUYU02381-19-95%,33.6621,122.9287,171.420906,171.420906,203.0,203.0,2023-12-27T05:03:11.000Z,2024-01-01T11:29:04.000Z,loitering,1
532cd591b-be22-1833-1c4f-0b21bc377c13,48090009,,30.0135,124.8201,167.521156,186.644203,179.0,202.0,2023-12-27T05:07:20.000Z,2024-01-02T12:58:03.000Z,loitering,1
495b18088-8a5d-fe3c-a633-66a488dbcbf6,412352202,SUQIYU02359,33.2727,123.4865,173.160266,175.943156,171.0,174.0,2023-12-27T05:07:55.000Z,2024-01-01T02:51:00.000Z,loitering,1
c4090388b-b84d-ea6d-5c9a-9cce9f1dbc8f,221031955,SUQIYU03195-B5_7.7V,32.8931,124.2733,151.658016,151.658016,151.0,151.0,2023-12-27T05:08:29.000Z,2024-01-01T17:38:04.000Z,loitering,1
9877deb28-8e27-d59f-f825-01b401b4df4c,34560009,,32.9535,124.3743,140.196781,141.670281,139.0,141.0,2023-12-27T05:08:54.000Z,2024-01-01T03:48:49.000Z,loitering,1
402a1e110-0cf1-fc64-19b5-bfb458ae135d,412426627,ZHEDAIYU03580,31.4687,125.6981,193.464047,209.474922,189.0,206.0,2023-12-27T05:09:14.000Z,2024-01-01T10:41:57.000Z,loitering,1
815dbdbc5-50c6-daf2-1b79-43b633f06364,123036688,5068-08-85%,24.8547,119.9611,52.13841,45.674684,52.0,49.0,2023-12-27T05:15:05.000Z,2024-01-02T22:55:45.000Z,loitering,1
b2a29b126-66c9-dbd6-def1-c90dcf8fc99e,92070014,NET14-ZSY09207-70%,31.1903,122.8959,7.928851,7.020787,42.0,41.0,2023-12-27T05:17:52.000Z,2024-01-02T04:36:11.000Z,loitering,1
24ab879f3-3ec4-e47d-8701-8d13879b16d4,48090006,,29.9694,124.7715,168.504672,179.42075,181.0,194.0,2023-12-27T05:19:11.000Z,2024-01-02T18:18:28.000Z,loitering,1
7aca42f91-1983-87ea-b13f-992f00c352fe,412233506,SURUYU02336-06-99%,33.6171,122.9529,169.91831200000001,169.91831200000001,200.0,200.0,2023-12-27T05:19:52.000Z,2024-01-02T07:28:52.000Z,loitering,1
d033f579a-aed5-cd90-e0a3-c14a18c496f7,994030250,994030250         9V,-3.9477,60.7601,549.106688,549.2499379999999,538.0,541.0,2023-12-27T05:20:23.000Z,2024-01-01T13:32:35.000Z,loitering,1
5fd951b0b-b0ee-8347-1a83-f52ae77d8b3c,994030874,VN-14             9V,-3.8578,60.765,549.51325,551.92975,539.0,544.0,2023-12-27T05:21:21.000Z,2024-01-01T10:52:05.000Z,loitering,1
2af87b61a-a959-500d-be57-1461d0051d7f,412232808,SURUYU02328-08-58%,33.6254,122.9498,171.342516,169.210047,201.0,200.0,2023-12-27T05:24:21.000Z,2024-01-02T17:45:42.000Z,loitering,1
869f0c952-2a56-6358-00ff-5a244370ba1c,964173356,IMULA 0671CHW NET 11,-4.1183,64.7332,898.56875,937.50025,746.0,785.0,2023-12-27T05:25:02.000Z,2024-01-02T12:39:13.000Z,loitering,1
095d76ba3-3f93-326d-0cc3-262fcbb437a4,10668131,,33.0119,124.2357,141.68746900000002,142.95975,141.0,142.0,2023-12-27T05:26:14.000Z,2024-01-01T01:24:03.000Z,loitering,1
fbf39a541-18c9-c736-3a23-7af9706d91b5,994030790,994030790         9V,-4.0687,60.9046,570.0235620000001,556.791938,559.0,547.0,2023-12-27T05:26:24.000Z,2024-01-01T18:02:45.000Z,loitering,1
b2ba96efa-a0cc-3570-eb38-1aad816c2005,108050086,IMULA 1612 MTR NET 9,-7.352,78.8856,739.225125,689.71075,731.0,682.0,2023-12-27T05:26:43.000Z,2024-01-02T04:20:16.000Z,loitering,1
1251640af-f5e6-32f7-bc61-076dbf282a1c,994170317,IMULA 0645NBO NET 2,-3.8583,76.1113,561.06075,558.832125,457.0,456.0,2023-12-27T05:27:06.000Z,2024-01-07T17:51:29.000Z,loitering,1
788ec7037-7ea7-3443-a258-71a6434746aa,256600614,YUEYU66006-14--88%,24.7337,119.7724,48.864219,61.563074,39.0,45.0,2023-12-27T05:31:38.000Z,2024-01-03T00:07:12.000Z,loitering,1
1fa861873-3b57-0fd7-d9e5-a7a5ae08e160,600440011,,33.0497,124.2349,137.547875,139.89025,137.0,139.0,2023-12-27T05:32:58.000Z,2024-01-01T01:19:43.000Z,loitering,1
7c816ba91-1bd7-93f4-516b-629336829660,926780126,ZHEQINGYU12867-26,33.0782,124.2858,133.55043799999999,133.006188,133.0,132.0,2023-12-27T05:33:25.000Z,2024-01-08T17:47:43.000Z,loitering,1
14170f39d-dc0c-badc-3a6f-357063ac8104,664304738,"M!2,5 1 - 6  100%",-8.9085,52.3994,516.71325,495.399812,182.0,129.0,2023-12-27T05:34:12.000Z,2024-01-02T08:28:59.000Z,loitering,1
2b1525fc8-8e8e-6445-6d82-6d82648db07d,994144103,994144103         9V,-5.169,60.7698,564.457,546.5785,549.0,520.0,2023-12-27T05:34:27.000Z,2024-01-01T19:04:01.000Z,loitering,1
a12a488bc-c54c-d339-6e69-e3a7d45c6137,226148810,TIELONG61488-10-93%,24.4831,119.6722,48.864219,56.854961,39.0,46.0,2023-12-27T05:34:43.000Z,2024-01-04T07:49:05.000Z,loitering,1
1d731f144-453e-5cb9-8e49-1995c24db368,994008831,HCF-BUOY-01       9V,-6.3528,-2.6511,749.8695620000001,783.891625,1018.0,1097.0,2023-12-27T05:36:59.000Z,2024-01-12T09:19:33.000Z,loitering,1
92cc66132-2225-0d48-dbc3-6dadcc753c9c,577550019,,33.0132,124.2167,144.0375,141.338375,143.0,141.0,2023-12-27T05:39:33.000Z,2024-01-06T21:32:27.000Z,loitering,1
b4b7ac68f-f6d5-17cc-5208-77d654259b41,42764109,LURONGYU57755-10 7V5,32.9895,124.2151,144.0375,146.389703,143.0,146.0,2023-12-27T05:39:38.000Z,2024-01-01T01:55:47.000Z,loitering,1
f2a245a02-2abf-864e-2c4f-c6d3ab8e5df7,412232820,SURUYU02328-20,33.6163,122.9525,169.91831200000001,169.91831200000001,200.0,200.0,2023-12-27T05:41:43.000Z,2024-01-02T06:38:59.000Z,loitering,1
0c15b95d8-8fd3-9f4c-e552-32e85d95ec09,964170196,IMULA 1713 MTR NET 5,-3.5566,66.6466,728.2840620000001,790.837375,568.0,619.0,2023-12-27T05:42:22.000Z,2024-01-04T05:22:41.000Z,loitering,1
dda6b22d0-06bb-5b91-7434-5ebd728cf3d3,994030550,994030550         9V,-5.0048,61.7602,656.721625,668.275125,625.0,655.0,2023-12-27T05:44:26.000Z,2024-01-03T13:46:28.000Z,loitering,1
cf2172e36-639c-6dbe-0b26-7bff86111912,77000006,JIN FENG2-06-99%,9.8711,-34.5745,1192.988625,1263.3165,1164.0,1235.0,2023-12-27T05:45:56.000Z,2024-01-01T11:50:01.000Z,loitering,1
27ee6e865-5704-f7d7-a5b8-068e9733c9e4,274203,LONGLINE BUOY 03-51%,-10.0435,62.4131,987.8265620000001,939.8396879999999,639.0,619.0,2023-12-27T05:47:07.000Z,2024-01-03T19:03:24.000Z,loitering,1
ad22dad81-1349-ea9c-4fb7-fed4443c6fcb,994030073,994030073         9V,-4.0681,60.8055,558.914688,546.957562,547.0,538.0,2023-12-27T05:47:52.000Z,2024-01-01T13:46:25.000Z,loitering,1
79b9275f2-21bb-0773-dad3-e7f31f57eae8,43355194,LURONGYU57755-17 7V6,33.0273,124.2029,142.452156,142.452156,142.0,142.0,2023-12-27T05:48:09.000Z,2024-01-01T01:45:01.000Z,loitering,1
c34ac46ba-a0d6-6669-fdd0-76ed4f5c1f61,990092019,NET92-19          8V,-5.2463,-23.9349,936.670625,966.239375,937.0,966.0,2023-12-27T05:52:30.000Z,2024-01-02T19:07:27.000Z,loitering,1
9e13391a2-2f9a-70eb-46d3-7be0fac88a8d,98347752,JS7-02,9.1416,-34.5293,1251.33075,1276.8385,1223.0,1248.0,2023-12-27T05:52:55.000Z,2024-01-02T16:09:52.000Z,loitering,1
7b1d5a617-7f7c-f89d-19dc-6adc43dd9065,16887017,SUQIYUN 01688-17-92%,33.1015,124.1841,137.492953,137.492953,137.0,137.0,2023-12-27T05:56:06.000Z,2024-01-01T02:21:52.000Z,loitering,1
03b28d7ce-e8ec-9374-5006-90f1540d5ee8,994167720,994167720         9V,8.7966,-28.5594,824.849875,795.50625,800.0,771.0,2023-12-27T05:56:47.000Z,2024-01-02T18:51:50.000Z,loitering,1
d7938b2e4-4097-4a93-2a99-51832610f883,273320720,BALTIKA,69.2725,57.2753,59.596371,60.383684,51.0,50.0,2023-12-27T05:59:13.000Z,2024-01-12T07:57:10.000Z,loitering,1
c8ec50dcd-d3d0-0d1d-3f14-22ae56ff108e,636018936,OOC EMERALD,-7.5333,11.582,8.963646,8.089914,143.0,142.0,2023-12-27T05:59:14.000Z,2024-01-03T04:59:02.000Z,loitering,1
49c8ea781-1dcd-2878-7f21-bee88909be8f,168803120,151K012  100%,17.8446,-18.8871,305.87256199999996,285.28396899999996,303.0,279.0,2023-12-27T05:59:50.000Z,2024-01-02T22:11:04.000Z,loitering,1
a7ee40263-3b5f-fe81-fc21-acf445f42b07,525500871,,-6.0562,136.7083,104.54668,142.604578,109.0,143.0,2023-12-27T06:00:15.000Z,2024-01-02T00:59:48.000Z,loitering,1
1be3bddfa-ae06-c1fc-1100-341ee20b9e41,390906459,QIONGWENYU338225968%,33.1583,124.1682,133.032938,133.032938,132.0,132.0,2023-12-27T06:00:51.000Z,2024-01-01T00:50:58.000Z,loitering,1
00417a42a-a4ad-0e1a-427a-641252890bc9,607226119,,33.1416,124.1344,135.726812,137.17592199999999,135.0,136.0,2023-12-27T06:01:47.000Z,2024-01-01T01:52:28.000Z,loitering,1
2de7947ed-d7a2-7f1b-ea02-236792e874ea,398702810,208-5  100%,-6.0555,152.6367,137.70528099999999,151.641094,110.0,85.0,2023-12-27T06:04:37.000Z,2024-01-01T11:47:54.000Z,loitering,1
ed49d9401-13c6-03a8-48ce-c38d2e2dc2d9,96231828,YUECHANYANG12318-28,33.1749,124.1354,133.275359,134.723094,132.0,134.0,2023-12-27T06:04:47.000Z,2024-01-01T01:43:01.000Z,loitering,1
ded1a6a39-98f3-b4d9-ee00-f27eca34f00f,96338777,ZHEDAIYU03387-7751%,33.1664,124.2187,129.136414,129.984148,128.0,129.0,2023-12-27T06:06:58.000Z,2024-01-01T01:02:31.000Z,loitering,1
c8b5963b8-83c1-d156-1d5a-7b27cfb116ee,412569775,,37.34,123.2157,44.21376600000001,46.864957000000004,46.0,48.0,2023-12-27T06:09:27.000Z,2024-01-20T08:31:18.000Z,loitering,1
36da79c61-1b92-9ba8-f9e7-125fc4dcd9ee,994008814,994008814         9V,8.8255,-28.45,820.757125,781.043125,796.0,757.0,2023-12-27T06:09:59.000Z,2024-01-01T08:47:35.000Z,loitering,1
dee7e9224-4cd5-2c54-2e94-7e09016d82a6,457516000,HE TAI,37.0161,125.4687,39.203152,40.910391000000004,41.0,41.0,2023-12-27T06:15:59.000Z,2024-01-05T10:55:52.000Z,loitering,1
885ef384d-d774-d8b3-5410-fa35647d6104,890006044,TAIXIANG6-44 89%,-11.066,41.387,191.233406,102.501469,160.0,26.0,2023-12-27T06:21:12.000Z,2024-01-03T12:59:54.000Z,loitering,1
99e875379-9b33-0067-2229-3a18fcee0c15,202004131,26566-2-51%,23.9552,118.5542,32.719846000000004,37.80807,51.0,54.0,2023-12-27T06:23:03.000Z,2024-01-02T14:49:17.000Z,loitering,1
73abc8d79-95f2-c114-0bca-4d0694f4a6b2,994166239,994166239         9V,-3.0088,61.4384,613.7478120000001,665.145562,608.0,659.0,2023-12-27T06:26:09.000Z,2024-01-03T13:43:36.000Z,loitering,1
59a66be44-4b3e-6b92-f425-7e24acf937c8,622926833,SUGANYU09268*33_7.6V,32.915,123.8084,179.812734,160.106531,192.0,159.0,2023-12-27T06:28:28.000Z,2024-01-01T13:48:08.000Z,loitering,1
6d53ba377-754b-2de9-07f0-5b81d0a8205e,153289924,32899-24-93%,27.1666,123.4019,185.598828,182.90220300000001,135.0,144.0,2023-12-27T06:33:59.000Z,2024-01-01T07:50:23.000Z,loitering,1
61c21b243-3212-b4e2-ed82-46b752dbd6ea,123049787,11128-35-91%,27.179,123.4053,185.598828,183.079656,135.0,147.0,2023-12-27T06:34:52.000Z,2024-01-01T08:47:20.000Z,loitering,1
ee0aafb68-8487-dd58-c592-2048fcfa40b6,576067735,60677--35-77%,31.4659,122.7078,19.770818,19.770818,67.0,67.0,2023-12-27T06:40:20.000Z,2024-01-04T02:44:47.000Z,loitering,1
8c7c51f5e-ee91-0722-a4e4-4dc66f2a9b4b,525600574,INDAH JAYA II,1.2076,133.2257,251.703531,247.54642199999998,175.0,190.0,2023-12-27T06:51:48.000Z,2024-01-04T19:46:41.000Z,loitering,1
154f7d8dc-c497-29ef-bbef-d50da84d1f3f,412447966,MINXIAYU09069,26.6001,122.968,154.559688,176.691891,124.0,80.0,2023-12-27T06:52:10.000Z,2024-01-01T03:47:11.000Z,loitering,1
96b1de333-3df2-3732-b8dc-33136d85fd53,994144102,994144102         9V,-5.189,60.7677,569.2568120000001,542.022312,553.0,520.0,2023-12-27T06:55:13.000Z,2024-01-01T18:05:08.000Z,loitering,1
4cb777609-9b63-be9b-5f05-619906a0070b,631125019,BUOY-19-99%,-8.9031,-6.4673,795.960375,772.403812,790.0,766.0,2023-12-27T06:56:34.000Z,2024-01-01T04:12:03.000Z,loitering,1
afd78aee4-486b-d2c1-bea1-586231caf324,994116068,KSM-68            9V,-5.2373,-23.7424,953.105688,992.062,953.0,992.0,2023-12-27T06:57:52.000Z,2024-01-02T23:19:37.000Z,loitering,1
56ba22a52-26b9-af8e-9c9d-a24b6e1e16f8,664314147,"M!2,5 1 - 2  100%",-8.913,52.4862,526.893312,497.465875,193.0,136.0,2023-12-27T06:58:04.000Z,2024-01-02T07:14:08.000Z,loitering,1
052f0a7c5-5db5-ca3c-486b-7cba25c84420,412448009,MINFUDINGYUYUN08822,31.0942,127.0483,229.55717199999998,226.794453,158.0,157.0,2023-12-27T06:58:05.000Z,2024-01-01T05:40:02.000Z,loitering,1
987fe3e7c-cd98-6ef2-3614-af231a9254e9,994167724,994167724         9V,8.8012,-28.4235,817.28925,786.341188,793.0,762.0,2023-12-27T06:58:19.000Z,2024-01-02T19:52:26.000Z,loitering,1
e2ddbbc51-1090-5306-01ba-02418f9b24f1,414086000,GUO YUAN 20,29.5119,122.6839,21.672990000000002,21.672990000000002,44.0,44.0,2023-12-27T06:58:45.000Z,2024-01-05T22:59:18.000Z,loitering,1
a527791a4-463f-bd0e-cd63-eb1c040f9900,994030396,994030396         9V,-3.9151,60.938,575.904812,561.643375,565.0,553.0,2023-12-27T06:59:09.000Z,2024-01-01T23:52:03.000Z,loitering,1
65fbcaac1-1d75-590e-16ea-5fa52b9b6729,168804137,BUOY-11  100%,-2.3095,-21.4987,988.6530620000001,1013.60675,987.0,1012.0,2023-12-27T06:59:28.000Z,2024-01-04T02:01:54.000Z,loitering,1
7cd198ca5-5c94-b5af-f403-a80d5f35ceb4,210233294,02332-94-80%,33.2255,123.9031,145.149984,146.574094,144.0,145.0,2023-12-27T07:00:36.000Z,2024-01-01T01:01:58.000Z,loitering,1
40e3198ec-c587-7cbd-09a7-daf3f95f895d,212168905,,31.2986,122.7254,5.850855999999999,5.850855999999999,48.0,48.0,2023-12-27T07:02:25.000Z,2024-01-08T05:14:38.000Z,loitering,1
47483f059-93bb-0a50-1501-6b5a12ee859c,412013608,TIELDYF00136-08-84%,25.7024,120.7738,63.129211000000005,63.129211000000005,76.0,76.0,2023-12-27T07:05:35.000Z,2024-01-01T03:35:16.000Z,loitering,1
e1bd7a5d0-0f09-cb38-8e07-c49494026f2c,510966735,,34.5404,123.8915,119.417922,120.38731200000001,118.0,119.0,2023-12-27T07:07:37.000Z,2024-01-02T03:41:36.000Z,loitering,1
a8536c129-9da9-aa81-181c-a364e099f871,710001970,C-TUFAO,-21.8798,-39.8562,1.111949,1.111949,116.0,116.0,2023-12-27T07:09:18.000Z,2024-01-03T16:53:58.000Z,loitering,1
823f1366e-e199-50da-f3d9-96e543d3b40e,910468907,04689-07-49%,29.711,123.0306,42.562418,33.390324,69.0,37.0,2023-12-27T07:11:05.000Z,2024-01-02T09:54:35.000Z,loitering,1
e57195448-88f3-30c7-7187-05de4c5254c1,100468909,04689-9-56%,29.7113,123.0298,42.562418,33.390324,69.0,37.0,2023-12-27T07:11:18.000Z,2024-01-02T09:56:58.000Z,loitering,1
baf749e7e-ec7a-2796-b028-1607f34fb54e,910465814,04658-14-78%,29.7258,123.0705,46.137218999999995,29.895752,72.0,37.0,2023-12-27T07:12:23.000Z,2024-01-01T18:58:29.000Z,loitering,1
c1a906ab8-8139-4c13-75a7-4c23d3ae0052,603285009,SUGANYU03285-9_7.7V,34.5969,123.9533,118.185477,108.83875,117.0,108.0,2023-12-27T07:13:47.000Z,2024-01-01T12:21:52.000Z,loitering,1
556a6f126-6268-71d4-61bc-af5352658068,28829102,,33.5673,124.0427,113.974211,113.974211,111.0,111.0,2023-12-27T07:15:40.000Z,2024-01-02T15:11:02.000Z,loitering,1
b223b10a4-4760-f8ab-3176-5a5881260f50,312477000,MARIDIVE 703,34.3908,11.8746,62.500175999999996,60.975883,64.0,64.0,2023-12-27T07:21:58.000Z,2024-01-06T09:57:23.000Z,loitering,1
6ebba208f-fc0b-a762-df6e-a363974d513d,412893310,TIELONG68933-10-94%,22.5068,116.7157,50.709602,55.109156000000006,51.0,56.0,2023-12-27T07:24:07.000Z,2024-01-02T01:49:57.000Z,loitering,1
1e44463f0-00af-9a3b-996a-d36efa7cfce1,223300463,04658---6-81%,29.7307,123.0712,46.632199,27.927902,73.0,36.0,2023-12-27T07:28:27.000Z,2024-01-01T04:58:41.000Z,loitering,1
f6d80260f-f116-5ae0-a92f-11964de65810,210268807,02688-07-69%,33.8339,123.7547,129.632734,129.632734,126.0,126.0,2023-12-27T07:31:38.000Z,2024-01-02T02:50:13.000Z,loitering,1
89564b091-16a3-c776-5edc-731e7596a000,525101379,SIDO TAMBAH LANCAR,-6.0518,136.6981,103.70119500000001,141.25657800000002,106.0,145.0,2023-12-27T07:41:42.000Z,2024-01-06T12:21:08.000Z,loitering,1
c6a917385-554a-f466-df1e-174366b3854a,994037952,994037952         9V,-9.9379,138.5685,226.546641,252.072594,166.0,171.0,2023-12-27T07:43:48.000Z,2024-01-02T00:11:59.000Z,loitering,1
77d3c31cd-da43-77c0-78e4-e710e7b494ea,200218802,TIELONG188-0-84%,25.6682,120.7621,65.30703100000001,65.30703100000001,74.0,74.0,2023-12-27T07:44:43.000Z,2024-01-01T03:43:21.000Z,loitering,1
7f79cc927-7894-82d1-a003-ffc29aa27cdc,123009359,LUCHENGYU60098-3-59%,35.4518,120.7848,30.931583999999997,34.15223,48.0,51.0,2023-12-27T07:45:14.000Z,2024-01-02T01:13:43.000Z,loitering,1
28059e166-6057-4e0b-7ae1-398f2995277b,80901044,HOSM WANG WEI YI 7V7,33.2423,123.9006,145.17379699999998,145.17379699999998,144.0,144.0,2023-12-27T07:49:03.000Z,2024-01-01T16:57:03.000Z,loitering,1
79553afaa-afae-8702-a339-f214138cd780,374954000,CRIMSON JADE,30.3237,123.4915,55.101875,52.760847999999996,57.0,54.0,2023-12-27T07:49:07.000Z,2024-01-02T23:53:39.000Z,loitering,1
a918f6c9c-c53c-2ff5-5c09-3712189b8016,357370000,BUNUN BENEFIT,32.66,136.0221,67.670117,131.21332800000002,64.0,129.0,2023-12-27T07:50:47.000Z,2024-01-03T16:59:19.000Z,loitering,1
b43f2905e-ecbc-48d4-5e3c-17cb9a81c561,994230161,994230161         9V,8.7982,-28.2438,806.003688,778.1485620000001,782.0,754.0,2023-12-27T07:52:10.000Z,2024-01-02T05:54:55.000Z,loitering,1
1af7b8551-1aeb-e3fb-6390-3928794d58ff,994090015,VK2-15            9V,-3.2029,59.3838,418.680156,409.647,413.0,404.0,2023-12-27T07:52:40.000Z,2024-01-02T21:37:50.000Z,loitering,1
44e89d3ef-f850-9fca-9608-281ac32eb2fe,664304733,"M!2,5 1 - 5  100%",-8.935,52.5772,536.3058120000001,497.673094,202.0,145.0,2023-12-27T07:53:13.000Z,2024-01-02T14:40:08.000Z,loitering,1
98ca1f276-6d72-3ae2-0d17-83e86c6fb386,23860003,ZHEDAIYU02386-3_8.1V,33.6068,124.0632,109.453625,110.783586,107.0,108.0,2023-12-27T07:55:44.000Z,2024-01-02T00:51:30.000Z,loitering,1
0988c9fc8-879d-72e2-ab35-1f1fe47e6da1,18705990,MARLU 8 NET 1  100%,-9.2057,52.5981,506.601125,487.150219,178.0,167.0,2023-12-27T07:55:51.000Z,2024-01-01T19:26:11.000Z,loitering,1
adecbe74c-c353-8b9e-8515-cbd558a59da7,980402112,SUQIYU04201-12_8.0V,31.1978,122.6385,0.9504170000000001,1.111949,45.0,28.0,2023-12-27T07:58:43.000Z,2024-01-16T23:12:28.000Z,loitering,1
ce13e59cf-f0e8-1b3a-e2f9-eb6cd643a72f,123059165,AISBUOY_DOBLANG-195%,-10.0295,138.1712,268.634125,244.92720300000002,188.0,168.0,2023-12-27T07:58:56.000Z,2024-01-03T03:55:23.000Z,loitering,1
a1754bc6c-cf14-5f7d-32b3-3e3c2c4f61f4,311210003,YOULONG-31121-03-99%,37.6628,123.1426,50.032734,50.032734,48.0,48.0,2023-12-27T07:59:21.000Z,2024-01-10T08:08:10.000Z,loitering,1
b32f7d219-9ad6-fe98-a970-31f2addbd97b,994230347,994230347         9V,8.8034,-28.2864,809.905,778.321625,786.0,754.0,2023-12-27T07:59:52.000Z,2024-01-02T22:14:33.000Z,loitering,1
ab0d9f1e4-4594-ebd9-e12a-8a945e39a821,658880034,TIELONG65888-34-66%,22.315,116.2962,65.031121,66.00357799999999,60.0,61.0,2023-12-27T08:02:38.000Z,2024-01-04T08:10:04.000Z,loitering,1
3b3913674-4e6b-edf5-1d02-c89dd0d7d789,223400837,SUQIYU01612-59-73%,32.4203,123.4569,142.570141,141.972328,164.0,163.0,2023-12-27T08:12:50.000Z,2024-01-01T01:44:06.000Z,loitering,1
af2956842-25d4-a519-b576-4084278bf4af,67988074,MINLIANYU67988-74,34.0975,123.9469,108.778672,109.743227,104.0,105.0,2023-12-27T08:12:50.000Z,2024-01-01T08:20:55.000Z,loitering,1
6650745d6-6229-e389-35a8-cc3996b9adf3,994210465,MY5-05            9V,9.916,-29.9774,838.399875,787.6834379999999,811.0,761.0,2023-12-27T08:15:44.000Z,2024-01-02T00:11:38.000Z,loitering,1
908060ee4-44f9-5b05-a450-5ccf17086c36,41166543,,33.26,123.8997,143.062609,144.528109,141.0,143.0,2023-12-27T08:19:26.000Z,2024-01-01T16:26:03.000Z,loitering,1
393284472-209d-72e7-50b3-04a14856ae6b,223402661,18118-12-99%,30.93,127.0717,230.51431200000002,233.584875,165.0,172.0,2023-12-27T08:28:00.000Z,2024-01-01T07:57:58.000Z,loitering,1
3ea152752-280c-40ab-8c4f-91a8b03e48c5,525900774,KM CAHAYA MAKMUR,-7.5126,100.9073,435.815969,420.326875,272.0,267.0,2023-12-27T08:30:05.000Z,2024-01-01T05:20:59.000Z,loitering,1
84a3677bc-c7cc-a7e8-c860-637e7d0aa4f1,101991099,HAIMENYU01991-99 8V0,32.4342,123.5575,148.31125,151.653438,171.0,175.0,2023-12-27T08:30:11.000Z,2024-01-01T10:13:31.000Z,loitering,1
298f74a41-1242-951c-dd61-17a15bb89047,30326802,SURUYU03268-02_8.1V,32.396,123.5596,147.114953,145.66157800000002,172.0,171.0,2023-12-27T08:34:49.000Z,2024-01-01T01:43:16.000Z,loitering,1
18a53a927-759d-8bcf-5da9-1983d510e6f5,96891310,TIELONG68913+10-55%,24.9081,119.9488,46.90225,40.613098,50.0,44.0,2023-12-27T08:35:04.000Z,2024-01-07T00:32:03.000Z,loitering,1
081e4a2a7-776a-4742-361f-9722ab66ea66,994127039,994127039         9V,-6.0881,-20.8911,741.095062,743.529188,741.0,744.0,2023-12-27T08:37:56.000Z,2024-01-03T19:13:36.000Z,loitering,1
0de6e5a5a-a390-ed5e-4d03-daefdb77e34f,412411406,ZHESHENGYU13182,31.7146,123.2435,73.51297699999999,71.542734,109.0,107.0,2023-12-27T08:40:28.000Z,2024-01-01T02:53:06.000Z,loitering,1
7956deb9d-d8f7-7a21-bf8e-7012949643f2,629523,,33.9114,124.0285,107.862734,99.015828,103.0,95.0,2023-12-27T08:43:23.000Z,2024-01-01T09:09:36.000Z,loitering,1
d523e9e54-4a6b-4a5d-75fe-f450095e9f36,20109962,SUQIYU01399---62 7V9,32.3796,123.484,140.414,140.414,164.0,164.0,2023-12-27T08:45:32.000Z,2024-01-01T00:53:25.000Z,loitering,1
e415a6863-37f8-5f2b-868a-0b9c6161c964,904206012,42060-12-96%,32.3038,124.7278,182.738953,167.238609,181.0,166.0,2023-12-27T08:50:13.000Z,2024-01-03T03:42:58.000Z,loitering,1
006e5809c-c315-b114-715e-76879f80ef37,221217002,12170-2-81%,30.9403,127.0688,229.79404699999998,233.584875,164.0,172.0,2023-12-27T08:52:11.000Z,2024-01-01T06:55:16.000Z,loitering,1
60f3b2b6a-a81c-8414-5b1e-9e65bb6691cf,888800013,ZHEDAIYU58111-5,33.4859,123.8337,135.33775,135.33775,133.0,133.0,2023-12-27T08:54:15.000Z,2024-01-01T01:52:33.000Z,loitering,1
6217bfba7-766c-020e-ad42-faaac473d97e,413585802,LYY53777-02-99%,33.4883,123.8506,132.160016,135.303,130.0,133.0,2023-12-27T08:58:13.000Z,2024-01-01T01:58:21.000Z,loitering,1
81a2f017a-acee-370f-668a-9c3b8c1b0f9e,620594,,33.4419,123.8502,136.407078,136.407078,134.0,134.0,2023-12-27T08:58:24.000Z,2024-01-01T02:04:10.000Z,loitering,1
209924d4f-f77f-8c10-2171-bbcaf78f8899,222900966,ZHEDAIYU04225-A7-77%,34.0306,123.9606,107.827711,107.827711,103.0,103.0,2023-12-27T08:58:41.000Z,2024-01-01T09:22:09.000Z,loitering,1
0490e220d-dfa0-d459-99b8-b91ef1084d45,352683000,HUNTER QUEEN,-21.9802,-39.8626,1.031779,2.3417130000000004,115.0,117.0,2023-12-27T08:59:05.000Z,2024-01-02T11:59:05.000Z,loitering,1
c62934abd-dc9d-3042-b862-422048784355,565442000,BRITOIL 21,28.3024,49.7682,7.621199,5.143934,64.0,64.0,2023-12-27T08:59:06.000Z,2024-01-01T13:56:38.000Z,loitering,1
90b1b9080-0960-740e-d0de-703345e16a49,311031900,SEVEN BOREALIS,28.3845,49.5962,0.0,2.9629589999999997,85.0,68.0,2023-12-27T08:59:21.000Z,2024-01-06T10:58:55.000Z,loitering,1
6401f206f-faa2-646b-ee4c-d98d77912ef5,412420571,ZHEDAIYU03543,32.2426,125.0474,156.348156,154.223,154.0,152.0,2023-12-27T09:05:00.000Z,2024-01-02T07:44:09.000Z,loitering,1
d0d8500f3-3fe4-8def-0ad0-fa210e35e565,123024395,AIS BUOY JANGKRIK78%,-6.8355,136.3848,152.702531,176.95439100000002,148.0,175.0,2023-12-27T09:10:11.000Z,2024-01-06T02:46:26.000Z,loitering,1
c72812ce3-37a3-fa67-28f0-e198c2bc6a61,26225634,,33.521,123.9201,126.40267999999999,126.40267999999999,124.0,124.0,2023-12-27T09:13:56.000Z,2024-01-01T01:41:55.000Z,loitering,1
13fe19277-7c0c-9a66-eacd-1db130b17d53,101118030,11180-30-83%,27.3536,123.3917,176.820438,180.72009400000002,166.0,154.0,2023-12-27T09:21:56.000Z,2024-01-01T09:53:56.000Z,loitering,1
44473fd2f-ff7e-74a8-4e5b-3ff63933b7f3,101118037,ZHE YU YU 11180--37,27.4018,123.3705,176.820438,175.007875,166.0,166.0,2023-12-27T09:22:42.000Z,2024-01-01T04:52:38.000Z,loitering,1
998100ec9-9b0b-43c7-b476-9708768fd041,101118035,11180-35-77%,27.3925,123.3833,176.820438,178.250594,166.0,163.0,2023-12-27T09:24:00.000Z,2024-01-01T04:53:52.000Z,loitering,1
d525c421a-acdd-504c-9074-1836e0c0bff5,13997307,SUQIYU01399-07_8.1V,32.3875,123.5084,143.119469,143.119469,167.0,167.0,2023-12-27T09:29:37.000Z,2024-01-01T01:46:03.000Z,loitering,1
b0e24d6da-a2ed-a476-9a09-0a6f6962993e,412416322,ZHELINGYU88198,29.0945,122.7125,45.901968999999994,52.375358999999996,46.0,53.0,2023-12-27T09:31:47.000Z,2024-01-02T23:01:54.000Z,loitering,1
f6387b8ce-eeed-e2d5-a92a-faed201a8037,25650046,SUGANYU02565-46_7.9V,31.5478,125.529,196.694094,202.008562,193.0,198.0,2023-12-27T09:31:59.000Z,2024-01-02T03:38:33.000Z,loitering,1
d16881eec-cf98-8d17-82cb-f5c6e373858f,168001014,SUQIYU16800#014_7.7V,27.5373,124.0227,200.478859,240.525969,202.0,84.0,2023-12-27T09:33:52.000Z,2024-01-04T05:40:31.000Z,loitering,1
d859d9573-3015-948e-fb93-6e810fad1eb4,801182028,82028-11-80%,29.0837,122.7133,45.940613,52.087848,46.0,52.0,2023-12-27T09:35:41.000Z,2024-01-03T16:37:51.000Z,loitering,1
962ec30c7-75e0-bb4a-ad49-a2c919129c1f,506706109,KO DAW CHAW(1)  100%,15.1473,95.6287,183.381438,174.739969,72.0,64.0,2023-12-27T09:37:05.000Z,2024-01-01T23:53:41.000Z,loitering,1
95302758a-affe-5510-f655-2d78a9eb7a9c,101118034,11180-34-90%,27.3529,123.394,176.964625,181.481156,165.0,155.0,2023-12-27T09:37:34.000Z,2024-01-01T09:43:08.000Z,loitering,1
3045195b8-8d1b-361c-f660-016198ae5fbd,101118032,11180-32-87%,27.3717,123.3957,176.964625,180.711906,165.0,159.0,2023-12-27T09:37:54.000Z,2024-01-01T08:59:11.000Z,loitering,1
1e0680cbf-f2bb-2787-37a1-8df638bb48f5,91800350,KM88_2 89%,10.0292,-32.2902,950.9536879999999,1057.433,923.0,1029.0,2023-12-27T09:39:13.000Z,2024-01-11T01:29:02.000Z,loitering,1
4fbfd54cf-fe78-efb2-25b5-1cbf57766013,201118038,11180-38-87%,27.3333,123.3734,176.964625,178.490672,165.0,151.0,2023-12-27T09:40:06.000Z,2024-01-01T03:33:19.000Z,loitering,1
2b381cf83-342f-5f40-80a2-75db3e67cc04,890002048,TAIXIANG2-48 73%,-9.3417,41.8273,230.947078,177.864844,215.0,162.0,2023-12-27T09:41:44.000Z,2024-01-02T08:29:14.000Z,loitering,1
99ee80f09-9587-9413-f623-543a5d17bf91,123046261,11128-21-99%,27.1989,123.3972,182.501625,183.176797,142.0,143.0,2023-12-27T09:45:29.000Z,2024-01-01T07:57:53.000Z,loitering,1
70f27a072-21ac-4d7e-f9f3-368ed3069c73,994008385,BUOY-05           9V,-2.1859,-137.7159,780.565875,774.58925,701.0,713.0,2023-12-27T09:46:12.000Z,2024-01-01T02:13:06.000Z,loitering,1
d80fba1ed-d896-d895-163c-54547c135758,413333318,TIELONG33333-99%,25.5649,120.4856,42.079207000000004,66.856281,41.0,73.0,2023-12-27T09:48:46.000Z,2024-01-04T10:44:26.000Z,loitering,1
698e05c31-1931-bf29-1b06-ea9184d9bc70,412146648,TIELONG61466-48-89%,25.5686,120.4798,44.04216,64.667039,43.0,74.0,2023-12-27T09:49:13.000Z,2024-01-04T09:44:39.000Z,loitering,1
b405425bc-c333-190b-46f8-db7d4d42e1c4,123046420,11128-10-81%,27.2122,123.3695,181.26215599999998,178.79507800000002,144.0,146.0,2023-12-27T09:51:20.000Z,2024-01-01T03:55:27.000Z,loitering,1
2f6f25aaa-a249-cf51-ea2d-8a5cad5bed51,100000918,07714-16-63%,31.7076,125.7269,176.180016,171.381344,172.0,167.0,2023-12-27T09:51:46.000Z,2024-01-01T11:55:22.000Z,loitering,1
0b4cbf927-7b7d-09f0-da7d-1aedf653c148,123038591,11128-43-99%,27.2144,123.3692,181.26215599999998,178.79507800000002,144.0,146.0,2023-12-27T09:52:01.000Z,2024-01-01T03:53:57.000Z,loitering,1
cfce07a97-7239-c7d6-b05f-8c16a9418dd3,123035877,11128-17-92%,27.2255,123.3931,181.26215599999998,182.831859,144.0,148.0,2023-12-27T09:52:11.000Z,2024-01-01T08:56:47.000Z,loitering,1
7eda7b2a6-6916-3740-9d69-27252f708b7c,128200826,ZHEYUYU11128-26-72%,27.2126,123.3699,181.26215599999998,178.79507800000002,144.0,146.0,2023-12-27T09:52:16.000Z,2024-01-01T03:56:09.000Z,loitering,1
b96dd9555-5271-0b81-563c-744b1c8ca6a9,802811128,11128-28-99%,27.1129,123.3733,181.26215599999998,186.38803099999998,144.0,124.0,2023-12-27T09:52:36.000Z,2024-01-02T06:58:14.000Z,loitering,1
573568998-8cbb-2ba1-247a-6430e04808b2,687998789,ZHEDAIYU04225-102,34.023,123.9624,106.94171899999999,107.827711,102.0,103.0,2023-12-27T09:53:20.000Z,2024-01-01T08:25:14.000Z,loitering,1
6a0dcfc2a-abad-3bce-5419-963f864e9dfb,10678323,,34.0471,123.9504,107.79207000000001,109.634648,103.0,105.0,2023-12-27T09:53:28.000Z,2024-01-01T07:45:21.000Z,loitering,1
89a185a64-4f3b-806a-7c20-355e1d3ca44d,668986058,TIELONG68986-58-77%,22.2759,116.1861,69.512344,60.312839999999994,67.0,57.0,2023-12-27T09:53:35.000Z,2024-01-02T06:45:58.000Z,loitering,1
b94415d53-3040-0b7d-2f0e-3116d83fc186,306197315,TIELONG61973-B15-71%,25.4752,120.2377,44.281898,29.119758,44.0,30.0,2023-12-27T09:54:09.000Z,2024-01-01T23:30:31.000Z,loitering,1
9ece0c4c2-22a2-74e8-898f-9579fafe0d7c,100001044,ZHE DAI YU 04277-13,34.0406,123.9517,107.79207000000001,109.64675,103.0,105.0,2023-12-27T09:54:29.000Z,2024-01-01T08:44:16.000Z,loitering,1
46d20f93c-cc98-4376-22fd-21fa7242de3f,506107744,YE YE THAUNG-3  100%,15.1729,95.5587,183.261875,176.30095300000002,66.0,61.0,2023-12-27T09:54:39.000Z,2024-01-03T00:22:56.000Z,loitering,1
85a12bbea-a7c9-8cf6-0d2b-7faeff1bd7dc,412146667,TIELONG61466-67-72%,25.4359,120.2462,47.209133,30.123889,47.0,31.0,2023-12-27T09:54:57.000Z,2024-01-01T23:40:50.000Z,loitering,1
1edb4f7bf-fe44-360d-28fd-b6d404cf68a8,222222212,ZHEDAIYU042235-E5,34.0489,123.9602,107.79207000000001,107.79207000000001,103.0,103.0,2023-12-27T09:55:16.000Z,2024-01-01T08:48:50.000Z,loitering,1
8843f0dbb-bd21-4146-f4f7-2bef6d835567,6259518,,34.0466,123.96,107.79207000000001,107.79207000000001,103.0,103.0,2023-12-27T09:55:53.000Z,2024-01-01T08:44:37.000Z,loitering,1
547f38327-7f80-3836-d7dd-9d64d42a56c0,223401122,ZHELIN12358-19-89%,29.3939,122.8424,36.153559,43.423391,59.0,64.0,2023-12-27T09:56:02.000Z,2024-01-01T11:45:34.000Z,loitering,1
796fa69ed-dce0-8e83-da9a-d79800584ee7,564300000,YOU SHEN 10,20.9838,87.9266,3.82698,3.82698,62.0,62.0,2023-12-27T09:57:39.000Z,2024-01-06T03:48:54.000Z,loitering,1
7fb73a171-18d7-4bbd-c7d4-485842035131,631125026,BUOY-26-99%,-8.8565,-7.0455,799.459562,796.721875,794.0,789.0,2023-12-27T09:57:58.000Z,2024-01-03T21:25:31.000Z,loitering,1
6999a8b80-0e35-97ce-6404-4f79de365be5,123038441,11128-36-96%,27.2139,123.3682,180.98482800000002,178.79507800000002,145.0,146.0,2023-12-27T09:58:09.000Z,2024-01-01T03:54:55.000Z,loitering,1
0a53a0e4c-c114-bb22-7200-44174d5c7f59,123036055,11128-41-96%,27.202,123.389,180.98482800000002,183.176797,145.0,143.0,2023-12-27T09:58:29.000Z,2024-01-01T07:52:29.000Z,loitering,1
afb975bd6-612b-c07c-40c2-6a035844b092,123048948,11128-25-99%,27.1976,123.3878,180.98482800000002,183.45771900000003,145.0,142.0,2023-12-27T09:58:44.000Z,2024-01-01T07:43:29.000Z,loitering,1
8b21182bb-bc2c-ebad-2530-76c770046b4d,413158071,TIELONG61580-99%,26.3754,121.6496,111.22866400000001,107.645016,93.0,90.0,2023-12-27T09:58:51.000Z,2024-01-04T08:42:08.000Z,loitering,1
d5234e30a-a819-41cc-b5e9-0cd6c5fe6aad,123046348,11128-20-99%,27.2038,123.3898,180.98482800000002,183.176797,145.0,143.0,2023-12-27T09:59:02.000Z,2024-01-01T07:56:18.000Z,loitering,1
eac418c4e-e2dc-8591-5dc6-314ba465012b,777777715,ZHEDAIYU04225-E1,34.0411,123.9599,107.79207000000001,107.804164,103.0,103.0,2023-12-27T09:59:05.000Z,2024-01-01T08:11:20.000Z,loitering,1
4ebcf2a6b-b014-7187-5955-f2b088fcb225,506106732,,15.1967,95.5761,183.998156,169.257484,70.0,53.0,2023-12-27T09:59:42.000Z,2024-01-01T08:56:40.000Z,loitering,1
7ae254446-6cf3-2e24-f8b2-04a9df4b01cb,631125030,BUOY-30-99%,-8.8586,-7.048,801.607938,795.443812,796.0,790.0,2023-12-27T10:04:14.000Z,2024-01-03T23:22:35.000Z,loitering,1
c88812c51-1fbb-8921-c641-b781b1b0c6bb,993202014,BUOY-14           9V,7.5522,-28.4073,943.3795,903.461188,920.0,879.0,2023-12-27T10:04:59.000Z,2024-01-04T06:12:21.000Z,loitering,1
ec97b0b56-662f-97bd-2f6e-76b3ce42c162,168804125,BUOY-19  82%,-2.0839,-21.5837,1007.6323120000001,1040.972312,1006.0,1040.0,2023-12-27T10:06:46.000Z,2024-01-03T22:41:48.000Z,loitering,1
292a80cbe-eb54-a54c-7a65-1eeb68bf3d3c,61538003,TIELONG61538-3-50%,26.3495,121.6878,114.84464100000001,114.82282000000001,87.0,88.0,2023-12-27T10:07:36.000Z,2024-01-02T10:57:12.000Z,loitering,1
22d2ec377-718b-cf9b-2cf6-6cd7fd1c19f7,543122258,LIN12225-8-91%,29.3515,122.8914,44.881527,46.873047,65.0,67.0,2023-12-27T10:07:55.000Z,2024-01-01T18:35:38.000Z,loitering,1
f154f295b-b8cb-2028-1a1b-a964fbf9b5e8,168800888,BUOY-LC16  100%,-5.8357,-18.921,585.760125,511.615094,586.0,512.0,2023-12-27T10:09:38.000Z,2024-01-02T11:35:04.000Z,loitering,1
4759c9efd-d4f6-bc12-6059-a1960e1c6c0b,658790003,65879--3--TIELONG99%,24.0089,118.675,33.740086000000005,45.95591,48.0,55.0,2023-12-27T10:10:47.000Z,2024-01-04T22:20:37.000Z,loitering,1
51fa402e4-4d12-2e1f-9e6c-a62edad6d2dc,108060339,IMULA 0881 TLE NET 3,9.3621,83.355,278.32559399999997,222.00703099999998,268.0,220.0,2023-12-27T10:12:41.000Z,2024-01-01T03:57:04.000Z,loitering,1
b606d968e-eefb-d602-2686-74493a2f69ca,994092038,994092038         9V,-5.7664,-20.4615,721.886375,694.480375,722.0,695.0,2023-12-27T10:14:50.000Z,2024-01-02T10:43:26.000Z,loitering,1
e734b24a2-2dea-01f6-1521-193006f79762,112520922,ZHEYUYU11125-22-74%,27.1811,123.3984,181.55878099999998,185.48809400000002,133.0,149.0,2023-12-27T10:22:06.000Z,2024-01-01T08:59:22.000Z,loitering,1
f802ee666-6631-a005-e927-1f7016325196,183608,LONGLINE BUOY 08-89%,-5.5882,62.5969,758.5305,768.4959379999999,699.0,736.0,2023-12-27T10:24:53.000Z,2024-01-01T18:55:52.000Z,loitering,1
4adf177d8-897e-0b9b-eee4-6dc76de16348,574128139,KIEM NGU - 468,7.9058,112.935,182.412656,182.412656,248.0,248.0,2023-12-27T10:26:54.000Z,2024-01-02T07:25:49.000Z,loitering,1
1734231a5-5625-be88-4b7c-2b6f6de1e419,1680579,SUQIYU16805-7949%,32.339,123.1207,114.029055,119.62430499999999,130.0,132.0,2023-12-27T10:29:57.000Z,2024-01-10T08:10:21.000Z,loitering,1
df12975c9-91ee-6a12-4df6-ae08923a0a2f,233811348,SUQIYU18101-7-83%,32.9862,123.8446,176.57279699999998,160.452234,175.0,160.0,2023-12-27T10:34:18.000Z,2024-01-01T13:44:47.000Z,loitering,1
a44768754-463d-41aa-53a2-0f85ca7eb0aa,412331214,LU RONG YU JIA58888,35.0834,123.8508,131.68829699999998,128.844375,131.0,128.0,2023-12-27T10:40:22.000Z,2024-01-02T06:59:14.000Z,loitering,1
882189477-7cf1-6159-e607-8dec4c5fe114,44228070,SUQIYU04422*70_7.8V,32.2705,123.1901,113.892523,113.892523,134.0,134.0,2023-12-27T10:47:00.000Z,2024-01-10T09:09:05.000Z,loitering,1
1543aff12-23eb-7517-87b5-190eb8930d36,804422011,SUQIYU04422*011_7.8V,32.3645,123.191,122.216852,123.157234,138.0,138.0,2023-12-27T10:49:23.000Z,2024-01-01T11:29:40.000Z,loitering,1
e01b28c01-1336-dd78-96d7-25259dc59290,636014006,VALARIS DPS-5,29.2855,-88.0204,10.326996999999999,12.579531999999999,94.0,98.0,2023-12-27T10:56:14.000Z,2024-01-04T23:58:36.000Z,loitering,1
84c220339-9575-0625-56a7-5b1a27db698d,403573000,AL BARRAH,25.546,54.8819,0.0,0.0,37.0,37.0,2023-12-27T10:58:09.000Z,2024-01-02T07:59:50.000Z,loitering,1
0eae23cd9-9638-f6f9-36ff-073bc78f3454,712128831,LIN12883-1-67%,29.4356,122.947,44.527468999999996,40.958715,71.0,68.0,2023-12-27T10:58:33.000Z,2024-01-02T18:05:23.000Z,loitering,1
a76fb8162-2692-325f-6035-8d29aa639761,522192710,LIN21927--10-76%,29.3448,122.9178,47.279125,49.135214999999995,67.0,71.0,2023-12-27T10:59:38.000Z,2024-01-01T08:10:48.000Z,loitering,1
81353f499-9c49-001a-d1ce-6309e687238f,44228069,SUQIYU04422*69_7.9V,32.2986,123.1892,116.637906,116.637906,135.0,135.0,2023-12-27T10:59:49.000Z,2024-01-10T09:06:36.000Z,loitering,1
75ec9f4e0-0b10-f123-af8c-f023ebc7ec35,210233363,02333-63-98%,33.8106,123.7773,127.377727,127.377727,124.0,124.0,2023-12-27T11:00:33.000Z,2024-01-02T01:46:29.000Z,loitering,1
a15a3d02f-f520-4cfd-ee54-6f6ab1cd1eeb,632262027,C32262-27-82%,27.2448,123.2688,165.558391,173.695156,166.0,137.0,2023-12-27T11:02:35.000Z,2024-01-01T03:55:55.000Z,loitering,1
443890f1d-d694-f780-5645-cc28512988d0,202333206,02333-206-99%,33.6846,123.7372,127.377727,142.917609,124.0,140.0,2023-12-27T11:03:55.000Z,2024-01-02T11:42:16.000Z,loitering,1
bfd1427b3-30fa-f048-0466-ce3b47a57f4b,632262036,C32262-36--89%,27.2437,123.2687,165.558391,173.695156,166.0,137.0,2023-12-27T11:04:18.000Z,2024-01-01T03:54:16.000Z,loitering,1
c6773a581-1702-f00f-8e7a-a3c48feda9fa,888890001,ZHE SAN YU 88889-1,27.2438,123.2684,165.558391,174.05418799999998,166.0,136.0,2023-12-27T11:06:42.000Z,2024-01-01T03:53:17.000Z,loitering,1
cc8bbca09-93c2-9864-7d6e-985336bf51fc,77000014,JIN FENG2-14-99%,9.9546,-34.4408,1203.90375,1217.07,1175.0,1189.0,2023-12-27T11:11:14.000Z,2024-01-01T08:08:04.000Z,loitering,1
7b0f6b829-91aa-7d9b-8f88-c4aa64de535c,832262005,B32262-5--75%,27.3284,123.2736,166.366906,170.059469,167.0,152.0,2023-12-27T11:17:06.000Z,2024-01-02T17:46:19.000Z,loitering,1
342100db1-1adc-294d-0a4e-504720a3f748,422047733,AWAIS FISH NET96%,5.0485,56.8066,1046.6591879999999,1045.088,820.0,808.0,2023-12-27T11:19:06.000Z,2024-01-01T00:38:32.000Z,loitering,1
25199765c-c7d5-1a3e-8d12-b6d6b190b988,533170076,NEOPETRO 18,4.6462,112.2982,1.111949,1.569953,160.0,158.0,2023-12-27T11:20:22.000Z,2024-01-03T00:40:56.000Z,loitering,1
e79814a9a-ab71-6ed0-cf53-82913a0ecb80,804422028,SUQIYU04422*028_7.9V,32.337,123.1899,120.344844,120.344844,137.0,137.0,2023-12-27T11:20:43.000Z,2024-01-10T08:37:41.000Z,loitering,1
b10d521ef-f592-eb64-920d-71eda0e24713,332190834,LIN21908--34-55%,29.6626,124.8171,163.89318799999998,221.679266,177.0,233.0,2023-12-27T11:21:49.000Z,2024-01-02T11:18:49.000Z,loitering,1
746966a61-1029-76a6-e7c1-7d3f4cf9f949,994030075,994030075         9V,-4.0301,60.7681,551.115312,547.040375,540.0,538.0,2023-12-27T11:23:11.000Z,2024-01-01T14:04:12.000Z,loitering,1
bf1c813dc-c4d4-a940-2537-bbbb56809bd1,222900915,ZHEDAIYU04225-A6-77%,34.0315,123.9497,109.64675,107.862734,105.0,103.0,2023-12-27T11:26:50.000Z,2024-01-01T08:59:50.000Z,loitering,1
dfc830cad-daf9-1f15-cabd-77c1fdc2db46,994167021,994167021         9V,8.7612,-28.4918,808.9971879999999,809.720312,784.0,785.0,2023-12-27T11:33:40.000Z,2024-01-03T04:33:11.000Z,loitering,1
249326dab-b477-60b8-a53f-d27ffd6a2773,994167019,994167019         9V,8.7657,-28.3515,800.931438,800.74925,777.0,776.0,2023-12-27T11:34:54.000Z,2024-01-03T03:43:55.000Z,loitering,1
f5740b782-29dd-de90-9a2e-b6126126377a,632262031,C32262-31--91%,27.2643,123.2671,164.930375,173.695156,170.0,137.0,2023-12-27T11:35:06.000Z,2024-01-01T03:56:40.000Z,loitering,1
e1efd4cf8-8c79-af47-dace-6adafad62cc0,632262025,C32262-25-66%,27.2848,123.2674,164.930375,172.32331200000002,170.0,141.0,2023-12-27T11:35:36.000Z,2024-01-01T02:49:36.000Z,loitering,1
cf9dbc356-6509-61d0-1f28-80d9de17471a,994230350,994230350         9V,8.8175,-28.2259,801.1906879999999,776.0306879999999,777.0,752.0,2023-12-27T11:37:06.000Z,2024-01-02T05:36:38.000Z,loitering,1
c99d81e4e-e27b-265b-f691-84d65af1877c,373128993,12899-3-96%,29.4117,122.854,35.896,41.027301,61.0,63.0,2023-12-27T11:37:16.000Z,2024-01-01T13:33:18.000Z,loitering,1
e163a65b1-19a4-60f7-ae62-ff244e105f19,209,JIN SHENG NO2-09-60%,9.0787,-33.6962,1183.076375,1197.919375,1155.0,1169.0,2023-12-27T11:38:39.000Z,2024-01-02T00:10:23.000Z,loitering,1
f60ee00b1-1753-6f8f-1dbd-89331e8d6ae8,34850001,SUQIYU03485-01_7.9V,32.4473,123.3519,138.91175,139.458656,155.0,156.0,2023-12-27T11:39:25.000Z,2024-01-01T12:11:28.000Z,loitering,1
56c2843da-a673-320a-862f-49ed85e37d5d,202333204,02333-204-99%,33.8066,123.7749,128.27998399999998,127.377727,124.0,124.0,2023-12-27T11:42:41.000Z,2024-01-02T02:15:24.000Z,loitering,1
a1e4e7c48-8f16-37d9-f7dc-159f5fbf05ad,331222513,LIN12225-13-99%,29.3663,122.8964,38.835719,52.186969,64.0,71.0,2023-12-27T11:44:34.000Z,2024-01-01T13:34:56.000Z,loitering,1
607867c6e-eeb0-ceca-9fc0-6d3e0ab85d0c,100000129,08755-68-42%,30.2993,124.6164,151.53503099999998,145.756047,165.0,161.0,2023-12-27T11:46:28.000Z,2024-01-01T19:25:47.000Z,loitering,1
6d57dd496-64d7-dcbe-5725-8d82050ba7b7,516122252,LIN12225-2-99%,29.3905,122.9008,38.835719,48.25834,64.0,71.0,2023-12-27T11:46:29.000Z,2024-01-01T09:14:37.000Z,loitering,1
e81b4dd3b-ba88-fbe7-53a7-ac131b0b6158,994008815,994008815         9V,8.7616,-28.6282,816.669688,817.9429379999999,792.0,793.0,2023-12-27T11:47:34.000Z,2024-01-03T07:07:40.000Z,loitering,1
0d841b7e9-987f-0dc7-0bbb-01de5e4624b9,60427811,,30.7584,124.464,140.603781,110.896844,166.0,135.0,2023-12-27T11:50:48.000Z,2024-01-01T03:05:37.000Z,loitering,1
df976b5bf-f790-883e-1f01-48916d0e24a7,578122256,LIN12225-6-93%,29.3778,122.9017,38.265449000000004,50.021440999999996,63.0,71.0,2023-12-27T11:51:59.000Z,2024-01-03T12:17:15.000Z,loitering,1
d5389153e-edc3-8960-eea1-2142ba732590,994127041,994127041         9V,-6.1117,-20.9929,766.608562,737.73825,767.0,738.0,2023-12-27T11:52:10.000Z,2024-01-05T18:00:05.000Z,loitering,1
b1e57385e-e8f5-4a74-87c5-9ba7591d9b24,412817186,,22.0021,115.9778,80.701469,87.881688,81.0,87.0,2023-12-27T11:52:21.000Z,2024-01-02T04:50:19.000Z,loitering,1
ac97ad971-17ad-d9ee-9940-94d02173fd62,632262034,C32262-34--92%,27.3536,123.2682,163.555734,170.059469,169.0,152.0,2023-12-27T11:55:52.000Z,2024-01-02T18:19:10.000Z,loitering,1
3f0e1a71b-bbb0-fbd8-3e85-532a43deb810,441192000,CRYSTAL OCEAN,34.1899,128.2807,34.752832000000005,33.768156000000005,41.0,42.0,2023-12-27T11:58:14.000Z,2024-01-16T02:58:49.000Z,loitering,1
31d077c02-2d2f-5105-ac2b-86feddbf0c98,419393000,SAMUDRA PRABHA,19.5541,71.2688,2.372472,2.372472,132.0,132.0,2023-12-27T11:58:20.000Z,2024-01-03T10:59:43.000Z,loitering,1
62e97dfbe-e8e9-b312-243d-a394c85927b8,542122257,LIN12225-7-99%,29.3848,122.8857,38.265449000000004,47.419098,63.0,68.0,2023-12-27T12:01:00.000Z,2024-01-01T17:54:23.000Z,loitering,1
bdc905e6c-c36a-94f7-11c5-dcaeab92000f,804490036,SUQIYU04498-36-84%,32.561,123.1892,130.873156,133.250484,145.0,149.0,2023-12-27T12:05:56.000Z,2024-01-10T07:33:03.000Z,loitering,1
bff2e5f75-53eb-31df-2650-f11df3af24bf,712122255,LIN12225-5-99%,29.37,122.9146,40.306172,51.492543,65.0,73.0,2023-12-27T12:08:55.000Z,2024-01-03T11:57:58.000Z,loitering,1
21dd861f8-8745-3366-a4d3-5c9b4412495b,203236823,32368-23-99%,27.0061,123.2007,166.211766,178.05509400000003,139.0,116.0,2023-12-27T12:10:00.000Z,2024-01-01T21:50:27.000Z,loitering,1
142edb68b-b9a5-10db-bb2e-843ea91e8a3e,420010022,,30.7298,123.6308,45.87907,45.87907,74.0,74.0,2023-12-27T12:10:25.000Z,2024-01-02T05:10:25.000Z,loitering,1
13e0b4c33-33a8-bc5d-b903-4759f087a351,100588005,NET88005--5--93%,29.3741,122.8758,27.331467,62.684788999999995,54.0,69.0,2023-12-27T12:12:14.000Z,2024-01-04T11:49:34.000Z,loitering,1
7e3d46a88-8e09-e52c-4f93-1fc55da6fda9,44130023,SUQIYU04413*023_8.0V,32.6041,123.1174,127.649789,127.649789,144.0,144.0,2023-12-27T12:16:18.000Z,2024-01-01T10:33:03.000Z,loitering,1
4d54e56aa-aa30-1aa9-403f-ef1929f1bda1,80445107,SUQIYU0445107,32.5925,123.1162,126.345109,127.204508,142.0,143.0,2023-12-27T12:17:14.000Z,2024-01-01T10:16:49.000Z,loitering,1
e900cec77-7875-4903-8294-6dd457e286f0,44130011,SUQIYU04413*011_7.8V,32.6014,123.1166,127.649789,127.649789,144.0,144.0,2023-12-27T12:17:29.000Z,2024-01-08T02:00:38.000Z,loitering,1
f51ed99b2-275a-8551-be8e-a73737501822,44130004,SUQIYU04413*004_7.9V,32.5735,123.1176,126.33860899999999,126.33860899999999,142.0,142.0,2023-12-27T12:17:43.000Z,2024-01-01T10:47:20.000Z,loitering,1
f30f64723-3f71-9701-2e73-2dba7660d743,10010163,,30.4788,124.2924,122.11282000000001,103.901625,138.0,124.0,2023-12-27T12:18:04.000Z,2024-01-04T04:51:33.000Z,loitering,1
0f3166f17-7a06-4f02-fead-efbf479981ee,44130010,SUQIYU04413*010_7.8V,32.5873,123.1186,127.204508,127.204508,143.0,143.0,2023-12-27T12:18:25.000Z,2024-01-01T10:51:05.000Z,loitering,1
99f0c19ab-ba6d-a888-8705-6f3c9907c539,420010021,42001-2185%,30.7242,123.6365,46.839746,45.87907,74.0,74.0,2023-12-27T12:19:59.000Z,2024-01-02T05:08:52.000Z,loitering,1
d9711ca72-2631-3176-d1f3-ed441b7e1cf9,44130005,SUQIYU04413*005_7.8V,32.5506,123.117,124.63463300000001,125.506133,140.0,141.0,2023-12-27T12:21:02.000Z,2024-01-01T10:36:27.000Z,loitering,1
1528f868f-f7bb-0eb3-c269-d8d2e844b511,994230546,994230546         9V,-3.8244,60.9317,575.221625,563.23675,565.0,555.0,2023-12-27T12:22:37.000Z,2024-01-02T01:30:37.000Z,loitering,1
038718fb4-45ff-9f29-4977-f7a5910ff9ee,223201349,SUQIYU04868-167-81%,32.6122,123.1174,128.103164,128.103164,144.0,144.0,2023-12-27T12:23:48.000Z,2024-01-01T10:14:04.000Z,loitering,1
c42b1fe3c-c318-fb36-cb70-fd63e8bd8f69,614980062,TIELONG61498-62  90%,24.8132,119.8706,45.426227,54.512964999999994,48.0,43.0,2023-12-27T12:24:07.000Z,2024-01-04T19:57:53.000Z,loitering,1
d78a30fef-f5b3-4f8f-9dbd-1f0b3f676e0a,222501229,SANDEMARINE-91%,-6.9037,137.6606,87.07493,125.328711,54.0,121.0,2023-12-27T12:24:39.000Z,2024-01-02T19:39:26.000Z,loitering,1
91d2aa672-2c37-a2a8-0dae-62726e02f24f,123024334,AIS BUOY DEDI56%,-9.5685,138.0123,215.762953,193.491672,140.0,118.0,2023-12-27T12:26:14.000Z,2024-01-01T18:47:38.000Z,loitering,1
7089b17c8-8c92-fd27-b5c8-99adcbc0fd1a,614980051,TIELONG61498-51  90%,24.814,120.2784,46.509797,30.309013999999998,49.0,19.0,2023-12-27T12:26:38.000Z,2024-01-19T09:21:59.000Z,loitering,1
ca8b38fc7-7fd5-1a29-16b4-86bc147f1c26,168805314,BUOY-17  100%,-1.46,-18.5785,823.521875,884.177625,820.0,881.0,2023-12-27T12:27:32.000Z,2024-01-02T10:22:47.000Z,loitering,1
7b88182ac-ca50-9193-b8fb-b2c656a5db12,994230559,994230559         9V,8.7582,-28.6949,820.8721879999999,823.059938,796.0,798.0,2023-12-27T12:28:12.000Z,2024-01-03T07:46:34.000Z,loitering,1
cb7d4a5be-e981-8535-daf3-94c37109d3ff,412912685,SURUYU09166-85-52%,32.612,123.1529,129.361281,132.89796900000002,145.0,149.0,2023-12-27T12:30:00.000Z,2024-01-10T07:20:44.000Z,loitering,1
6fd83ff7e-e302-d1a1-9faa-71a964b77ed7,400111223,32188---23-99%,27.5233,123.6166,196.393359,190.45676600000002,175.0,179.0,2023-12-27T12:30:28.000Z,2024-01-02T16:01:01.000Z,loitering,1
a02d27598-8629-06f7-7535-430219518956,99900002,SUSHEYU00999-2_7.8V,33.9926,123.0319,192.56390599999997,191.918125,188.0,191.0,2023-12-27T12:30:38.000Z,2024-01-02T05:12:19.000Z,loitering,1
1ea800f64-4e89-6ef8-5739-67c86f39c2e6,994230349,994230349         9V,8.7747,-28.7479,823.588438,822.688312,799.0,798.0,2023-12-27T12:31:13.000Z,2024-01-02T10:35:04.000Z,loitering,1
5fb646721-13c6-4223-a404-fc3621a3100c,130010002,13001=280%,20.7639,108.881,29.577244,8.947873,61.0,14.0,2023-12-27T12:31:27.000Z,2024-01-01T19:18:38.000Z,loitering,1
e7070479c-cc0e-3320-10e0-48fd02155274,232199818,ZHELINYU21998-18-,31.4553,122.5808,8.660153000000001,7.671829,65.0,63.0,2023-12-27T12:31:33.000Z,2024-01-09T16:57:11.000Z,loitering,1
0c62b6900-021e-dafb-a03f-565217dfa693,615580071,TIELONG61558-71  90%,24.8676,119.9482,53.217691,40.613098,54.0,44.0,2023-12-27T12:32:36.000Z,2024-01-08T21:11:24.000Z,loitering,1
8a0114e74-4f70-c108-3bd7-a28abf1b1589,124498021,SUQIYU04498-21-45%,32.596,123.1904,131.632812,135.45090599999997,146.0,151.0,2023-12-27T12:33:08.000Z,2024-01-10T07:13:00.000Z,loitering,1
13478b893-3e94-0f19-8f85-c672d7677dda,203236821,32368-21-99%,27.0221,123.2028,165.48270300000001,177.565391,141.0,117.0,2023-12-27T12:33:18.000Z,2024-01-01T21:46:53.000Z,loitering,1
d4546b8ec-ce82-ff2a-5151-f513995874ae,143236817,32368-17-99%,27.0828,123.2112,165.48270300000001,173.05975,141.0,129.0,2023-12-27T12:35:13.000Z,2024-01-02T12:57:02.000Z,loitering,1
e0cfcdc18-808b-01ed-9881-e9aa1ee66c89,143236816,32368-16-99%,27.0799,123.2108,165.48270300000001,173.476781,141.0,128.0,2023-12-27T12:35:18.000Z,2024-01-02T12:51:10.000Z,loitering,1
2cbcc769b-bd5a-612d-9681-23c7f9440141,608970084,08768-84-93%,33.104,124.3889,125.930414,125.930414,125.0,125.0,2023-12-27T12:35:47.000Z,2024-01-01T03:27:05.000Z,loitering,1
022eb2da3-3e5f-578a-99de-52698ea29007,44130055,SUQIYU04413#55_7.8V,32.6289,123.1178,129.033891,129.033891,145.0,145.0,2023-12-27T12:39:07.000Z,2024-01-03T20:20:57.000Z,loitering,1
23fbca393-3027-4b58-9559-c8eff25673c8,113218825,32188-25-85%,27.4677,123.6449,196.393359,202.405203,175.0,165.0,2023-12-27T12:39:46.000Z,2024-01-02T06:44:44.000Z,loitering,1
c180596ed-d96a-34b8-051f-3c3207767d3f,9128875,LUCKY 19,15.283,95.5633,167.731344,168.256609,51.0,52.0,2023-12-27T12:40:43.000Z,2024-01-02T04:31:42.000Z,loitering,1
991988ad0-0ab7-d543-5aaa-d83474fa650e,100106650,32188---24-72%,27.5267,123.6176,196.393359,190.45676600000002,175.0,179.0,2023-12-27T12:40:49.000Z,2024-01-02T16:00:12.000Z,loitering,1
04c68dd5b-b73f-bf1f-3b47-cd803a7f5a29,123236824,32368-24-99%,27.0272,123.2035,165.12817199999998,177.565391,142.0,117.0,2023-12-27T12:41:14.000Z,2024-01-01T21:45:53.000Z,loitering,1
80f523ba2-2ffd-6db2-3ba8-abc3aed9e545,103218821,32188-21-76%,27.5261,123.6175,196.393359,190.45676600000002,175.0,179.0,2023-12-27T12:41:43.000Z,2024-01-02T15:57:21.000Z,loitering,1
06680337a-a713-c0d9-7f63-71fd4843f74b,153236815,32368-15-99%,27.0847,123.2119,165.12817199999998,173.05975,142.0,129.0,2023-12-27T12:43:35.000Z,2024-01-02T12:52:42.000Z,loitering,1
64460de8e-ee93-a791-39dc-230c4c8c2d05,200761804,09618-4          78%,33.9849,123.0562,192.584906,190.302031,188.0,186.0,2023-12-27T12:48:00.000Z,2024-01-02T04:58:06.000Z,loitering,1
ce8071421-13db-a8cf-abe1-fccdf6e5a0f7,124498035,SUQIYU04498-35-90%,32.5951,123.1889,133.250484,133.674969,149.0,149.0,2023-12-27T12:48:05.000Z,2024-01-08T01:52:39.000Z,loitering,1
c6bb2250a-ab50-8831-d3c3-a9f7c5706c00,10449820,SUQIYU04498-20_7.6V,32.5265,123.1892,129.796781,131.632812,144.0,146.0,2023-12-27T12:48:56.000Z,2024-01-10T07:45:29.000Z,loitering,1
2bd263622-210e-1ca1-955e-5f01b368bb96,888220913,YUEWUYU88888-13-90%,33.1887,124.2802,123.850523,123.850523,123.0,123.0,2023-12-27T12:49:31.000Z,2024-01-01T01:05:49.000Z,loitering,1
cfd9d9cf7-70ff-e5cf-f063-895c883f57de,10485035,SUQIYU04850*35-84%,32.5817,123.1533,129.361281,130.227969,145.0,146.0,2023-12-27T12:50:07.000Z,2024-01-01T10:47:52.000Z,loitering,1
7297ecb80-0f52-9254-58fa-fa91bb782f19,980446818,SUQIYU04468-18_8.1V,32.5738,123.1529,128.941375,129.810977,144.0,145.0,2023-12-27T12:51:10.000Z,2024-01-01T10:56:19.000Z,loitering,1
e3ff52c46-69a7-7462-9a24-7112743071c9,412031877,61877-03-78%,24.8302,119.8208,44.759895,45.924141000000006,37.0,41.0,2023-12-27T12:52:18.000Z,2024-01-17T08:04:18.000Z,loitering,1
dbf1fbf9f-f567-3362-67a9-3c0f1702833d,211580020,ZHEYUYU21158-20_93%,27.0056,123.1767,164.183469,175.29575,138.0,119.0,2023-12-27T12:52:33.000Z,2024-01-01T21:54:32.000Z,loitering,1
28ae45ef2-28d5-679d-96b4-0cbd5dac0977,143236826,32368-26-99%,27.0334,123.2047,164.780406,177.081281,143.0,118.0,2023-12-27T12:53:06.000Z,2024-01-01T21:46:42.000Z,loitering,1
593fb053d-d200-0fcd-02c8-3e2271c9289b,203236825,32368-25-99%,27.0825,123.1985,164.780406,171.158516,143.0,128.0,2023-12-27T12:53:24.000Z,2024-01-01T04:43:15.000Z,loitering,1
e8c8f4463-3096-b55b-02d1-728477b744e2,921318029,LIN21318-29-82%,31.441,122.5395,3.612167,3.612167,63.0,63.0,2023-12-27T12:53:28.000Z,2024-01-03T16:04:07.000Z,loitering,1
3833be08c-cf05-913b-bf04-aa7ebaa63b9b,591100649,HAIXING817-1 88%,-21.8114,-118.1362,1066.881625,1053.928875,742.0,758.0,2023-12-27T12:54:06.000Z,2024-01-01T11:52:54.000Z,loitering,1
9415a9a69-9889-ec5b-3be5-8e9143bad201,153236822,32368-22-99%,27.0276,123.2051,164.780406,178.05509400000003,143.0,116.0,2023-12-27T12:54:19.000Z,2024-01-01T21:51:00.000Z,loitering,1
447f955af-fa53-1dcf-ba6f-e37a1a452138,221501988,SUQIYU04868-183-48%,32.643,123.1169,128.667539,129.511062,145.0,146.0,2023-12-27T12:54:59.000Z,2024-01-10T07:01:28.000Z,loitering,1
082a11dfb-bb73-6d7d-b350-1ac1cd8ea1f3,44680048,SUQIYU04468*48_7.8V,32.6503,123.1522,132.524734,132.524734,149.0,149.0,2023-12-27T12:56:23.000Z,2024-01-08T02:27:39.000Z,loitering,1
c8aee7b34-407a-a6e1-54fd-3e0f2a2c4cbd,44130025,SUQIYU04413*025_7.7V,32.6395,123.1177,129.511062,129.511062,146.0,146.0,2023-12-27T12:56:29.000Z,2024-01-01T10:51:03.000Z,loitering,1
201e97ef0-0357-8348-533a-d29b3ef91a6b,223801071,MINXIAYU09793-39-99%,29.7048,123.0504,43.820598,35.795801,60.0,49.0,2023-12-27T12:57:43.000Z,2024-01-04T12:45:09.000Z,loitering,1
31c501878-8704-6d9f-4d97-adbb24db9b90,103218820,32188-20-79%,27.5347,123.6176,195.293781,190.45676600000002,177.0,179.0,2023-12-27T12:58:34.000Z,2024-01-02T16:20:04.000Z,loitering,1
a7a85951f-fc33-3dae-39f7-ebc2d94d579e,924213309,ZHEDAIYU04236-7-92%,29.7058,123.0342,37.499781000000006,40.855301,45.0,62.0,2023-12-27T12:58:53.000Z,2024-01-04T07:57:59.000Z,loitering,1
919006e03-361e-3f56-0ffd-0fd114fdb01e,489681,SUQIYU04896-81,29.7459,122.9745,28.128047,36.766867,41.0,54.0,2023-12-27T12:59:15.000Z,2024-01-01T11:26:48.000Z,loitering,1
055dda9cf-f6ba-3639-2cef-c406279c0cc7,168804673,BUOY-15  100%,-1.3269,-18.8124,830.58975,931.438812,827.0,928.0,2023-12-27T12:59:59.000Z,2024-01-05T20:53:12.000Z,loitering,1
e454eb231-1017-b016-f5e1-c27f171b1838,100017100,MINXIAYU09793-21-72%,29.647,123.0953,44.652258,44.876684000000004,59.0,65.0,2023-12-27T13:00:45.000Z,2024-01-04T07:57:58.000Z,loitering,1
2312f6322-2cd7-e819-5da7-61284c2f84ff,10320751,,32.3908,125.1632,136.720719,136.02570300000002,135.0,134.0,2023-12-27T13:01:04.000Z,2024-01-01T18:47:53.000Z,loitering,1
ed0c1bee9-9425-f877-5d53-58ddfe6df8a3,60979329,,29.648,123.0789,44.652258,42.074715,59.0,63.0,2023-12-27T13:01:05.000Z,2024-01-04T11:53:14.000Z,loitering,1
842ddbfb8-8c08-f0b7-1b47-3e9ac96d3133,804498044,SUQIYU04498*044_8.1V,32.5815,123.1888,132.833953,132.833953,148.0,148.0,2023-12-27T13:02:11.000Z,2024-01-01T10:17:42.000Z,loitering,1
3a9b181b7-76c7-747f-20e0-5c5d336603f8,100469304,ZHEDAIYU04686-14-99%,29.7277,122.9856,29.056922,39.210555,41.0,58.0,2023-12-27T13:02:14.000Z,2024-01-04T10:54:47.000Z,loitering,1
fdf7f3dd9-9f7f-3e55-8a4e-f68e4b47ae15,221007957,ZHEDAIYU15321,28.6497,123.0816,75.02780499999999,100.818195,75.0,102.0,2023-12-27T13:02:44.000Z,2024-01-02T14:00:36.000Z,loitering,1
5d99acf1b-b5ae-3c42-22af-edc53a961135,60213310,,30.1063,124.7822,160.700125,181.131609,170.0,197.0,2023-12-27T13:04:21.000Z,2024-01-01T14:22:28.000Z,loitering,1
b22e3cc59-938b-b6ae-1d83-8aee50cde250,109793030,,29.6583,123.0797,45.516199,40.855301,59.0,62.0,2023-12-27T13:04:24.000Z,2024-01-04T11:58:41.000Z,loitering,1
1e5485fbd-da72-679f-8eab-a581de5aeae2,25046865,ZHEDAIYU04686-05_7.8,29.7091,123.0068,30.294369,43.007281000000006,40.0,64.0,2023-12-27T13:04:50.000Z,2024-01-04T07:55:38.000Z,loitering,1
d6f930bd8-8b8c-1b27-2b64-87ce9c1c9ac6,100000419,ZHEDAIYU04686-30,29.7102,123.0055,30.294369,43.007281000000006,40.0,64.0,2023-12-27T13:05:04.000Z,2024-01-04T08:09:02.000Z,loitering,1
3ea8e493a-a826-08d6-bf3c-d18a62b122eb,211580016,ZHEYUYU21158-16_88%,27.055,123.1795,163.79620300000002,171.158516,139.0,128.0,2023-12-27T13:05:52.000Z,2024-01-01T09:28:38.000Z,loitering,1
4a5d416a2-2b41-80f5-c799-ad1bb9295576,44130022,SUQIYU04413*022_7.9V,32.6639,123.1163,129.651625,130.488602,146.0,147.0,2023-12-27T13:05:57.000Z,2024-01-01T09:49:33.000Z,loitering,1
8de137881-128e-e2f6-d256-b76c07142296,44980019,SUQIYU04498*19_8.0V,32.5315,123.1893,129.455109,132.425453,143.0,148.0,2023-12-27T13:06:17.000Z,2024-01-10T07:35:34.000Z,loitering,1
c14660638-8057-0440-d681-ffed8530540a,44130013,SUQIYU04413*013_8.1V,32.6816,123.1175,131.496484,131.496484,148.0,148.0,2023-12-27T13:07:13.000Z,2024-01-01T10:41:45.000Z,loitering,1
99eb58dc2-28e2-0e30-703c-b671ba92d7e5,77000017,JIN FENG2-17-99%,10.0167,-34.8374,1240.7435,1250.84975,1212.0,1222.0,2023-12-27T13:07:27.000Z,2024-01-01T21:23:08.000Z,loitering,1
e0d0272f7-7faf-5f8b-7c04-99cb4c196b91,622446811,SUQIYU04468*11_7.8V,32.6026,123.1522,130.225508,130.225508,146.0,146.0,2023-12-27T13:08:25.000Z,2024-01-08T02:03:20.000Z,loitering,1
2a92561db-b8ee-ec0a-7cd4-40c963971b00,46860026,,29.7107,123.0123,32.144852,43.007281000000006,41.0,64.0,2023-12-27T13:08:41.000Z,2024-01-04T08:02:49.000Z,loitering,1
4a0914c60-04fe-b1c8-205b-d86d2aef23e4,123468641,ZHEDAIYU04686-41-66%,29.7489,122.9867,31.218398,36.766867,41.0,54.0,2023-12-27T13:09:18.000Z,2024-01-01T11:34:00.000Z,loitering,1
bf71e9191-1c4c-e247-1a7a-00fe7089a61b,412187141,TIELONG61871-41-88%,27.0279,121.7594,65.09053899999999,65.568633,79.0,81.0,2023-12-27T13:09:47.000Z,2024-01-03T21:44:58.000Z,loitering,1
b3625e5e5-5fb4-70d3-71c5-2230a4cfb5f3,100000407,ZHEDAIYU04686-28,29.733,122.9985,32.144852,38.079012000000006,41.0,57.0,2023-12-27T13:10:31.000Z,2024-01-04T10:56:18.000Z,loitering,1
286a55a0a-a7bb-7a2f-fee7-7da88798fff2,123468643,ZHEDAIYU04686-43-81%,29.7099,123.0212,32.144852,44.876684000000004,41.0,65.0,2023-12-27T13:10:54.000Z,2024-01-03T22:50:43.000Z,loitering,1
167b863db-bd26-f1e8-38e8-dae7b5524bf3,98354152,AIS NET MARK    (99),7.2893,-29.2152,997.623812,983.33825,973.0,958.0,2023-12-27T13:11:36.000Z,2024-01-01T23:54:09.000Z,loitering,1
1000db984-456d-8cde-87f2-d5f5773cc96b,651020005,LIAOHEYU65102-05-99%,36.7823,123.9121,78.634219,148.412719,83.0,115.0,2023-12-27T13:12:12.000Z,2024-01-08T21:34:41.000Z,loitering,1
ff1e5822f-fb85-771f-9c19-43bb17e9e30c,42940025,ZHEDAIYU04294-25-65%,29.7442,123.0469,35.234754,44.652258,41.0,59.0,2023-12-27T13:12:15.000Z,2024-01-01T20:51:12.000Z,loitering,1
ca43ea053-34d3-09ef-2622-3402c00364e2,109793045,,29.667,123.1193,48.299258,45.554074,59.0,64.0,2023-12-27T13:14:32.000Z,2024-01-02T11:54:20.000Z,loitering,1
9a881722f-f04b-d173-425d-bed284364695,223801009,MINXIAYU09793-40-74%,29.662,123.1016,48.299258,42.074715,59.0,63.0,2023-12-27T13:14:39.000Z,2024-01-04T10:58:15.000Z,loitering,1
6510e3869-90b7-5e04-db0f-f8d05b2eb909,10979323,,29.7059,123.0759,48.299258,35.802906,59.0,53.0,2023-12-27T13:15:11.000Z,2024-01-01T11:52:41.000Z,loitering,1
a4eb5d42d-df6d-7499-6145-890ddc0706c7,48090014,,30.0734,124.758,157.6375,182.320016,166.0,196.0,2023-12-27T13:15:35.000Z,2024-01-01T05:46:43.000Z,loitering,1
c97ca9063-31d1-6000-286f-935017cad640,964172716,IMULA 0757CHW NET 11,-3.3514,66.3173,753.1761879999999,852.017812,591.0,685.0,2023-12-27T13:17:06.000Z,2024-01-02T10:23:23.000Z,loitering,1
61037fbf1-1b31-2e21-cb5c-d4b08c005444,622449855,SUQIYU04498*55_7.8V,32.5534,123.1902,130.147062,133.674969,144.0,149.0,2023-12-27T13:17:37.000Z,2024-01-10T07:35:59.000Z,loitering,1
3cf54874f-f159-e403-3ce9-a0f7b167ab4b,422010395,ALYASIN_2,4.8396,58.9932,1110.465875,1046.8905,957.0,996.0,2023-12-27T13:18:13.000Z,2024-01-01T23:53:27.000Z,loitering,1
d73f8dc28-8c8f-88d3-bf16-72e52fac8ad2,44138042,SUQIYU04413*42_7.7V,32.6671,123.1176,130.988797,130.988797,148.0,148.0,2023-12-27T13:19:27.000Z,2024-01-10T07:22:47.000Z,loitering,1
611ab98d0-0998-dfa9-3296-10c9e9046c50,519980093,LURONGYU51998-93-99%,36.9937,123.3158,68.123039,58.008691,71.0,61.0,2023-12-27T13:20:51.000Z,2024-01-21T04:56:53.000Z,loitering,1
185e0e614-48ac-b6d7-41f2-27810e03c669,42910034,,30.1116,124.7796,161.445312,180.8145,169.0,196.0,2023-12-27T13:21:41.000Z,2024-01-02T10:30:17.000Z,loitering,1
e7c72a419-94e1-a50e-318d-9ba87360c5cb,60213306,,30.0781,124.8058,161.621203,186.346906,171.0,202.0,2023-12-27T13:24:31.000Z,2024-01-02T09:53:31.000Z,loitering,1
8126377be-ee32-22e1-8340-dc647881be31,42270001,MINHUIYU04227-01-44%,29.7119,123.0622,43.455652,37.730917999999996,55.0,54.0,2023-12-27T13:24:54.000Z,2024-01-01T11:22:41.000Z,loitering,1
6f00b3405-51f1-bc3f-8d19-f5c71d50c07c,42270026,,29.6756,123.0744,43.455652,41.792652000000004,55.0,62.0,2023-12-27T13:24:56.000Z,2024-01-04T09:16:01.000Z,loitering,1
14f12a4dd-d14d-be43-006b-484ee8f53402,131698833,16988-33-65%,27.5652,123.8563,212.097125,212.46332800000002,182.0,183.0,2023-12-27T13:25:03.000Z,2024-01-01T08:55:27.000Z,loitering,1
b88b5c2d0-0900-803c-871f-a341667341c0,804498059,SUQIYU04498*059_8.0V,32.633,123.19,134.995375,134.995375,151.0,151.0,2023-12-27T13:25:43.000Z,2024-01-08T02:48:04.000Z,loitering,1
8f25d098e-e478-4101-bc0b-15404e46ab33,42270013,,29.7117,123.065,43.455652,38.695062,55.0,54.0,2023-12-27T13:26:21.000Z,2024-01-01T11:25:31.000Z,loitering,1
51a27f3bb-b617-ac93-824e-c778af872544,96024958,21828-10-99%,27.7694,122.9471,131.0365,114.31816400000001,131.0,123.0,2023-12-27T13:28:32.000Z,2024-01-02T07:45:47.000Z,loitering,1
16397bc6d-d944-5cca-7549-783283b53904,651020080,LIAOYU65102-80-99%,37.0401,123.5331,79.07707,78.24346899999999,84.0,83.0,2023-12-27T13:29:46.000Z,2024-01-14T22:22:02.000Z,loitering,1
cc7a82d4d-d506-102f-4e6b-d11582c1653f,912449813,SUQIYU04498-13_7.2V,32.6209,123.1893,134.5475,134.5475,150.0,150.0,2023-12-27T13:30:17.000Z,2024-01-03T20:14:34.000Z,loitering,1
4b64e4c40-0f55-ab65-f0b5-7e07ab6055f7,566834000,MMA PRIDE,9.11,101.3417,162.981062,161.932406,101.0,100.0,2023-12-27T13:30:19.000Z,2024-01-08T01:00:43.000Z,loitering,1
d18341d65-582e-ba6a-81e4-f2f0a2420976,26468631,ZHEDAIYU04686-19,29.7248,123.0609,38.020137000000005,45.320612999999994,43.0,63.0,2023-12-27T13:32:45.000Z,2024-01-01T20:50:51.000Z,loitering,1
c24201177-7cb3-9602-0c60-73e4eb724310,622449824,SUQIYU04498*24_7.6V,32.5471,123.189,131.632812,131.632812,146.0,146.0,2023-12-27T13:33:52.000Z,2024-01-08T01:35:23.000Z,loitering,1
37987d053-310f-3eb0-2177-d98d92cc4c36,412440806,FU YUAN YU 8592,14.1455,65.7186,726.711375,775.796,750.0,761.0,2023-12-27T13:34:42.000Z,2024-01-01T00:56:42.000Z,loitering,1
ccff7d636-6fbb-c66e-e391-2abca64eb5b5,44138047,SUQIYU04413*47_7.7V,32.6724,123.118,130.988797,130.988797,148.0,148.0,2023-12-27T13:34:50.000Z,2024-01-01T09:54:49.000Z,loitering,1
e546b2fa7-71ba-b274-1b9d-8c87b42c8a03,553210009,LURONGYU55321-09-99%,36.9652,123.5263,79.657078,82.06293799999999,83.0,86.0,2023-12-27T13:35:47.000Z,2024-01-17T08:42:37.000Z,loitering,1
36816e2a3-3654-9e43-403e-def1de35b1de,60786612,,29.7896,122.9889,33.994758000000004,35.880277,39.0,48.0,2023-12-27T13:36:13.000Z,2024-01-01T11:20:38.000Z,loitering,1
7fa68befa-aa4f-3426-cd6b-377f855da89c,900233221,ZHEPUYU33221,29.5673,123.0279,41.459914,40.988352,64.0,68.0,2023-12-27T13:36:26.000Z,2024-01-04T11:56:52.000Z,loitering,1
15feff90b-b719-e45b-054a-bb06ee044f78,651020075,LIAOYU65102-75-99%,37.0581,123.5358,78.345195,77.503945,83.0,83.0,2023-12-27T13:36:28.000Z,2024-01-04T00:50:00.000Z,loitering,1
82ad90a18-8f85-3f6a-8e14-fc461452be07,44980022,SUQIYU04498*22_8.0V,32.5795,123.19,130.873156,134.995375,145.0,151.0,2023-12-27T13:37:24.000Z,2024-01-10T07:13:31.000Z,loitering,1
ebdf1868a-a26c-ab65-9e88-ba2a7730d69a,58220161,NET-ZSY05822-161-99%,29.7899,122.9877,33.994758000000004,35.880277,39.0,48.0,2023-12-27T13:38:18.000Z,2024-01-01T11:46:41.000Z,loitering,1
ff461912f-fdbe-d65e-07bf-51f47b50ef71,651020071,LIAOYU65102-71-99%,37.0542,123.5433,79.187414,78.704133,84.0,84.0,2023-12-27T13:40:23.000Z,2024-01-14T17:09:21.000Z,loitering,1
bdb67c3a3-3524-b126-6d5e-4b540e201184,60786616,,29.7901,122.9876,33.994758000000004,35.880277,39.0,48.0,2023-12-27T13:40:37.000Z,2024-01-01T11:44:46.000Z,loitering,1
368a1d0ba-aa29-e3f8-576b-bd4970541351,96422742,ZHEDAIYU04227-4251%,29.7307,123.0891,47.428758,39.610516000000004,54.0,54.0,2023-12-27T13:41:12.000Z,2024-01-01T00:51:09.000Z,loitering,1
c12b8b7d9-98e0-0696-f1a8-a6cbb00ed989,419731640,XXX BUOY 3_99%,11.3006,74.3626,91.40871899999999,91.40871899999999,90.0,90.0,2023-12-27T13:41:55.000Z,2024-01-02T15:11:25.000Z,loitering,1
1d4dfc552-2b01-aaa6-e3ba-f41780a22f75,689130062,TIELONG68913-62  90%,24.7532,119.7837,53.879055,51.397297,44.0,37.0,2023-12-27T13:43:06.000Z,2024-01-02T19:51:36.000Z,loitering,1
ed7a013cb-b86c-19e6-194d-ba9ae29b3137,273352370,POLAR KING,74.0116,67.8585,301.71025,333.195781,79.0,114.0,2023-12-27T13:43:07.000Z,2024-01-02T12:53:23.000Z,loitering,1
9fe08eb1c-ca61-ab56-3b41-9fc1b7be2a1d,168805714,BUOY-02  100%,-3.2088,62.1593,678.258938,749.3671879999999,670.0,743.0,2023-12-27T13:43:15.000Z,2024-01-02T05:44:45.000Z,loitering,1
5846d79b2-2451-e2b7-a8a4-21a28ea0594f,201118001,11180-1-94%,27.4859,123.3952,170.074906,179.390812,170.0,162.0,2023-12-27T13:45:01.000Z,2024-01-02T02:42:18.000Z,loitering,1
89eabc056-6465-6fa9-e069-c06c47b936bd,689130056,TIELONG68913-56  90%,24.6956,119.8025,54.820137,64.32489100000001,40.0,52.0,2023-12-27T13:45:31.000Z,2024-01-27T06:49:45.000Z,loitering,1
1218b87c7-788c-6209-a400-02519b4abf72,101118003,11180-3-96%,27.4343,123.3777,170.074906,178.73029699999998,170.0,150.0,2023-12-27T13:45:47.000Z,2024-01-01T02:58:17.000Z,loitering,1
127edb2b5-5ca8-20fc-7efc-b33d07fcadcf,60635503,,30.2003,124.7615,155.23315599999998,179.029281,163.0,197.0,2023-12-27T13:46:44.000Z,2024-01-05T11:49:05.000Z,loitering,1
39ef4793e-e887-8494-05b9-0e7e308f577e,651020073,LIAOYU65102-73-99%,37.1158,123.5962,77.670109,85.170617,83.0,89.0,2023-12-27T13:47:26.000Z,2024-01-14T00:54:57.000Z,loitering,1
21853e4d5-5ce9-a8bc-3530-75d3189aa6d3,63550072,,30.1314,124.7381,155.23315599999998,178.390266,163.0,193.0,2023-12-27T13:49:41.000Z,2024-01-02T13:48:17.000Z,loitering,1
84ea9bdcb-b77e-4267-e339-420cc9c4d484,636011617,GAS CAPRICORN,25.0215,-91.1565,186.973266,94.521,249.0,373.0,2023-12-27T13:52:51.000Z,2024-01-04T23:50:35.000Z,loitering,1
7f8c69476-67d4-6b88-3f8b-39a50db977e4,417515385,AIS BUOY-5385  11.4V,-9.0799,52.5181,498.958531,501.86746899999997,158.0,170.0,2023-12-27T13:53:58.000Z,2024-01-01T00:21:34.000Z,loitering,1
30a4f27b5-538e-81c8-317a-4da7e6dad434,900052006,09520-6-85%,33.8636,123.1306,191.967172,178.98809400000002,188.0,175.0,2023-12-27T13:54:45.000Z,2024-01-01T13:38:03.000Z,loitering,1
b579acab6-67fa-bb17-52ed-972b13b64381,994090042,994090042         9V,-3.2256,59.4086,423.94718800000004,408.04131199999995,418.0,402.0,2023-12-27T13:55:15.000Z,2024-01-02T21:38:24.000Z,loitering,1
eefd1af2f-f8c6-c3a6-bd52-29a2efbc5305,257678000,STRIL MARINER,57.828,4.5256,2.095685,1.624457,104.0,102.0,2023-12-27T13:56:13.000Z,2024-01-06T07:58:40.000Z,loitering,1
654649201-1aa3-d05a-c13d-a61caee644c0,43220809,ZHEDAIYU04322-A999%,29.5418,123.0356,41.143695,46.200926,63.0,73.0,2023-12-27T13:56:20.000Z,2024-01-04T11:52:06.000Z,loitering,1
2755a1479-9421-e5d5-d0e9-95dc0a964d86,60480955,,30.1179,124.7577,155.250047,182.320016,164.0,196.0,2023-12-27T13:56:44.000Z,2024-01-01T05:34:49.000Z,loitering,1
f0700ad87-7464-966b-8ef5-f17eecdc63d0,413499240,GUO NING 3,31.3063,122.4799,0.0,0.0,52.0,51.0,2023-12-27T13:56:46.000Z,2024-01-02T11:58:44.000Z,loitering,1
f64498301-17c3-ea53-8964-2372d4e7e1c9,553210018,LURONGYU55321-18-99%,36.8909,123.5443,82.23653900000001,90.976719,85.0,93.0,2023-12-27T13:56:57.000Z,2024-01-13T23:45:01.000Z,loitering,1
9489d006a-a09b-29f5-7d82-c6d127311215,96048119,MINYU08699-24-56%,32.9499,124.5516,133.614656,133.614656,133.0,133.0,2023-12-27T13:58:12.000Z,2024-01-02T00:36:05.000Z,loitering,1
790663863-354d-c834-9a03-40d41a6439c9,905838163,NET-ZSY05838-163-58%,28.3801,122.9239,68.328086,106.725781,69.0,107.0,2023-12-27T13:58:15.000Z,2024-01-01T04:20:51.000Z,loitering,1
a12da3550-0092-0806-0d3e-a081d0001006,506011030,CHERRY 750,15.3236,95.6175,161.937938,161.937938,50.0,50.0,2023-12-27T13:59:07.000Z,2024-01-01T03:49:07.000Z,loitering,1
e3f7e6905-5044-411b-c777-38c12c9abd2f,412410126,ZHEPUYU62288,32.0971,125.1989,156.97275,158.712188,154.0,156.0,2023-12-27T13:59:08.000Z,2024-01-02T22:55:25.000Z,loitering,1
8360922e7-76b0-6c67-6816-d61624733f6d,759182303,RDY18-2303-99%,-20.664,-118.4535,1145.9745,1182.714375,800.0,774.0,2023-12-27T13:59:25.000Z,2024-01-01T08:39:38.000Z,loitering,1
2d8273b3c-ca27-57b5-b8a7-d49be9620896,201118002,11180-2-99%,27.4668,123.4029,170.074906,182.056312,170.0,157.0,2023-12-27T13:59:48.000Z,2024-01-01T23:47:14.000Z,loitering,1
b7e9fb2fa-a822-1da2-2bdc-53cd0bae68a0,651020043,LIAOYU65102-43-99%,37.0866,123.54,77.35433599999999,77.35433599999999,83.0,83.0,2023-12-27T14:01:43.000Z,2024-01-08T23:44:11.000Z,loitering,1
51b680339-9a35-9db0-eb2c-bdc2b5413b65,422110141,YASIN_1-55%,4.8676,58.9863,1115.709875,1047.548562,952.0,996.0,2023-12-27T14:02:35.000Z,2024-01-01T23:23:29.000Z,loitering,1
914b88d68-82b4-4a2e-a8e6-9aefc8d0e789,622449815,SUQIYU04498*15_7.5V,32.645,123.191,135.45090599999997,135.914,151.0,152.0,2023-12-27T14:04:26.000Z,2024-01-08T02:52:20.000Z,loitering,1
6a4879ca8-8816-e9b7-6905-c3b8e97b351a,461721866,ZHELINYU21866-6_7.7V,31.3298,122.5994,3.0565949999999997,1.111949,60.0,43.0,2023-12-27T14:18:11.000Z,2024-01-13T05:59:36.000Z,loitering,1
d0b4c6eb3-383c-b03d-1d4e-b0ff04a307da,61187031,,29.6576,123.0039,38.695062,34.1505,54.0,60.0,2023-12-27T14:22:07.000Z,2024-01-02T05:51:51.000Z,loitering,1
4c4455f05-5578-b53c-d7d9-517ec9d93f8f,555555015,555555-15-99%,32.9343,124.5114,135.007609,138.357812,134.0,138.0,2023-12-27T14:23:06.000Z,2024-01-05T19:45:57.000Z,loitering,1
d8d507257-7dc7-fe31-a854-58c2abd057e3,553210019,LURONGYU55321-19-99%,36.9506,123.5691,84.144094,86.709898,88.0,90.0,2023-12-27T14:26:07.000Z,2024-01-14T17:50:48.000Z,loitering,1
2b54d1771-19dc-9d2a-c363-7689edf80528,103267825,,27.4145,123.7328,214.89418799999999,203.186625,158.0,172.0,2023-12-27T14:29:27.000Z,2024-01-01T18:52:27.000Z,loitering,1
67f42e4df-f7f5-d3c9-3ccb-776fb14b6db9,601220102,LULANYU60122-102_8.2,32.9402,124.4817,137.356281,136.95193799999998,137.0,136.0,2023-12-27T14:30:53.000Z,2024-01-05T19:52:16.000Z,loitering,1
356686231-12e7-090e-d052-e514f8d6cbe3,551010042,LURONGYU55101-42-99%,37.1387,123.7713,95.524375,96.642414,99.0,101.0,2023-12-27T14:33:04.000Z,2024-01-13T07:55:01.000Z,loitering,1
cd53cc455-5486-2bbd-1390-25d538ad2908,574005250,HAI DUONG 38,14.4969,95.9743,187.706875,188.262141,148.0,148.0,2023-12-27T14:36:24.000Z,2024-01-06T23:35:20.000Z,loitering,1
7cdaeec41-179b-453a-a3b1-61dae81e0ac3,808777703,BUOY-03  100%,-1.4462,-18.6454,838.978062,878.485188,835.0,875.0,2023-12-27T14:37:36.000Z,2024-01-02T07:09:19.000Z,loitering,1
fe271f081-132c-1749-e7f0-655b8b71b341,77000019,JIN FENG2-19-87%,9.9946,-35.0722,1259.739625,1280.7795,1231.0,1252.0,2023-12-27T14:38:43.000Z,2024-01-01T17:55:20.000Z,loitering,1
ed3883d3d-d05e-697c-f929-d9663f97fd7d,55110015,SUGANYU 05511-15,33.8824,123.1043,190.286906,182.718156,189.0,178.0,2023-12-27T14:39:09.000Z,2024-01-01T00:06:31.000Z,loitering,1
dc0e304ad-dde1-7dab-be08-64457680fe02,55830041,05583-41-72%,33.9146,123.1102,191.599281,182.553938,187.0,178.0,2023-12-27T14:39:41.000Z,2024-01-03T12:43:09.000Z,loitering,1
0089718a7-7e44-27ce-e6f4-7aed7f8569ee,533130492,OLV VENTURE 1,5.8016,104.1564,91.017438,91.82178900000001,117.0,117.0,2023-12-27T14:45:23.000Z,2024-01-25T03:34:25.000Z,loitering,1
b4fcc3968-8f37-154d-8ad5-4ed045a3ca0a,689130027,TIELONG68913-27  90%,24.7448,119.778,55.235562,51.947707,42.0,40.0,2023-12-27T14:46:46.000Z,2024-01-06T04:16:51.000Z,loitering,1
6ea812cd3-35cd-7a65-fdc4-0e8f7eda0102,98354163,B7              (80),7.2299,-29.207,983.809438,1008.489,959.0,983.0,2023-12-27T14:48:08.000Z,2024-01-01T19:47:41.000Z,loitering,1
16288d775-5fa4-1b61-921f-fa5f968b7158,100436617,04366---17       7V3,31.6488,126.9967,166.327172,197.28243799999998,133.0,134.0,2023-12-27T14:48:37.000Z,2024-01-02T04:14:36.000Z,loitering,1
fcde9c798-82f6-a094-35ac-28b735d6cdcd,676880066,TIELONG67688-66  90%,24.7005,119.7683,54.272949,62.342434000000004,38.0,49.0,2023-12-27T14:50:52.000Z,2024-01-17T08:25:22.000Z,loitering,1
227329ea5-533a-70ee-b2e1-54f875ed101d,236305201,63052-17--95%,28.206,123.6653,124.514875,190.29331200000001,126.0,192.0,2023-12-27T14:52:26.000Z,2024-01-01T20:25:35.000Z,loitering,1
e088ad8b1-15c5-90f3-724f-53acc2950c57,231058347,583-4789%,33.9306,123.0862,191.171703,187.014062,188.0,182.0,2023-12-27T14:54:00.000Z,2024-01-01T11:12:26.000Z,loitering,1
0566cb7b5-594b-f21b-e0bc-6c49da6d4417,590975949,HONGYANG11-7 73%,-21.1564,-118.3155,1114.213375,1123.97125,765.0,772.0,2023-12-27T14:55:09.000Z,2024-01-02T01:32:11.000Z,loitering,1
ecfcb6e1a-a9a0-86bd-a26d-5c1998977e2f,60609105,ZHEDAIYU06091-A5 95%,32.7597,124.5517,153.211547,153.211547,153.0,153.0,2023-12-27T14:55:18.000Z,2024-01-01T02:54:28.000Z,loitering,1
aec2438e3-3329-9147-8ba5-0b1813674828,941070041,LUOI CHUON P4-99%,15.8691,115.4904,442.9155,499.892125,330.0,287.0,2023-12-27T14:56:39.000Z,2024-01-02T08:12:14.000Z,loitering,1
cbfdebb6d-d2dd-b72d-d28f-7507909ddfce,101118011,11180-11-80%,27.4517,123.3932,170.074906,180.72009400000002,170.0,154.0,2023-12-27T14:57:31.000Z,2024-01-01T03:55:30.000Z,loitering,1
c51a71508-8bd8-241f-182f-cdf4389d6f7d,18599908,85999-8-53%,28.8563,124.5373,169.103938,234.573891,183.0,236.0,2023-12-27T14:57:33.000Z,2024-01-04T15:37:52.000Z,loitering,1
79fe76b8d-d644-a065-4b2a-a20033ed9cab,710006650,CBO ALESSANDRA,-22.6158,-39.9882,1.111949,0.0,123.0,125.0,2023-12-27T14:57:41.000Z,2024-01-02T23:58:11.000Z,loitering,1
59c0c5227-7088-2a28-656d-88a48893a519,60609129,ZHEDAIYU06091-B9 94%,32.7379,124.5436,157.70771900000003,153.540156,157.0,153.0,2023-12-27T14:58:28.000Z,2024-01-01T22:48:55.000Z,loitering,1
7137e1722-262a-455d-1777-100a739c8240,710015960,BRAM ATLAS,-22.561,-40.1152,0.0,1.026861,110.0,110.0,2023-12-27T14:59:58.000Z,2024-01-03T20:58:24.000Z,loitering,1
ea242624e-e129-5086-feea-7afdf3e87542,994071611,994071611         9V,-14.5512,107.3125,485.991531,501.401625,471.0,485.0,2023-12-27T15:04:46.000Z,2024-01-11T14:37:51.000Z,loitering,1
99f93f4db-b3c8-1e44-758e-77fc084b88c7,661880004,66188000493%,27.6379,122.9372,128.60593,130.104828,129.0,135.0,2023-12-27T15:06:43.000Z,2024-01-01T02:14:25.000Z,loitering,1
7d8af49a0-01f4-c5a8-0266-386235b8df78,620712,,24.1699,118.6936,27.847669999999997,38.036883,26.0,56.0,2023-12-27T15:11:36.000Z,2024-01-08T23:46:21.000Z,loitering,1
71b5a9117-7184-d447-d1f0-9458cca6e051,551010040,LURONGYU55101-40-99%,37.1359,123.7788,96.40254700000001,97.51121099999999,100.0,102.0,2023-12-27T15:12:11.000Z,2024-01-06T11:15:47.000Z,loitering,1
ec941c167-792e-f75b-43a5-cdd8ab4a265e,413191824,TIELONG61918-54%,25.4697,121.0758,37.906078,37.571391000000006,41.0,41.0,2023-12-27T15:13:10.000Z,2024-01-06T12:47:41.000Z,loitering,1
35c80f5e1-1993-42ba-c7e8-4af2c7bce47e,233101819,MFJY08615-3-93%,32.9653,124.5185,132.974953,133.54075,132.0,133.0,2023-12-27T15:14:43.000Z,2024-01-01T05:05:51.000Z,loitering,1
9bb292d59-9359-35bf-7cca-4ea9ee6aa39c,233101698,MFJY08615-17-95%,32.9679,124.516,131.96095300000002,133.948844,131.0,133.0,2023-12-27T15:15:13.000Z,2024-01-01T05:25:38.000Z,loitering,1
c437a1296-674c-fa44-4b7a-5faf38aefdcc,413397310,GUO HAI MIN ZHUO,17.0867,110.7467,166.915531,170.844438,108.0,105.0,2023-12-27T15:18:28.000Z,2024-01-01T22:45:37.000Z,loitering,1
dc04b4f8a-a3a1-7555-822b-a844886c4894,661880035,66188-35--99%,27.5938,122.9425,128.60593,131.694281,129.0,142.0,2023-12-27T15:20:17.000Z,2024-01-01T01:26:17.000Z,loitering,1
ff4089a66-6ce2-c19d-b9a7-11c926bb97f9,123032935,AIS BUOY DEDY_277%,-6.6667,135.7352,124.868805,95.39216400000001,117.0,87.0,2023-12-27T15:21:43.000Z,2024-01-03T00:57:16.000Z,loitering,1
4241f2d99-920b-069f-5729-ba40f9a3a904,551010049,LURONGYU55101-49-99%,37.0827,123.7753,96.42492999999999,99.057734,101.0,104.0,2023-12-27T15:24:42.000Z,2024-01-04T22:44:25.000Z,loitering,1
d6a6eb015-5f5e-e89f-6952-38064774faf9,413937856,MINLIANYU69378 56,24.7008,119.8337,64.027449,56.014379,48.0,49.0,2023-12-27T15:26:12.000Z,2024-01-20T05:19:08.000Z,loitering,1
863aa6244-4408-4723-6f3f-a991faeaa510,525211978,MAJU JAYA  02,-9.1227,104.3497,218.565922,191.328875,209.0,182.0,2023-12-27T15:29:23.000Z,2024-01-03T21:24:13.000Z,loitering,1
7bf7d9c8a-a22a-60a3-d07d-012e4075e3ac,412525043,QIONGDANYU11819,21.4238,114.8998,106.717656,65.009543,120.0,71.0,2023-12-27T15:35:45.000Z,2024-01-01T21:52:45.000Z,loitering,1
8ab014aad-dfba-400f-a40b-6902d46e20ff,676880050,TIELONG67688-50  90%,24.661,119.7814,62.728867,62.764934000000004,45.0,50.0,2023-12-27T15:38:37.000Z,2024-01-08T17:03:29.000Z,loitering,1
4e41ddeaa-a00e-3250-8a00-8acc2a645e20,15526,1552+6-50%,30.565,123.696,52.674144999999996,60.494129,65.0,85.0,2023-12-27T15:44:03.000Z,2024-01-04T09:16:27.000Z,loitering,1
a8421c8c8-8a72-23c4-956d-c4d07aad905e,900019561,,35.6303,124.4727,119.169039,129.071594,116.0,126.0,2023-12-27T15:46:07.000Z,2024-01-02T03:49:25.000Z,loitering,1
19474e57d-db5b-819b-5a6b-fc45c45e5241,412525071,QIONGYANGYU16051,32.1749,126.4016,115.703281,115.703289,113.0,111.0,2023-12-27T15:49:42.000Z,2024-01-02T11:31:43.000Z,loitering,1
ce21df314-413f-09e9-cb1f-65ada0345b03,23181910,01819-10-82%,30.5543,123.6056,47.313672,49.576379,59.0,73.0,2023-12-27T15:51:50.000Z,2024-01-01T09:48:30.000Z,loitering,1
270421f4c-c404-503d-871c-d6b41e2cf27a,60915836,,30.5749,123.6151,45.778453,52.773875,57.0,78.0,2023-12-27T15:53:50.000Z,2024-01-03T15:54:52.000Z,loitering,1
6573005bc-c819-77c7-3b46-b5a8c2cf81da,576501000,BAILEY TIDE,32.3437,30.3878,108.271781,109.379492,92.0,93.0,2023-12-27T15:55:41.000Z,2024-01-01T22:59:41.000Z,loitering,1
d524eb62f-fcb8-3ba7-4760-bc4f6c3e1d95,404365611,SUQIYU03656-11,32.6169,124.501,169.436672,169.436672,169.0,169.0,2023-12-27T15:56:20.000Z,2024-01-01T02:19:48.000Z,loitering,1
6bc253f0b-b56e-59f2-8636-340d94e90712,257662000,SIEM AQUAMARINE,-13.379,123.4002,52.971906000000004,52.971906000000004,131.0,131.0,2023-12-27T15:57:02.000Z,2024-01-01T07:52:51.000Z,loitering,1
06be42434-454a-c846-fd29-e2491c3cbf89,371135000,FS BITUMEN NO.2,1.6768,104.8696,37.742578,37.742578,58.0,58.0,2023-12-27T15:57:51.000Z,2024-01-14T15:59:40.000Z,loitering,1
96031c6ae-e5e1-538b-320e-c7767a3470a8,412417033,ZHELINGYU26861,35.6306,124.4733,119.169039,129.071594,116.0,126.0,2023-12-27T15:59:00.000Z,2024-01-02T03:58:18.000Z,loitering,1
fb34fc99a-a91f-e681-a7ef-5abd44287aee,477726800,GEORGINA HOPE,-19.9309,118.3902,20.660443,20.660443,42.0,42.0,2023-12-27T15:59:29.000Z,2024-01-01T04:59:19.000Z,loitering,1
7d2b4dd4a-a853-d0b2-7248-45d020806cad,101515106,15151-6-99%,38.3842,121.771,39.874523,62.873277,41.0,65.0,2023-12-27T15:59:33.000Z,2024-01-01T14:06:18.000Z,loitering,1
519af1994-402b-79c4-6af2-ae6e6259ea97,15837305,01583--0599%,30.5804,123.6164,45.246269999999996,52.773875,58.0,78.0,2023-12-27T15:59:57.000Z,2024-01-03T15:49:31.000Z,loitering,1
d1a30b5c2-230e-ad82-7ae1-7f22f77a7adc,420063777,42013-23-97%,27.3201,122.8749,119.54603900000001,139.916781,149.0,158.0,2023-12-27T16:05:10.000Z,2024-01-01T04:43:46.000Z,loitering,1
87570aee3-34fa-362a-c6d3-00fa5906e970,926341416,ZHE DAI YU 03414-16,32.689,124.5284,161.161875,162.528141,160.0,162.0,2023-12-27T16:06:20.000Z,2024-01-01T02:24:54.000Z,loitering,1
cfdcf2e38-8569-e076-3271-f92940d4b56b,994008217,TS BUOY-17        9V,-11.5372,-134.511,463.62731199999996,475.73596899999995,457.0,469.0,2023-12-27T16:16:44.000Z,2024-01-08T08:36:30.000Z,loitering,1
f9d415e9f-f552-2733-dc7b-ec0bdf32c908,994008220,TS BUOY-20        9V,-11.5708,-134.665,458.362031,450.39309399999996,452.0,444.0,2023-12-27T16:18:18.000Z,2024-01-04T17:41:08.000Z,loitering,1
b98e46760-0b79-9839-2aca-1ac7c0387f13,994178439,IMULA 0597 KLT BU-1,3.764,80.6099,273.722531,214.78907800000002,268.0,210.0,2023-12-27T16:22:53.000Z,2024-01-04T22:46:05.000Z,loitering,1
1d9d7952c-c4e1-9f48-80f9-e43118e9bb46,994178440,IMULA 0597 KLT BU-2,3.7441,80.5927,275.73125,215.857469,270.0,211.0,2023-12-27T16:27:21.000Z,2024-01-04T23:29:43.000Z,loitering,1
4d3cc02cd-d025-5625-b1b2-d35f1193743b,193289930,32899-30-93%,27.3399,122.8406,122.826445,128.847156,147.0,152.0,2023-12-27T16:29:09.000Z,2024-01-02T10:44:34.000Z,loitering,1
f260fe5e9-932d-fcee-d67d-396e4ec9ca36,143221394,LXKJ21394-14_8.1V,31.3158,122.7891,11.610447,11.610447,52.0,52.0,2023-12-27T16:30:45.000Z,2024-01-11T09:16:14.000Z,loitering,1
8dac9ce40-02d7-25d4-180c-5d9775896773,153289932,32899-32-99%,27.36,122.8285,122.564219,125.92933599999999,146.0,147.0,2023-12-27T16:31:13.000Z,2024-01-02T05:57:12.000Z,loitering,1
15b02ab96-60c3-c3c0-9db8-6991d109372a,193289926,32899-26-54%,27.3415,122.8409,122.826445,128.587078,147.0,151.0,2023-12-27T16:31:20.000Z,2024-01-02T10:48:21.000Z,loitering,1
e955cc1b8-87c1-dd83-c0bf-0b65e344c25a,988326705,09882-05-99%,33.1493,124.2334,130.24117999999999,130.24117999999999,129.0,129.0,2023-12-27T16:32:01.000Z,2024-01-01T01:38:17.000Z,loitering,1
fd269f53a-aa9c-32d4-6ce4-1ea142ce89f3,230991668,LUCHENGYU60916-68,32.9811,123.2738,167.581281,155.521125,186.0,174.0,2023-12-27T16:44:32.000Z,2024-01-01T07:05:22.000Z,loitering,1
d2c6bfa2c-c1c7-86c5-23b9-fa7b8c8f4b05,615580033,TIELONG61558-33  42%,24.666,119.7114,70.015,50.532574000000004,51.0,37.0,2023-12-27T16:44:51.000Z,2024-01-10T06:23:41.000Z,loitering,1
222f06626-680b-9ac2-d071-82bf8b9f0f89,60093029,,32.9744,123.3007,174.88234400000002,151.30418799999998,193.0,170.0,2023-12-27T16:49:30.000Z,2024-01-01T05:34:02.000Z,loitering,1
976dc1523-3a87-b88d-623a-8757e12b611b,221099812,05998-12-78%,33.0265,123.204,171.976562,141.64004699999998,190.0,167.0,2023-12-27T16:49:44.000Z,2024-01-02T02:56:22.000Z,loitering,1
04ebfd27e-e906-4064-19e3-57f4421d0226,221199810,LUCHENGYU600998-10,33.0353,123.2007,171.748438,142.064672,190.0,168.0,2023-12-27T16:50:36.000Z,2024-01-02T03:11:42.000Z,loitering,1
3d171b50a-a4c7-97b5-1b62-a20f1283d1d5,994037652,994037652         9V,-9.1003,138.5231,181.317297,146.880406,95.0,57.0,2023-12-27T16:51:51.000Z,2024-01-01T14:10:28.000Z,loitering,1
3be2ea211-1b64-bc46-1516-31fab8a906ba,98100661,NET ZRY01701-2590%,30.5049,123.6401,56.685082,50.573862999999996,66.0,72.0,2023-12-27T16:52:32.000Z,2024-01-02T05:26:04.000Z,loitering,1
9c65f926f-ff7c-c820-0d00-700b1fe405fd,230391647,LUCHENGYU60916-47,32.9434,123.2818,168.182281,150.88343799999998,186.0,169.0,2023-12-27T16:54:11.000Z,2024-01-01T05:26:45.000Z,loitering,1
be4e5419d-d170-6ab2-de17-99e3c995f943,233402406,MFJY09985-26-69%,32.991,124.4588,133.229141,133.229141,133.0,133.0,2023-12-27T16:54:13.000Z,2024-01-01T04:50:56.000Z,loitering,1
209d470ae-e691-d810-bd4e-bb1e6d06b7dd,408227555,42013-41-98%,27.3823,122.874,119.54603900000001,137.81304699999998,149.0,148.0,2023-12-27T16:54:18.000Z,2024-01-01T04:34:19.000Z,loitering,1
83276fe7d-dbe2-3879-2517-9e768fa04bef,60961535,,33.0304,123.2267,174.59481200000002,146.993188,192.0,165.0,2023-12-27T16:57:55.000Z,2024-01-01T06:27:16.000Z,loitering,1
234f64ce4-43b4-42f1-9c79-b2c222606d00,60093048,,32.9256,123.309,171.919984,149.952156,189.0,168.0,2023-12-27T16:59:14.000Z,2024-01-01T05:11:37.000Z,loitering,1
e0a7c0ac5-5660-5eda-510a-e4128fec6441,538005585,GAITA,28.6396,-94.7165,5.910213,5.910213,62.0,62.0,2023-12-27T16:59:43.000Z,2024-01-01T17:59:44.000Z,loitering,1
ea537a003-33ac-e2cf-48b5-5b591449c489,60093043,60093-43-99%,32.9952,123.2967,175.082891,153.87131200000002,192.0,172.0,2023-12-27T16:59:46.000Z,2024-01-01T06:45:02.000Z,loitering,1
1bf1c4ba4-420b-00a4-90a5-cb0f51fa4492,616999482,TRUGEN,29.5516,48.9326,0.0,5.108572000000001,49.0,53.0,2023-12-27T16:59:52.000Z,2024-01-01T15:46:04.000Z,loitering,1
78945a072-23c0-ff34-304d-6844425571ab,710004673,CORAL DO ATLANTICO,-24.9903,-42.6354,3.001352,3.753145,220.0,220.0,2023-12-27T16:59:56.000Z,2024-01-01T18:57:37.000Z,loitering,1
84d7e708c-ceee-8be0-1ea2-6f6cd551d65b,18813,LURUYU188-13,-13.3927,73.817,734.942625,657.50725,715.0,638.0,2023-12-27T17:00:09.000Z,2024-01-01T04:41:37.000Z,loitering,1
d09fa0dc7-72bf-dee4-4a43-07f81fff81e8,220860008,ZHEXIANGYU22086-08,29.684,122.9709,31.085928,33.139547,52.0,54.0,2023-12-27T17:01:43.000Z,2024-01-01T08:57:50.000Z,loitering,1
70d7759d0-050c-872e-943d-08d46282452f,417013503,75555-3-99%,38.6518,123.4249,53.344792999999996,38.987863,56.0,40.0,2023-12-27T17:16:39.000Z,2024-01-05T08:20:09.000Z,loitering,1
3c487078d-d111-2e59-47d4-fdd16f1a19d5,994171726,IMULA 0759CHW NET 3,-8.6075,67.3175,470.532375,688.082,395.0,590.0,2023-12-27T17:22:29.000Z,2024-01-07T04:23:12.000Z,loitering,1
c50018959-9d4e-913c-3340-64f04abf156b,22086033,ZHEXIANGYU22086-33,29.6657,122.9614,31.226354,31.877458999999998,53.0,56.0,2023-12-27T17:34:11.000Z,2024-01-01T02:35:59.000Z,loitering,1
2c7cfc665-5cf5-0f5d-95a1-ea7685647b45,26622181,,32.8668,124.2037,157.030078,157.030078,156.0,156.0,2023-12-27T17:40:37.000Z,2024-01-01T02:52:15.000Z,loitering,1
71876823c-c05a-1401-958d-aa3aed1608a2,994210916,HBUOY-16          9V,-10.5075,-146.0209,444.93993800000004,435.03759399999996,428.0,418.0,2023-12-27T17:42:13.000Z,2024-01-02T06:00:52.000Z,loitering,1
852a93a15-58d1-ead9-7de3-bc638e72640a,60093014,,32.9599,123.3084,173.010125,153.28603099999998,190.0,172.0,2023-12-27T17:42:29.000Z,2024-01-01T07:07:48.000Z,loitering,1
f07925943-31d5-4b3a-5a1b-693061081858,525600881,ERAMAS2,-0.2362,79.932,687.97975,692.3248120000001,685.0,689.0,2023-12-27T17:42:29.000Z,2024-01-03T00:11:56.000Z,loitering,1
05bacddcb-b196-5dfe-0814-85724da68bcf,96210828,SUGANYU02108-28-99%,31.5445,126.3491,192.269766,179.033672,186.0,175.0,2023-12-27T17:43:43.000Z,2024-01-02T13:25:35.000Z,loitering,1
7d32d08c7-7a66-ccc4-458e-2c8a80f11247,26489135,,32.8888,124.2719,151.172234,152.147922,150.0,151.0,2023-12-27T17:45:15.000Z,2024-01-02T06:22:07.000Z,loitering,1
8a2b23cc5-5412-287f-3627-accc21513b68,36180060,ZHEDAIYU03618-60A,32.9402,124.1997,150.038125,151.10025,149.0,150.0,2023-12-27T17:46:41.000Z,2024-01-01T03:15:11.000Z,loitering,1
77467fda2-24de-951c-f3a9-e3f607efba5b,412425418,ZHEDAIYU06156,32.9932,124.2052,146.402391,145.93984400000002,146.0,145.0,2023-12-27T17:46:51.000Z,2024-01-01T00:57:18.000Z,loitering,1
d16ef3ea3-3686-4078-fab8-0d8fe85ba251,45656917,ZHEDAIYU02604-81 7V5,32.9124,124.2225,148.99153099999998,155.588766,148.0,155.0,2023-12-27T17:47:23.000Z,2024-01-01T02:55:23.000Z,loitering,1
1608d68c5-597f-f709-2987-35c8bc31877a,60093032,,32.8923,123.3285,171.42778099999998,148.719047,188.0,167.0,2023-12-27T17:48:52.000Z,2024-01-01T04:26:46.000Z,loitering,1
7601a3937-75eb-7cbb-bb2d-a585f041eb37,990000007,FUDINGYU07898-9-99%,29.1281,123.1674,35.05477,109.543812,55.0,111.0,2023-12-27T17:50:35.000Z,2024-01-07T01:14:05.000Z,loitering,1
29517fbde-eaf4-d3b7-d0a5-ab205edb4093,48636704,,32.9413,124.2866,148.208469,144.523125,147.0,144.0,2023-12-27T17:50:41.000Z,2024-01-07T03:15:03.000Z,loitering,1
a1d77c6f7-7758-b71f-6ea8-b31b152557d7,657155200,ENEOVAI,3.4671,5.5623,1.111949,2.223899,104.0,105.0,2023-12-27T17:50:42.000Z,2024-01-03T13:37:51.000Z,loitering,1
7fb4c2336-670b-2b38-8702-61381556d625,20170062,SUGANYU02017-62-87%,31.3859,126.1563,193.474062,216.94725,186.0,213.0,2023-12-27T17:50:52.000Z,2024-01-02T03:32:58.000Z,loitering,1
92f7b15cd-d8f0-326e-a0e1-27c7b03a4979,230291603,LUCHENGYU60916-3-96%,32.9183,123.306,168.966609,150.812766,187.0,169.0,2023-12-27T17:51:23.000Z,2024-01-01T03:45:33.000Z,loitering,1
351352e72-261f-b178-3a06-6c6f45580406,230391658,LUCHENGYU60916-58,33.0194,123.205,168.966609,145.265062,187.0,168.0,2023-12-27T17:51:54.000Z,2024-01-02T02:41:52.000Z,loitering,1
fd62743d7-7064-66d7-62b3-5de3a224f820,96032189,SUGANYU02867-15-81%,31.4052,126.1472,203.33482800000002,202.73310899999998,190.0,199.0,2023-12-27T17:53:08.000Z,2024-01-02T03:36:40.000Z,loitering,1
841302e93-3b0d-f889-0b63-d2b4a1d85a9e,96032210,SUGANYU02867-12-75%,31.3472,126.3554,204.441656,211.27035899999998,191.0,207.0,2023-12-27T17:53:25.000Z,2024-01-04T02:33:04.000Z,loitering,1
386db1543-3dac-568a-388d-36b3a6e1df38,28670076,SUGANYU02867-76-99%,31.4355,126.1564,197.926969,201.641125,186.0,197.0,2023-12-27T17:55:24.000Z,2024-01-02T03:58:52.000Z,loitering,1
b712798ff-fa43-d4d8-cba1-1928ef8e01be,230391652,LUCHENGYU60916-52,32.9032,123.3098,167.18807800000002,150.99204699999999,185.0,169.0,2023-12-27T17:55:37.000Z,2024-01-01T03:30:38.000Z,loitering,1
f5a6c473d-d038-9a05-0e6a-07226425aabf,26489112,ZHE DAI YU 04891-12,32.8912,124.2789,151.172234,151.172234,150.0,150.0,2023-12-27T17:56:18.000Z,2024-01-01T23:09:33.000Z,loitering,1
fe3c2ba58-8113-7fc9-782e-47b2040a6ba4,577550001,,32.985,124.2013,146.029891,146.93175,145.0,146.0,2023-12-27T17:56:53.000Z,2024-01-01T02:00:34.000Z,loitering,1
bbad36b3f-f3f0-f4aa-fd66-7c294607da31,710005645,SEVEN RIO,-22.2175,-40.315,9.819628,5.298643,79.0,69.0,2023-12-27T17:58:11.000Z,2024-01-01T15:59:16.000Z,loitering,1
8b275a5bf-fcf6-4d36-5198-914080ca55b1,994008012,BUOY-12           9V,-11.5407,-134.6089,433.900562,484.461906,427.0,478.0,2023-12-27T17:59:08.000Z,2024-01-02T10:28:14.000Z,loitering,1
07ba6d64f-f87a-d779-768a-333e4ce65884,352001272,MORNING IDEA,31.1177,123.2179,37.265660000000004,37.01784,55.0,54.0,2023-12-27T17:59:10.000Z,2024-01-01T15:56:53.000Z,loitering,1
3950c53e6-64b1-8d45-7899-e2c74f5ed37a,574128524,HON HAI-64008,8.5121,108.6318,256.64831200000003,258.0325,208.0,211.0,2023-12-27T17:59:15.000Z,2024-01-03T01:48:42.000Z,loitering,1
f405f2d01-1558-972a-d485-9eefc5fdf790,591051909,PINGTAIRONG316-1 87%,-19.645,-112.0048,867.05525,872.73625,860.0,865.0,2023-12-27T17:59:58.000Z,2024-01-04T09:00:34.000Z,loitering,1
02479e955-5ce1-11f8-1e4b-996bc91aed7e,100104918,ZHEDAIYU20888-23-66%,32.9496,124.1876,152.01275,148.925453,151.0,148.0,2023-12-27T18:01:10.000Z,2024-01-01T02:30:27.000Z,loitering,1
e8551200a-a970-aac0-eef4-a71df31e666c,65775563,LURONGYU57755-63 33%,32.9748,124.2134,146.389703,147.297703,146.0,147.0,2023-12-27T18:05:56.000Z,2024-01-01T01:50:53.000Z,loitering,1
ce50aa590-0d3c-8ed5-aa05-771fd01cfedc,32782151,,32.8703,124.2374,155.022609,155.518609,154.0,155.0,2023-12-27T18:06:09.000Z,2024-01-01T02:51:03.000Z,loitering,1
60d34924f-fa9a-f470-42df-8aed8c7f6c68,96032238,SUGANYU02867-13-85%,31.3749,126.1683,211.278734,201.641125,190.0,197.0,2023-12-27T18:06:11.000Z,2024-01-02T03:48:59.000Z,loitering,1
ef4815fab-bfa6-d489-4dca-41ff8f6322f7,96262792,ZHEDAIYU02627-92A79%,32.983,124.1633,149.13779699999998,149.13779699999998,148.0,148.0,2023-12-27T18:06:49.000Z,2024-01-01T02:43:39.000Z,loitering,1
4a27ab045-58d9-09ae-79c6-ec3e5f1bcffc,96210836,SUGANYU02108-36-52%,31.4449,126.1332,200.15307800000002,198.663969,186.0,195.0,2023-12-27T18:06:55.000Z,2024-01-01T11:33:58.000Z,loitering,1
7111b934f-f00d-bafb-0f5f-234cdaf6eb74,26622182,,32.8475,124.2215,157.89854699999998,157.89854699999998,157.0,157.0,2023-12-27T18:08:22.000Z,2024-01-01T03:00:44.000Z,loitering,1
656643fc6-67e1-7931-a917-5025912a965e,62210088,ZHEDAIYU06221-88 7V3,32.8473,124.2126,155.518609,161.717609,155.0,161.0,2023-12-27T18:08:58.000Z,2024-01-01T03:39:06.000Z,loitering,1
44067a83a-aa74-fa76-1fa3-70d72631a26d,108000034,ZHEDAIYU04458-32-75%,32.931,124.2011,150.956938,152.01275,150.0,151.0,2023-12-27T18:10:04.000Z,2024-01-01T02:55:50.000Z,loitering,1
bc3375bf1-1a83-722b-56a8-fa6823fd86d3,104275560,ZHEDAIYU04275-60-81%,32.8566,124.2214,156.46043799999998,157.89854699999998,156.0,157.0,2023-12-27T18:10:37.000Z,2024-01-01T02:53:36.000Z,loitering,1
84b6296d4-4e82-a942-c80e-8004e7ea1c53,100626923,ZHE DAI YU 06269L-26,32.9395,124.2,150.56728099999998,150.56728099999998,150.0,150.0,2023-12-27T18:11:22.000Z,2024-01-01T02:43:36.000Z,loitering,1
fe6db2c59-98c7-30d9-4fc3-4767ef37b425,48368801,,32.9927,124.2252,144.40557800000002,144.943094,144.0,144.0,2023-12-27T18:11:31.000Z,2024-01-01T02:01:07.000Z,loitering,1
e9e4acb68-8554-88bd-c7f5-1ddd0555a322,577550016,,32.994,124.203,146.029891,146.029891,145.0,145.0,2023-12-27T18:11:43.000Z,2024-01-02T00:05:57.000Z,loitering,1
672c2a809-93c4-5817-024d-4c528adedfa9,10644414,,33.032,124.1572,143.85225,145.302703,143.0,145.0,2023-12-27T18:11:57.000Z,2024-01-01T02:13:21.000Z,loitering,1
1a610af10-06eb-4412-75b0-4d4d88e9eb69,600430010,,32.9575,124.1479,150.924062,152.036297,150.0,151.0,2023-12-27T18:15:19.000Z,2024-01-01T03:13:40.000Z,loitering,1
4ceaaf323-36f2-d228-02f5-77e398f546f4,26100928,,32.8472,124.2215,157.404484,157.89854699999998,157.0,157.0,2023-12-27T18:18:51.000Z,2024-01-01T03:20:29.000Z,loitering,1
9ef1c3f0f-f246-fb47-4b61-8a42e0656cd2,100162942,SUQIYU01629-42-78%,33.1903,124.0851,135.711625,136.37018799999998,135.0,135.0,2023-12-27T18:19:08.000Z,2024-01-01T02:07:38.000Z,loitering,1
5845894f2-2b1e-7d02-78e0-a663a6143ad3,912803283,,31.5597,126.5321,193.683438,175.9385,163.0,171.0,2023-12-27T18:19:12.000Z,2024-01-01T11:59:06.000Z,loitering,1
fc23b439c-ca9e-c225-6698-c609a1393b11,123042744,51168-9-99%,38.3113,123.3365,83.604539,50.85684,83.0,53.0,2023-12-27T18:19:47.000Z,2024-01-01T01:07:11.000Z,loitering,1
c852aa42c-c78e-8d57-6446-278cce67c374,600436608,,32.9815,124.1642,148.58068799999998,149.13779699999998,148.0,148.0,2023-12-27T18:21:23.000Z,2024-01-01T02:33:39.000Z,loitering,1
532e6d750-0b81-c26f-53e3-9856d540238b,607226125,,33.1835,124.1057,135.201156,135.84965599999998,134.0,135.0,2023-12-27T18:21:37.000Z,2024-01-01T12:48:38.000Z,loitering,1
439170970-02b7-cc4b-5037-0d8b5c1aa847,231100884,51168-44-92%,38.3304,123.3183,85.01854700000001,46.58727,85.0,48.0,2023-12-27T18:22:53.000Z,2024-01-01T03:29:56.000Z,loitering,1
5768e1608-8fa3-ef77-2f6b-305bd11ff8ed,48630052,,32.9511,124.2953,143.496641,146.464719,143.0,146.0,2023-12-27T18:22:58.000Z,2024-01-05T19:43:34.000Z,loitering,1
3e870c9de-e412-adb1-dd0d-05a3e153ea32,406475000,ZHEDAIYU06475-0-69%,33.0973,124.1209,141.1155,141.953312,140.0,141.0,2023-12-27T18:23:31.000Z,2024-01-01T01:41:20.000Z,loitering,1
348228366-6a28-cddf-c6c0-bef41116ab8e,10663395,,33.0333,124.1559,144.725219,144.725219,144.0,144.0,2023-12-27T18:23:49.000Z,2024-01-01T02:31:02.000Z,loitering,1
44770b9dd-d4b4-9e82-840b-9231ce4a082b,123020099,51168-70-77%,38.2732,123.3394,85.01854700000001,59.300504000000004,85.0,61.0,2023-12-27T18:24:09.000Z,2024-01-01T10:09:03.000Z,loitering,1
6fc05fd90-09db-5ecb-cb01-158c3867e6a8,96231823,YUECHANYANG12318-23,33.1718,124.1534,133.653609,132.640141,133.0,132.0,2023-12-27T18:24:12.000Z,2024-01-05T07:01:05.000Z,loitering,1
18ba5cef1-1fe7-73e0-8a8d-1c71b3f6d0c0,96210809,SUGANYU02108-09-17%,31.3557,126.152,212.43432800000002,206.052312,187.0,202.0,2023-12-27T18:24:17.000Z,2024-01-02T02:30:10.000Z,loitering,1
a48103a63-3453-8d85-83b4-93c7b0b46aca,45721717,LURONGYU57755-16 7V7,32.9757,124.2019,146.389703,147.83646900000002,146.0,147.0,2023-12-27T18:24:18.000Z,2024-01-01T01:54:47.000Z,loitering,1
71795d044-4e22-91ff-9331-45d489bf7e76,96231818,YUECHANYANG12318-18,33.1645,124.1516,132.828875,134.27778099999998,132.0,133.0,2023-12-27T18:24:33.000Z,2024-01-01T01:48:42.000Z,loitering,1
598a3500a-a4f1-5078-2afd-50ca19bfc7db,96017427,SUGANYU02017-2889%,31.3637,126.1621,214.586891,201.641125,193.0,197.0,2023-12-27T18:24:57.000Z,2024-01-02T04:03:05.000Z,loitering,1
975438f00-0428-cabd-5ceb-7332ca97b98b,412353811,SUQIYU01688,33.0856,124.1909,137.764781,138.631297,137.0,138.0,2023-12-27T18:26:16.000Z,2024-01-01T15:53:57.000Z,loitering,1
47cae7b18-8556-5e73-5544-19ede655ad22,223000978,ZHELYU21829-10-99%,29.0888,122.6891,40.595324,34.494305,61.0,37.0,2023-12-27T18:27:46.000Z,2024-01-01T06:21:12.000Z,loitering,1
a5bdb34bb-b01c-4302-7cde-ea8e1ad5d4ed,920361803,ZHEDAIYU03618-3-83%,32.9555,124.1939,151.878328,147.132,151.0,146.0,2023-12-27T18:28:27.000Z,2024-01-01T03:05:13.000Z,loitering,1
ea0207362-2016-4f30-f51a-80aadf4e59ac,44934203,LURONGYU57755-21 7V7,32.9775,124.2003,146.93175,146.93175,146.0,146.0,2023-12-27T18:29:18.000Z,2024-01-01T02:01:24.000Z,loitering,1
a51068595-5588-5e1f-247d-7d72ae29c0fd,96028128,ZHELINGYU69163/3583%,27.804,122.6995,103.002734,100.366586,104.0,101.0,2023-12-27T18:29:22.000Z,2024-01-01T05:03:57.000Z,loitering,1
387555931-1043-fd82-d89b-a22441a93102,168804108,BUOY-02  100%,-1.9425,-21.8544,1047.148188,1068.05725,1046.0,1067.0,2023-12-27T18:31:56.000Z,2024-01-01T10:49:04.000Z,loitering,1
391e11a4a-ad2f-db31-36ab-c692329b96a9,96201736,SUGANYU02017-36-63%,31.273,126.1486,213.387312,221.49290599999998,193.0,217.0,2023-12-27T18:32:08.000Z,2024-01-02T03:25:32.000Z,loitering,1
27509dc65-5cdf-760d-4a70-3ee4a5a4c9d5,62595469,,33.031,124.1478,145.302703,145.883797,145.0,145.0,2023-12-27T18:33:03.000Z,2024-01-01T02:33:29.000Z,loitering,1
ff1031f87-70f0-4ebb-07fc-78edcbdca635,62562477,,33.0326,124.1471,145.302703,145.302703,145.0,145.0,2023-12-27T18:33:38.000Z,2024-01-01T01:33:02.000Z,loitering,1
942ebf78a-a3a8-b480-0927-0ab464c4e450,190691613,LUCHENGYU60916-13,32.8927,123.3272,169.002172,150.394938,187.0,168.0,2023-12-27T18:35:26.000Z,2024-01-01T03:19:49.000Z,loitering,1
b2b1474c6-6b6d-463c-1f34-e64d850e0b9a,33822008,QIONGWENYU33822-8-,33.1469,124.1868,132.64257800000001,134.092703,132.0,133.0,2023-12-27T18:36:29.000Z,2024-01-01T01:16:52.000Z,loitering,1
cd776c235-5a6f-47e3-b6db-a8ba4275fe67,607226114,,33.1495,124.1332,136.354141,136.354141,136.0,136.0,2023-12-27T18:39:16.000Z,2024-01-01T01:48:31.000Z,loitering,1
eefca612b-bc1e-ec30-1483-d7b1f3ef6c57,211030804,05308-4-89%,32.8575,123.8408,178.984938,160.106531,194.0,159.0,2023-12-27T18:40:00.000Z,2024-01-01T13:48:23.000Z,loitering,1
46eecb265-5672-07a0-8927-65499c7853bc,390906456,QIONGWENYU338225683%,33.116,124.1635,136.387391,136.993141,136.0,136.0,2023-12-27T18:41:47.000Z,2024-01-01T15:49:38.000Z,loitering,1
0223451a7-7ef8-0533-c155-ca69618c81da,33822004,QIONGWENYU33822-4-,33.1626,124.1857,130.966188,132.41584400000002,130.0,132.0,2023-12-27T18:42:59.000Z,2024-01-01T01:15:26.000Z,loitering,1
35cc59802-28af-ddad-68d4-7d8222305f08,48640021,ZHE DAI YU 04864-21,32.9593,124.1357,152.036297,152.036297,151.0,151.0,2023-12-27T18:43:04.000Z,2024-01-01T01:23:50.000Z,loitering,1
e97175bd8-8d82-2cb8-9fce-d36410752c75,96123183,YUECHANYANGYU12318-3,33.1502,124.1506,135.102891,135.102891,134.0,134.0,2023-12-27T18:44:04.000Z,2024-01-01T01:11:07.000Z,loitering,1
eaa64f95b-b680-bbfb-8a55-69165feb8fef,100000125,ZHE DAI YU 06082-19,33.125,124.051,143.08065599999998,143.881766,142.0,143.0,2023-12-27T18:44:39.000Z,2024-01-01T02:20:05.000Z,loitering,1
f84b402cd-db3c-6c33-1ea9-2111f3c20248,16887001,SUQIYUN 01688-1- 62%,33.0963,124.1924,136.63725,138.051109,136.0,137.0,2023-12-27T18:45:29.000Z,2024-01-04T12:48:49.000Z,loitering,1
4161edb51-17b1-c28c-dd88-51be3e908798,64750022,,33.1807,124.0853,136.50134400000002,137.156188,136.0,136.0,2023-12-27T18:45:51.000Z,2024-01-01T01:43:56.000Z,loitering,1
ad8165b1f-f6bc-cf58-7f27-1bab5a8ec6e0,789886901,SUQIYU03190-01-49%,33.2086,124.1921,128.296508,127.235727,127.0,126.0,2023-12-27T18:46:05.000Z,2024-01-08T16:59:25.000Z,loitering,1
94d92d944-4290-de3b-ea57-21538ae89b50,607226130,,33.1227,124.1163,139.45132800000002,139.251891,139.0,138.0,2023-12-27T18:47:23.000Z,2024-01-01T16:21:20.000Z,loitering,1
e53cb0fb2-275e-44f6-e5b6-a047c31d22d6,587700005,LURONGYU58770-05-97%,33.1974,124.1533,130.380281,131.827766,130.0,131.0,2023-12-27T18:48:06.000Z,2024-01-01T01:00:18.000Z,loitering,1
0efe0b033-363e-3b98-d378-65e0720c5482,590899578,,-19.6503,-112.007,876.469688,862.842375,869.0,855.0,2023-12-27T18:48:17.000Z,2024-01-01T15:52:10.000Z,loitering,1
9ad8ed477-76db-3f33-53a9-440608e03292,210114961,11496-1-68%,33.1583,124.1174,136.170953,136.170953,135.0,135.0,2023-12-27T18:48:40.000Z,2024-01-02T07:52:20.000Z,loitering,1
f5c79c1a7-7847-0800-9e71-18e275ec30f4,96123187,YUECHANYANGYU12318-7,33.2174,124.1345,133.109203,129.15382,132.0,128.0,2023-12-27T18:49:08.000Z,2024-01-07T01:40:11.000Z,loitering,1
c4a7d2086-61da-54b8-6a8f-67162cb1c17d,10644413,,33.0387,124.169,143.274969,143.85225,142.0,143.0,2023-12-27T18:49:14.000Z,2024-01-01T01:48:25.000Z,loitering,1
f33cc7210-0073-f9c9-b9d8-1c1b076f7df0,96210802,SUGANYU02108-02-87%,31.3244,126.1451,222.421672,203.000375,193.0,199.0,2023-12-27T18:49:51.000Z,2024-01-02T03:27:43.000Z,loitering,1
e3e7dee5e-e889-97b0-809d-35bcf8b8a57b,28670079,SUGANYU02867-79-94%,31.4257,126.1622,200.150859,201.641125,187.0,197.0,2023-12-27T18:50:17.000Z,2024-01-02T04:00:07.000Z,loitering,1
91278302e-e1f7-7cbe-adf2-0c78aa555c16,390906458,QIONGWENYU338225854%,33.147,124.1696,133.865578,134.702234,133.0,134.0,2023-12-27T18:50:54.000Z,2024-01-01T01:14:12.000Z,loitering,1
449545003-3226-be95-36d3-4ad1ac5772b6,608119007,,33.2582,124.1161,128.278062,128.954102,127.0,128.0,2023-12-27T18:50:56.000Z,2024-01-01T16:10:06.000Z,loitering,1
553354d65-50a7-2f4e-f5ff-c687f8444055,100101778,LUGONGYU61082-37-63%,33.1989,124.0839,135.588766,135.588766,135.0,135.0,2023-12-27T18:51:04.000Z,2024-01-01T02:06:11.000Z,loitering,1
ebd676444-4568-0565-acde-77b6a893765c,905659971,56599-71-68%,33.1751,124.0999,136.647531,135.84965599999998,136.0,135.0,2023-12-27T18:53:27.000Z,2024-01-01T16:32:47.000Z,loitering,1
68e027eec-c2ad-3460-5b66-fa551c62778c,28670068,SUGANYU02867-68-99%,31.4139,126.1586,202.374766,201.641125,188.0,197.0,2023-12-27T18:53:32.000Z,2024-01-02T03:55:48.000Z,loitering,1
9db7d626b-b283-3bed-f059-d082fb6257df,934200103,42001-3-99%,30.6956,123.6452,49.080117,45.883832000000005,74.0,73.0,2023-12-27T18:53:45.000Z,2024-01-02T05:23:28.000Z,loitering,1
e05f9a004-4c01-51b9-2c38-534b17911ac5,123030030,90901-30-23%,21.9033,116.6314,116.015906,117.639438,112.0,117.0,2023-12-27T18:54:52.000Z,2024-01-02T04:55:28.000Z,loitering,1
03d703362-2b7d-d300-eec7-dbf02cea4fc1,60561712,,31.3354,126.1497,205.460422,215.686766,192.0,211.0,2023-12-27T18:55:38.000Z,2024-01-02T03:34:16.000Z,loitering,1
90465b430-0eab-a25b-e718-08017c93535e,601365601,SUQIYU03656-01,32.5686,124.5022,174.361125,174.670344,173.0,174.0,2023-12-27T18:56:29.000Z,2024-01-02T04:51:55.000Z,loitering,1
840afcbd7-7fbf-81c8-8c1a-e54dacdaafaa,605659911,,33.2161,124.1005,132.703312,132.703312,132.0,132.0,2023-12-27T18:56:54.000Z,2024-01-01T02:03:45.000Z,loitering,1
b86f482c9-94ef-2e85-22db-5977b25eed23,123026637,ZHEDAIYU03205-Z766%,33.1914,124.084,136.37018799999998,136.37018799999998,135.0,135.0,2023-12-27T18:57:23.000Z,2024-01-01T02:02:29.000Z,loitering,1
74c4f1be3-3cec-1021-f9e8-509eb92aa525,100329930,ZHE DAIYU 03299--30,33.1079,124.1182,140.28146900000002,140.28146900000002,139.0,139.0,2023-12-27T18:59:18.000Z,2024-01-01T02:06:16.000Z,loitering,1
6908722a8-82c2-53c8-2e67-ec9b93496fd0,710026490,WILDEBEEST,-22.4776,-40.0881,1.111949,0.0,106.0,108.0,2023-12-27T18:59:37.000Z,2024-01-01T20:59:15.000Z,loitering,1
d13e07109-9d14-1793-8f91-f648373b381b,767683657,LURONGYU58520-81-62%,33.2929,124.0697,128.02525,130.207141,127.0,129.0,2023-12-27T18:59:43.000Z,2024-01-08T16:03:49.000Z,loitering,1
2636a5106-61b2-e625-633d-5e4f4f029c8b,96123181,YUECHANYANGYU12318-1,33.1743,124.1494,133.45684400000002,133.45684400000002,133.0,133.0,2023-12-27T18:59:50.000Z,2024-01-01T01:29:37.000Z,loitering,1
493405981-1413-e0a6-99ff-3c69f4857a58,106000059,ZHE DAI YU04850-16,29.6044,122.9801,36.780387000000005,34.1505,63.0,60.0,2023-12-27T18:59:56.000Z,2024-01-02T05:50:11.000Z,loitering,1
2dff371bb-b223-5a20-173e-c9642ebfc74c,605659908,,33.192,124.1165,133.75493799999998,133.75493799999998,133.0,133.0,2023-12-27T19:01:16.000Z,2024-01-01T16:32:05.000Z,loitering,1
2dcaca439-91f5-410f-311f-211c6b5a459c,587700006,LURONGYU58770-06-95%,33.2049,124.1696,128.932953,129.744266,128.0,129.0,2023-12-27T19:02:00.000Z,2024-01-01T01:03:19.000Z,loitering,1
4f07a8ce8-828f-f7c9-b532-e3d436f5b084,607226108,,33.1606,124.1043,136.808734,137.449781,136.0,137.0,2023-12-27T19:02:22.000Z,2024-01-02T08:00:54.000Z,loitering,1
b6ef44d5c-c05f-63cd-66b5-885779f41af4,104008806,208-6-76%,33.088,124.1179,141.953312,142.565719,141.0,142.0,2023-12-27T19:05:18.000Z,2024-01-01T02:44:20.000Z,loitering,1
4894e0b5b-bdff-00f5-eb1c-147407c9f7a7,607226106,,33.1665,124.0997,136.647531,136.647531,136.0,136.0,2023-12-27T19:05:20.000Z,2024-01-01T16:24:08.000Z,loitering,1
acda8d082-2302-11fa-88d7-5ab83ea21f18,96231812,YUECHANGYU12318-12,33.1662,124.1496,133.45684400000002,133.45684400000002,133.0,133.0,2023-12-27T19:05:49.000Z,2024-01-01T01:18:34.000Z,loitering,1
628566d8c-c51a-b2b6-fd08-3f681ee4581a,587700020,LURONGYU58770-20-99%,33.216,124.1674,128.126156,128.126156,127.0,127.0,2023-12-27T19:06:38.000Z,2024-01-01T00:49:22.000Z,loitering,1
c5e2e940e-eee0-880d-5c0d-fbeaeac0b927,96231814,YUECHANGYU12318-14,33.2166,124.1368,132.46679699999999,129.15382,132.0,128.0,2023-12-27T19:06:49.000Z,2024-01-05T20:56:55.000Z,loitering,1
6fe073522-255f-36d4-73c5-c465033c4ffe,105620901,LURONGYU56209-1-80%,33.2578,124.0678,131.68859400000002,131.68859400000002,130.0,130.0,2023-12-27T19:08:41.000Z,2024-01-01T00:58:17.000Z,loitering,1
f6683c4de-e2bf-9a90-f6d0-9dbd7f9716ae,380759188,XYY59188-38_8.1V,33.1872,124.0659,137.031844,137.031844,136.0,136.0,2023-12-27T19:09:11.000Z,2024-01-01T02:11:20.000Z,loitering,1
f7903f122-2d7c-5c4e-04e6-7e58e708e2aa,12345002,,33.2157,124.0831,134.039906,134.039906,133.0,133.0,2023-12-27T19:09:34.000Z,2024-01-01T00:49:25.000Z,loitering,1
6d2a2dcc2-2277-6567-296c-7d8debe59b03,607226103,,33.135,124.1165,138.625141,137.80296900000002,138.0,137.0,2023-12-27T19:09:43.000Z,2024-01-01T16:49:30.000Z,loitering,1
5893b5304-4bce-65ef-8fac-919130b66761,200413009,ZHEDAIYU04130-9-64%,33.2037,124.1018,133.611266,133.482953,133.0,132.0,2023-12-27T19:11:44.000Z,2024-01-02T07:53:49.000Z,loitering,1
c00df97b4-4ee0-2e73-13ad-fbc40f7c5f89,606829053,,33.2114,124.1172,132.166516,132.166516,131.0,131.0,2023-12-27T19:11:46.000Z,2024-01-02T08:03:26.000Z,loitering,1
794be3c35-531a-2689-59e5-bf2b7a8a1c4f,250587023,,33.1609,124.0676,139.392172,139.392172,138.0,138.0,2023-12-27T19:13:29.000Z,2024-01-01T01:21:51.000Z,loitering,1
5caf192af-fc8e-3a59-63ae-ee3ff141df0f,10669638,,33.2291,124.036,135.99682800000002,136.68506200000002,135.0,135.0,2023-12-27T19:13:53.000Z,2024-01-01T01:39:47.000Z,loitering,1
eac508289-9277-2769-5ccd-5094ee5034b6,230323204,,33.1301,124.0528,142.434609,143.08065599999998,142.0,142.0,2023-12-27T19:14:07.000Z,2024-01-01T01:57:35.000Z,loitering,1
01f26da92-2097-1993-45fa-85917f39ef71,99123826,SUQIYU01238-26_8.2V,33.6737,123.0637,181.307938,182.013016,192.0,192.0,2023-12-27T19:14:16.000Z,2024-01-01T08:29:34.000Z,loitering,1
200a107f7-7b1e-ae31-16ac-22342d267b1e,608119013,,33.2409,124.1165,129.81884399999998,130.487062,129.0,129.0,2023-12-27T19:14:20.000Z,2024-01-01T16:14:44.000Z,loitering,1
e47900e49-9f37-2da0-3c73-3d2236eb030a,608119004,,33.2412,124.1165,129.81884399999998,129.81884399999998,129.0,129.0,2023-12-27T19:14:42.000Z,2024-01-01T16:26:04.000Z,loitering,1
e728cb51a-af12-5731-06fd-c80f2e566601,608119030,,33.2323,124.1005,131.92842199999998,131.92842199999998,131.0,131.0,2023-12-27T19:14:49.000Z,2024-01-01T00:41:36.000Z,loitering,1
b4a14e990-071f-2f67-9009-7611fe01a880,10669645,,33.2374,124.0362,135.2495,135.941438,134.0,135.0,2023-12-27T19:15:11.000Z,2024-01-01T01:44:05.000Z,loitering,1
f2f743ff2-24a3-d03d-3dc2-6406243d79cd,209232295,SUQIYU02322-95_8.0V,33.1755,124.1,136.002781,136.50134400000002,135.0,136.0,2023-12-27T19:15:23.000Z,2024-01-01T16:56:08.000Z,loitering,1
24d650687-7713-077b-b8b2-a1e2648d3ea5,587700019,LURONGYU58770-19-95%,33.2054,124.1534,129.572891,131.01977300000001,129.0,130.0,2023-12-27T19:15:43.000Z,2024-01-01T00:09:47.000Z,loitering,1
ce8918e88-84c7-5b5c-138b-e93a85293560,608119005,,33.2292,124.1038,131.260953,131.92842199999998,130.0,131.0,2023-12-27T19:15:49.000Z,2024-01-01T00:42:58.000Z,loitering,1
341e443dd-dd9f-4289-a786-a3f16808a642,605885092,,33.2563,124.1044,128.954102,130.39329700000002,128.0,129.0,2023-12-27T19:16:31.000Z,2024-01-01T00:27:43.000Z,loitering,1
5554a8b28-81ef-b063-4ce3-fb6381ef4ac2,605885091,,33.2407,124.1013,131.15840599999999,131.15840599999999,130.0,130.0,2023-12-27T19:16:51.000Z,2024-01-01T00:55:24.000Z,loitering,1
7648c2d3c-cfc5-075c-f706-662f38b266dc,10663611,,33.148,124.0525,140.045906,142.28371900000002,139.0,141.0,2023-12-27T19:17:04.000Z,2024-01-01T01:56:05.000Z,loitering,1
4d137de4d-da4d-2d86-c035-bea06073b2d9,191215502,SUQIYU03155-02_8.0V,33.116,124.0172,145.82757800000002,145.82757800000002,145.0,145.0,2023-12-27T19:18:29.000Z,2024-01-01T02:04:41.000Z,loitering,1
1bcb7605e-ed3a-7908-279a-8ea025c33254,608119012,,33.2332,124.1159,130.596617,131.260953,130.0,130.0,2023-12-27T19:18:33.000Z,2024-01-01T16:28:08.000Z,loitering,1
2f6458210-0f2f-7c46-c0e9-796d4e476ce1,910086110,00861-10-43%,33.2126,124.1022,132.823141,133.482953,132.0,132.0,2023-12-27T19:18:34.000Z,2024-01-01T01:41:17.000Z,loitering,1
408abe24e-e8ca-2e63-11df-3eac8910f2e7,310672381,,33.1486,124.0699,140.187766,140.187766,139.0,139.0,2023-12-27T19:18:50.000Z,2024-01-01T01:42:37.000Z,loitering,1
65881730d-de97-e48d-d518-835c8d4203c3,608119026,,33.2496,124.1009,130.39329700000002,130.39329700000002,129.0,129.0,2023-12-27T19:18:54.000Z,2024-01-01T01:11:48.000Z,loitering,1
47d2b21d7-77be-ab50-c287-d940f36bb0e3,48640005,,32.9651,124.1222,151.71290599999998,153.162906,151.0,152.0,2023-12-27T19:19:01.000Z,2024-01-01T03:00:58.000Z,loitering,1
3c63916d9-9349-8e5a-6ec3-1c75e30579cc,10669677,,33.2451,124.0375,134.507203,135.941438,133.0,135.0,2023-12-27T19:19:18.000Z,2024-01-01T01:24:56.000Z,loitering,1
0fc9d2110-09b0-7435-a410-93325296fe23,931661969,16619-69-99%,33.2354,124.1665,127.32396899999999,126.526461,126.0,126.0,2023-12-27T19:19:41.000Z,2024-01-06T22:43:27.000Z,loitering,1
e15999bf2-28a9-2072-dc3d-31b53bdd89d4,96628280,ZHEDAIYU06282-8051%,33.1997,124.1506,131.01977300000001,131.01977300000001,130.0,130.0,2023-12-27T19:19:49.000Z,2024-01-01T00:12:51.000Z,loitering,1
f7f2a2340-0847-bcb1-e153-bf744d5cb89b,96661623,MINFUDINGYU06616-23,33.1644,124.0903,137.295516,138.094078,136.0,137.0,2023-12-27T19:21:11.000Z,2024-01-01T12:19:00.000Z,loitering,1
c466a239b-bd59-b303-7900-73b9c497f8e0,994164666,NUSA LESTARI 1B   9V,-7.2102,135.1099,59.757152000000005,72.97782000000001,50.0,59.0,2023-12-27T19:21:19.000Z,2024-01-01T05:54:37.000Z,loitering,1
48f36a5c1-101e-0f30-a270-488d49e1f691,525900901,ARTA MINABAROKAH 01,-5.8952,136.2476,110.373148,121.632945,120.0,130.0,2023-12-27T19:21:49.000Z,2024-01-03T00:52:22.000Z,loitering,1
1d441324f-f0e8-d6f5-0ff7-4b992566635b,44138040,SUQIYU04413*40_7.7V,32.6597,123.1189,130.488602,130.488602,147.0,147.0,2023-12-27T19:22:07.000Z,2024-01-10T06:34:01.000Z,loitering,1
88f93dd46-670b-ec99-184d-1f633274be07,99002962,WANGBIAO-2962  100%,-18.7344,170.2499,125.359617,109.914945,99.0,64.0,2023-12-27T19:22:36.000Z,2024-01-02T16:40:04.000Z,loitering,1
248e8d22d-d9b8-f924-5855-6b2602e12f20,587700029,LURONGYU58770-29-99%,33.2298,124.1539,127.97180499999999,128.623031,127.0,128.0,2023-12-27T19:23:08.000Z,2024-01-01T00:40:19.000Z,loitering,1
fcb66a395-548e-e648-7486-62abab983243,9870019,,33.2365,124.0022,137.33357800000002,138.766344,136.0,137.0,2023-12-27T19:23:21.000Z,2024-01-01T01:51:05.000Z,loitering,1
1ff8496c0-0d85-e0e0-992a-d1102f60b33f,9870017,,33.2259,124.0026,138.069859,139.504016,137.0,138.0,2023-12-27T19:23:40.000Z,2024-01-01T01:53:38.000Z,loitering,1
2a14e50a2-2d2d-1fee-24ec-b8a2379da84f,585209339,58520-93-97%,33.273,124.0511,132.33765599999998,132.33765599999998,131.0,131.0,2023-12-27T19:23:52.000Z,2024-01-01T00:54:19.000Z,loitering,1
b90703641-14e1-b028-a11d-11c2b0b3ea50,64750023,,33.1921,124.0678,137.031844,137.69654699999998,136.0,137.0,2023-12-27T19:24:12.000Z,2024-01-01T01:55:36.000Z,loitering,1
3f4304846-624e-0601-5bb3-e89e16427e5a,605659910,,33.184,124.1149,134.55592199999998,134.40396900000002,134.0,134.0,2023-12-27T19:24:20.000Z,2024-01-01T16:35:08.000Z,loitering,1
de8b0177f-fb94-5bdd-47c7-607a9a35b54e,608119009,,33.2658,124.1164,127.515227,127.515227,126.0,126.0,2023-12-27T19:24:34.000Z,2024-01-01T16:20:35.000Z,loitering,1
962bf7633-3885-d893-b02b-8fd502f83fbf,608119014,,33.2652,124.1004,128.87825,129.633227,128.0,128.0,2023-12-27T19:25:22.000Z,2024-01-01T00:57:11.000Z,loitering,1
cee48f75a-a7f3-9925-5f16-ee6de582e1c9,10663604,,33.2125,124.0849,134.14592199999998,134.811969,133.0,134.0,2023-12-27T19:26:17.000Z,2024-01-01T01:22:54.000Z,loitering,1
c3d5417fb-b96c-5948-b5b4-41c49348f163,627101332,LIN71013--32-58%,33.3208,124.044,129.459461,129.459461,128.0,128.0,2023-12-27T19:26:39.000Z,2024-01-01T01:03:18.000Z,loitering,1
97c660414-4d26-21b3-7025-9635532951c3,9870003,,33.2198,124.0193,137.376078,138.870859,136.0,138.0,2023-12-27T19:27:36.000Z,2024-01-01T16:00:07.000Z,loitering,1
e9e6429a6-639f-9295-a382-59d0c5302ee2,906828103,06828-103-99%,30.1708,123.19,24.138158,24.133303,39.0,37.0,2023-12-27T19:28:06.000Z,2024-01-01T01:41:18.000Z,loitering,1
e12627313-3a68-6df6-cdb5-1d593cd62d13,100001018,ZHE DAI YU 06666-01,33.1125,124.0187,146.622328,147.27345300000002,146.0,146.0,2023-12-27T19:28:25.000Z,2024-01-01T02:00:16.000Z,loitering,1
38193a221-1d1f-4e41-84f2-b7082c89ed78,12345003,,33.2544,124.0699,131.68859400000002,132.437125,130.0,131.0,2023-12-27T19:28:27.000Z,2024-01-01T01:22:15.000Z,loitering,1
8ae9544d9-9b2a-a340-0229-b48aafc74c51,608119003,,33.246,124.1034,129.718078,131.15840599999999,129.0,130.0,2023-12-27T19:29:27.000Z,2024-01-01T01:11:22.000Z,loitering,1
c7de203a4-4c95-63c2-480b-766a8b360c5f,910135814,01358-14-90%,33.2278,124.0829,131.752875,134.811969,131.0,134.0,2023-12-27T19:29:35.000Z,2024-01-01T00:05:22.000Z,loitering,1
474b810e1-1c30-191b-638c-e2cfbcf9e693,60680625,,33.2729,124.0338,133.741219,133.741219,132.0,132.0,2023-12-27T19:29:56.000Z,2024-01-01T01:21:22.000Z,loitering,1
3a30860ca-a99b-9224-8f3d-0f609d1e8a75,36663002,SUGANYU03666-02-70%,33.1528,123.9846,144.705234,146.145906,144.0,145.0,2023-12-27T19:30:12.000Z,2024-01-01T02:13:57.000Z,loitering,1
467daeccc-c7ab-5ac9-02c5-b5ba9e9fc9ca,412300077,08218-4-84%,33.3165,124.062,128.747055,128.03732,127.0,127.0,2023-12-27T19:30:18.000Z,2024-01-07T22:01:49.000Z,loitering,1
60e00941d-d8bb-0f7f-ffa9-f2ad02e96982,10669734,,33.2375,124.0361,136.749109,135.202859,136.0,134.0,2023-12-27T19:30:36.000Z,2024-01-01T01:52:52.000Z,loitering,1
89cc390ba-acb2-5d80-e6a6-ce0899939426,506004550,ZHE DAI YU60045YY-50,33.2369,124.0691,133.190703,133.874078,132.0,133.0,2023-12-27T19:31:23.000Z,2024-01-01T01:36:02.000Z,loitering,1
e29475ce3-3c19-574b-8679-b89a04c2d916,96195977,01959-7776%,26.8494,123.4257,210.688141,188.51190599999998,88.0,121.0,2023-12-27T19:31:52.000Z,2024-01-01T08:48:43.000Z,loitering,1
84f7c27b3-3ec1-317e-2beb-72b17359ef08,62599573,,33.2659,124.0679,130.94525,130.94525,130.0,130.0,2023-12-27T19:32:31.000Z,2024-01-01T00:49:04.000Z,loitering,1
1af8e9baf-f616-f726-ea07-500637a020dd,10669694,,33.2486,124.0351,134.507203,135.202859,133.0,134.0,2023-12-27T19:33:08.000Z,2024-01-01T01:29:00.000Z,loitering,1
9d2bd4cb7-74bf-ff61-fc5a-0c0f51312d22,600450015,,33.2624,124.0701,131.68859400000002,131.68859400000002,130.0,130.0,2023-12-27T19:34:25.000Z,2024-01-01T01:16:41.000Z,loitering,1
5dec581de-eb55-dbb9-a6c3-f2d062edd7b9,902193690,04836-90-99%,30.1377,123.2122,27.127004,26.173102,42.0,42.0,2023-12-27T19:34:27.000Z,2024-01-01T01:48:02.000Z,loitering,1
7808bc4d4-488a-6c87-01d7-59c586079823,10452874,,33.3842,124.0661,123.135414,123.873094,121.0,122.0,2023-12-27T19:34:54.000Z,2024-01-07T11:45:55.000Z,loitering,1
3481deebe-ef55-4b60-dd0d-cc17d5be9007,900000049,V,33.2917,124.035,131.590125,132.300797,130.0,131.0,2023-12-27T19:35:08.000Z,2024-01-01T01:07:52.000Z,loitering,1
2e9a8c80c-ce2c-99c4-afda-16976d8f6c1a,10663610,,33.3742,124.0334,126.765773,126.765773,125.0,125.0,2023-12-27T19:35:09.000Z,2024-01-01T15:55:32.000Z,loitering,1
82b7431f4-4dad-fe59-7031-fefca68c47cf,61006606,,33.277,124.0532,130.905773,131.607203,130.0,130.0,2023-12-27T19:35:23.000Z,2024-01-01T01:10:29.000Z,loitering,1
cade9f0c2-26ae-e8dd-88ba-e16013fb85c8,10679090,,33.3098,124.1214,122.446844,126.613125,121.0,125.0,2023-12-27T19:36:26.000Z,2024-01-05T21:32:06.000Z,loitering,1
9e1210b91-1ea7-1959-7088-03fc250438b5,9870016,,33.2397,124.0005,138.033672,138.033672,137.0,137.0,2023-12-27T19:36:50.000Z,2024-01-01T01:47:10.000Z,loitering,1
f89f836c9-99bc-b4d2-918c-c0862b510234,922088876,ZHEDANYU20888-76-87%,33.3059,124.0994,125.17071899999999,128.128492,124.0,127.0,2023-12-27T19:37:26.000Z,2024-01-01T00:38:35.000Z,loitering,1
f25586bff-f028-b9b7-d031-5ba111fc872d,48610009,ZHEDAIYU04861-B9 76%,33.3028,124.0336,131.588766,131.588766,130.0,130.0,2023-12-27T19:38:04.000Z,2024-01-01T01:33:23.000Z,loitering,1
d051ad78b-b905-a224-2b3f-650fa9277de5,41660815,SUDONGTAIYU06608--15,33.3224,124.0027,133.730016,129.663328,132.0,128.0,2023-12-27T19:39:25.000Z,2024-01-01T01:18:55.000Z,loitering,1
0e8dae173-3447-923b-3c15-98ad06db6698,15852007,LURONGYU58520-10778%,33.2889,124.0463,133.018297,129.453414,132.0,128.0,2023-12-27T19:39:28.000Z,2024-01-17T12:35:58.000Z,loitering,1
96da660c0-00d4-3429-d4f8-544a717c418e,10669556,,33.2654,124.0359,133.038078,133.038078,132.0,132.0,2023-12-27T19:39:37.000Z,2024-01-01T01:27:01.000Z,loitering,1
e4232ed7c-c73f-474b-d388-3ec77cca1730,96009591,00959-1-44%,26.8215,123.4235,212.297156,188.84384400000002,85.0,118.0,2023-12-27T19:39:49.000Z,2024-01-01T08:49:01.000Z,loitering,1
2c52f0eee-eb47-abe9-e5dc-c9d78ffe1bbd,10669662,,33.232,124.034,136.68506200000002,136.68506200000002,135.0,135.0,2023-12-27T19:39:49.000Z,2024-01-01T00:53:17.000Z,loitering,1
2274788db-bcf8-51e6-e223-2b3c7ddf639b,258107000,OLYMPIC DELTA,26.8783,-90.7879,18.929085999999998,26.686783,236.0,244.0,2023-12-27T19:50:25.000Z,2024-01-03T21:55:14.000Z,loitering,1
4b242cf4f-fb9d-16cf-852b-38d8d755d35c,413692000,ZHONG HAI CHANGYUN 2,38.5065,118.318,0.870221,1.411953,38.0,39.0,2023-12-27T19:56:08.000Z,2024-01-02T19:59:44.000Z,loitering,1
dfc9dbd4a-aa9c-fd00-7481-6a2060a74c9b,656532656,58520-72--72-90%,33.3168,124.0459,128.740008,129.459461,127.0,128.0,2023-12-27T20:01:54.000Z,2024-01-01T01:31:22.000Z,loitering,1
7832bf6e1-1985-aa14-ff0d-cb316fed689e,11247982,,33.1992,124.0999,134.267281,134.267281,133.0,133.0,2023-12-27T20:03:01.000Z,2024-01-01T00:41:57.000Z,loitering,1
d2cb0e59c-c250-deeb-fe0c-a37e130d54b3,750341703,SUQIYU03417-03_7.9V,33.3693,123.9821,129.754133,130.50692999999998,128.0,129.0,2023-12-27T20:03:45.000Z,2024-01-01T01:26:16.000Z,loitering,1
d96d9d0ce-e0c7-2bca-65c5-bac7f83912e4,15852003,LURONGYU58520-10375%,33.2691,124.0533,131.64004699999998,132.33765599999998,130.0,131.0,2023-12-27T20:03:59.000Z,2024-01-01T01:03:56.000Z,loitering,1
1954b5131-1d09-ca1c-39f6-6e4ae9489325,3488005,SUQIYU03348-05_8.0V,33.3315,124.0007,131.679078,131.679078,130.0,130.0,2023-12-27T20:04:16.000Z,2024-01-01T01:24:30.000Z,loitering,1
b407faa56-63c4-1b3b-bad7-c75e1cc6ee42,609228916,SUQIYU02289--16,33.3286,123.9805,133.829297,133.152891,132.0,131.0,2023-12-27T20:04:31.000Z,2024-01-01T00:25:06.000Z,loitering,1
ff254b533-3759-0fe2-1a82-c057d911a44d,96590002,00959-2-99%,26.8372,123.415,210.349234,187.503359,88.0,119.0,2023-12-27T20:04:41.000Z,2024-01-01T08:10:57.000Z,loitering,1
8620b1ef9-9d16-7b0a-501a-92cfd9db7e77,154601713,46017-13-99%,27.157,122.8414,127.75069500000001,137.330969,158.0,160.0,2023-12-27T20:05:33.000Z,2024-01-02T05:45:13.000Z,loitering,1
591c17427-797b-b720-9645-6dd795d99cd0,48610010,ZHEDAIYU04861-B1079%,33.3173,124.0338,130.18151600000002,130.18151600000002,129.0,129.0,2023-12-27T20:08:06.000Z,2024-01-01T01:15:24.000Z,loitering,1
b688a1552-2acb-07da-01d8-505d1795edec,666666011,666666-11-80%,33.3784,124.0229,126.84833599999999,126.84833599999999,125.0,125.0,2023-12-27T20:08:22.000Z,2024-01-01T12:08:47.000Z,loitering,1
53cd6d326-631d-1111-66ee-7cfc5d4977c2,13604832,YUENANAO36048-32 82%,33.3999,124.0474,124.037609,123.287227,122.0,122.0,2023-12-27T20:08:29.000Z,2024-01-05T16:50:36.000Z,loitering,1
43a241aaf-f329-734c-855b-c0555f819c31,100334812,SUQIYU03348-12-90%,33.3331,124.0001,131.679078,131.679078,130.0,130.0,2023-12-27T20:08:46.000Z,2024-01-01T01:24:25.000Z,loitering,1
972999633-36a1-a7c1-57c2-447cb6d74331,577200920,ZHESHENGYU05577-20,33.3726,124.061,124.54956200000001,123.873094,123.0,122.0,2023-12-27T20:08:46.000Z,2024-01-05T17:01:15.000Z,loitering,1
46143ba6f-f068-777d-1118-6b1eeb22ebee,604520080,ZHEDAIYU0452080-68%,33.3293,124.046,128.03732,128.03732,127.0,127.0,2023-12-27T20:09:13.000Z,2024-01-01T01:14:46.000Z,loitering,1
ca0f22402-2a73-6f8d-7dcd-ca23356efe57,58520062,,33.3021,124.0468,130.874312,130.162508,129.0,129.0,2023-12-27T20:09:41.000Z,2024-01-08T16:04:10.000Z,loitering,1
e1f2e387a-a3fd-abde-b751-61c15b64c293,609230811,SUQIYU02308-----11,33.3396,124.0001,131.001172,131.001172,129.0,129.0,2023-12-27T20:09:42.000Z,2024-01-01T01:15:48.000Z,loitering,1
0e92b3c81-1b66-751f-94cd-f36cc5b29f1e,15220818,YUELIANYU15015-18,33.3746,124.0892,120.186773,123.873094,119.0,122.0,2023-12-27T20:09:56.000Z,2024-01-05T17:03:54.000Z,loitering,1
3024959ee-e2b8-9d49-f290-49d7554ba885,96004510,60045-10-49%,33.373,124.0393,126.02457799999999,126.02457799999999,124.0,124.0,2023-12-27T20:10:20.000Z,2024-01-01T11:40:01.000Z,loitering,1
37038c6b7-7cce-c975-4a62-74179ba307bf,32387372,SUQIYU03238-72_8.1V,33.4328,124.0336,122.873742,122.873742,121.0,121.0,2023-12-27T20:10:40.000Z,2024-01-01T01:07:42.000Z,loitering,1
422a3670e-eaf5-3817-da25-df222223c3e1,48610005,ZHEDAIYU04861-B5 98%,33.3219,124.0257,130.882312,130.214875,129.0,129.0,2023-12-27T20:11:15.000Z,2024-01-05T17:20:06.000Z,loitering,1
7361a015f-f6ef-1b07-6c5b-fe3a72da52a9,51880005,SUQIYU05188-005_8.0V,33.3827,124.0061,127.702914,127.59807,126.0,126.0,2023-12-27T20:11:45.000Z,2024-01-01T00:11:27.000Z,loitering,1
d6c1afd7c-c907-73ed-846e-5669f8963ffb,70341024,SUQIYU03410-24,33.413,124.0198,124.903656,124.903656,123.0,123.0,2023-12-27T20:12:04.000Z,2024-01-01T01:06:35.000Z,loitering,1
818fbf86b-b5db-34b8-ade0-e2eed2906ada,40518806,,33.3793,124.0054,127.59807,127.59807,126.0,126.0,2023-12-27T20:12:06.000Z,2024-01-01T00:00:07.000Z,loitering,1
5823eb792-28b7-2d40-1b87-cc53b9b06737,44138036,SUQIYU04413*36_8.0V,32.6361,123.1207,129.033891,129.511062,145.0,146.0,2023-12-27T20:12:28.000Z,2024-01-03T20:10:07.000Z,loitering,1
567dcda3b-bb11-a30d-c398-46e08401c37f,31080005,,33.3915,124.0343,125.44242200000001,125.44242200000001,124.0,124.0,2023-12-27T20:12:32.000Z,2024-01-02T08:02:55.000Z,loitering,1
4f4d08623-3f15-1126-84ab-d117110a29d6,365022,SUQIYU03650-2207%,33.4371,124.0196,123.01870299999999,123.01870299999999,121.0,121.0,2023-12-27T20:12:46.000Z,2024-01-01T01:11:01.000Z,loitering,1
85cfad9d9-934e-3ea9-0595-93c8b2d29536,22891032,SUQIYU02289-32_8.0V,33.3403,123.98,132.482344,132.482344,131.0,131.0,2023-12-27T20:12:52.000Z,2024-01-01T01:41:25.000Z,loitering,1
765876490-04bb-787e-35d1-eaf7ce690dea,750341718,SUQIYU03417-18_7.9V,33.3452,123.9832,131.072359,132.482344,129.0,131.0,2023-12-27T20:13:10.000Z,2024-01-01T01:16:52.000Z,loitering,1
f67220126-6f36-2ac7-5a22-7a590c6cda7f,43348104,SUQIYU03348-104,33.3291,124.0019,131.679078,131.679078,130.0,130.0,2023-12-27T20:13:14.000Z,2024-01-01T01:17:02.000Z,loitering,1
3b229bec5-5a58-e9b5-db04-ce9bfc71a1f4,123039221,ZHEDAIYU04861-B1162%,33.2951,124.032,131.588766,131.588766,130.0,130.0,2023-12-27T20:13:22.000Z,2024-01-01T01:23:35.000Z,loitering,1
95186dfe0-0966-b89f-d22c-c0ea51f512c8,96310851,SUQIYU03108-5159%,33.3668,124.0185,127.509359,127.509359,126.0,126.0,2023-12-27T20:13:23.000Z,2024-01-01T01:15:45.000Z,loitering,1
e7e4ce4ce-e486-0acb-0549-f9120916b3bc,58520061,,33.3206,124.0199,130.906125,130.906125,129.0,129.0,2023-12-27T20:13:24.000Z,2024-01-01T00:57:37.000Z,loitering,1
5d462ef9c-c13a-d2bf-29e6-e45cb844699d,60580111,,33.3673,124.038,126.699484,126.02457799999999,125.0,124.0,2023-12-27T20:13:56.000Z,2024-01-02T08:32:50.000Z,loitering,1
79854f631-1407-b80b-5576-efd296ff2c84,786566562,,33.2782,124.0508,131.607203,131.607203,130.0,130.0,2023-12-27T20:14:56.000Z,2024-01-08T16:29:59.000Z,loitering,1
486821706-64a8-c21c-fefe-5623a0fe8994,365001,SUQIYU03650-0104%,33.3868,124.0325,122.404133,129.459461,120.0,128.0,2023-12-27T20:15:07.000Z,2024-01-08T12:33:15.000Z,loitering,1
65bf69ff2-289d-c7e6-0b52-6e2f715c2920,61187038,,29.6119,122.9929,38.11925,35.409125,65.0,57.0,2023-12-27T20:15:09.000Z,2024-01-01T17:51:29.000Z,loitering,1
13a145115-53c5-cd3c-b02f-e604a60c6abe,221005433,YUELEIYU16616---5,33.3441,124.0642,126.615891,125.19520299999999,125.0,124.0,2023-12-27T20:15:10.000Z,2024-01-07T01:42:09.000Z,loitering,1
b4bdf2354-4d62-7733-8f39-768e09b0dddb,15852002,LURONGYU58520-10267%,33.2894,124.0579,130.176883,130.176883,129.0,129.0,2023-12-27T20:15:29.000Z,2024-01-01T00:46:39.000Z,loitering,1
c9bc4a4b8-8e49-dd55-2e87-f24e7992878c,10449841,SUQIYU04498*41_7.9V,32.5889,123.1916,133.250484,133.250484,149.0,149.0,2023-12-27T20:16:24.000Z,2024-01-01T10:59:39.000Z,loitering,1
0db81338f-fc92-fcd0-6532-e483983a0a6c,238220126,SUQIYU03238-126-68%,33.4308,124.0425,122.109461,121.347414,120.0,119.0,2023-12-27T20:16:33.000Z,2024-01-01T11:15:46.000Z,loitering,1
aa4ccbb5c-c8aa-2b3c-d9c3-c0f3f04b24a2,12770208,ZHEDAIYU01277-208,31.6357,125.6141,184.620297,184.620297,181.0,181.0,2023-12-27T20:16:59.000Z,2024-01-01T12:21:25.000Z,loitering,1
63f05059d-d680-e973-b55b-c9ebf7eebd6e,26323803,SU QI YU 03238---03,33.4451,124.0377,120.858086,121.48029700000001,119.0,120.0,2023-12-27T20:17:09.000Z,2024-01-01T00:13:57.000Z,loitering,1
df12c2ed4-4cb2-9d5f-82b2-25c79f3781c9,15220814,YUELIANYU15015-14,33.3749,124.0942,119.469219,123.873094,118.0,122.0,2023-12-27T20:17:45.000Z,2024-01-07T02:08:43.000Z,loitering,1
210873333-36ce-15be-394c-de2094b540bc,21581117,ZHEDAIYU03299--17,33.3804,124.0328,125.355891,126.10092999999999,124.0,124.0,2023-12-27T20:17:59.000Z,2024-01-01T16:08:28.000Z,loitering,1
c3e89fadf-fc19-db12-410f-180a9d8e0f21,32387371,SUQIYU03238-71_8.1V,33.4082,124.0338,124.14480499999999,124.14480499999999,122.0,122.0,2023-12-27T20:18:05.000Z,2024-01-01T00:54:13.000Z,loitering,1
42a93b52e-e7d3-fc8b-123c-232b89b30be5,211126220,12262-20-55%,25.5496,121.1678,41.908465,41.908465,42.0,42.0,2023-12-27T20:18:19.000Z,2024-01-07T12:33:48.000Z,loitering,1
69a431d97-73ec-bbff-ef2f-f19a1c079438,61193025,,33.2669,123.9006,143.112438,143.112438,141.0,141.0,2023-12-27T20:18:49.000Z,2024-01-01T16:09:04.000Z,loitering,1
ba4776668-8506-51bf-1fed-de536f79928d,96009593,00959-3-65%,26.8619,123.4135,208.76096900000002,186.669391,91.0,121.0,2023-12-27T20:19:00.000Z,2024-01-01T07:52:27.000Z,loitering,1
e301a64b6-6992-6ac5-3c55-aee9efea3405,96289946,SUGANYU02899-46-60%,31.4725,125.5365,209.838672,201.504453,206.0,197.0,2023-12-27T20:19:50.000Z,2024-01-02T03:11:37.000Z,loitering,1
93c88d81c-cf2d-e632-aa35-43ef99af59f8,10663605,,33.3827,124.0342,126.10092999999999,126.10092999999999,124.0,124.0,2023-12-27T20:20:18.000Z,2024-01-01T11:41:27.000Z,loitering,1
5975d270c-c0bf-2a9a-42d5-aeabe12e7c39,59338901,SUQIYU03389---01,33.3603,123.9409,133.539703,134.067516,132.0,132.0,2023-12-27T20:22:03.000Z,2024-01-01T00:56:27.000Z,loitering,1
ce3afbca9-9407-5519-77b5-d2dd49fec61c,10663616,,33.381,124.017,126.84833599999999,126.84833599999999,125.0,125.0,2023-12-27T20:22:56.000Z,2024-01-01T12:39:32.000Z,loitering,1
7b8007a72-2df5-c369-22cd-4c085bc57e30,2377020,SUQIYU02377---20,33.2416,123.9397,140.18575,144.437672,139.0,143.0,2023-12-27T20:23:30.000Z,2024-01-01T00:47:47.000Z,loitering,1
fcee88cc5-506a-e6b9-7d90-9498d4b398a6,266919101,69191-01-87%,33.4075,124.0186,124.903656,124.903656,123.0,123.0,2023-12-27T20:23:57.000Z,2024-01-01T01:15:22.000Z,loitering,1
8d65fed56-6782-4901-34ca-1230483f3182,365025,SUQIYU03650-2508%,33.446,124.0179,122.404133,123.01870299999999,120.0,121.0,2023-12-27T20:24:01.000Z,2024-01-01T01:15:36.000Z,loitering,1
6edb176cd-dcac-0134-d87b-4581e21db5fa,12127373,SUQIYU01212-73_8.1V,33.3662,123.9587,132.01906200000002,132.01906200000002,130.0,130.0,2023-12-27T20:26:20.000Z,2024-01-01T01:38:01.000Z,loitering,1
032e158d5-5b00-27b8-c059-c0f794fc5059,574565124,CHA  P VY 7-77%,6.6525,107.5746,351.558094,354.585531,205.0,214.0,2023-12-27T20:26:54.000Z,2024-01-01T00:59:29.000Z,loitering,1
4b2a04d58-87ed-9fc3-31a0-6d85a96bceb5,44980018,SUQIYU04498*018_7.6V,32.5741,123.1918,131.248828,134.107328,146.0,150.0,2023-12-27T20:27:55.000Z,2024-01-10T07:22:44.000Z,loitering,1
469262aaf-f2f2-122f-c141-b7ef4717b7ac,1212030,SUQIYU01212-30_8.0V,33.3467,123.9608,133.315406,133.315406,132.0,132.0,2023-12-27T20:28:34.000Z,2024-01-01T01:05:09.000Z,loitering,1
6837f9dc3-3595-5317-c9f1-9addffc8b1ae,413100000,EFG,33.4968,124.0838,115.493891,113.151281,113.0,111.0,2023-12-27T20:31:21.000Z,2024-01-01T10:11:46.000Z,loitering,1
578ac4b4d-db46-094c-81da-4661645f95ea,26022563,ZHE DAI YU 02256-03,33.504,123.9356,125.30518000000001,126.655969,123.0,124.0,2023-12-27T20:33:42.000Z,2024-01-01T01:39:30.000Z,loitering,1
e2c9781d8-819d-1cb8-a9fa-bb48079cab23,901968001,HAIMENYU01968-1,33.3948,123.9461,131.663641,131.514141,130.0,130.0,2023-12-27T20:34:48.000Z,2024-01-01T00:00:30.000Z,loitering,1
bb8b11a9d-decd-185c-43bf-271ec3f147b6,980449839,SUQIYU04498-39_7.1V,32.4763,123.1892,129.122102,129.122102,143.0,143.0,2023-12-27T20:34:49.000Z,2024-01-05T18:23:48.000Z,loitering,1
b4461ce49-919d-3426-9330-e78ae7737910,23797313,SUQIYU02379-13_8.1V,33.4581,123.9805,124.928102,124.928102,123.0,123.0,2023-12-27T20:43:12.000Z,2024-01-01T01:16:01.000Z,loitering,1
50961d3df-f983-ee51-da9d-73e5a082aacf,422010232,MEHRDAD_2749560-95%,5.1007,59.0692,1099.04775,1122.48975,931.0,995.0,2023-12-27T20:45:50.000Z,2024-01-01T23:53:11.000Z,loitering,1
bdf19669e-e367-80da-4faa-02dde2db8f3e,412158943,TIELONG61589-43-76%,26.7499,121.8137,96.77155499999999,96.988703,105.0,105.0,2023-12-27T20:46:21.000Z,2024-01-03T08:32:58.000Z,loitering,1
43662be4e-e827-8bb6-b3b4-86ab566ce127,32387377,SUQIYU03238-77_8.0V,33.4037,124.0358,124.037609,124.790352,122.0,123.0,2023-12-27T20:48:37.000Z,2024-01-01T01:00:02.000Z,loitering,1
4a95098f4-4464-cc9a-70ed-956d4871766d,329990004,LIAOYINGYU32999-4,33.4886,123.9173,128.009016,128.009016,126.0,126.0,2023-12-27T20:50:09.000Z,2024-01-01T01:52:27.000Z,loitering,1
5d589ac34-4c23-9858-fb71-c777f135face,96615785,MINPINGYU61578-5G84%,33.4415,124.046,119.46925,122.745469,117.0,121.0,2023-12-27T20:50:24.000Z,2024-01-01T11:20:01.000Z,loitering,1
fb816d45a-a27f-4a2f-f249-81952709fd10,22690010,ZHEDAIYU02269-10-91%,33.4978,123.8425,125.133773,143.856234,123.0,141.0,2023-12-27T20:52:17.000Z,2024-01-01T04:24:16.000Z,loitering,1
15835c3f4-45cd-af3f-1d5a-22587357064f,412149631,TIELONG61496-31-69%,25.4238,120.4291,44.241288999999995,66.657672,45.0,64.0,2023-12-27T20:53:21.000Z,2024-01-07T22:06:01.000Z,loitering,1
4309d1c4b-ba34-975d-bde8-a3f4a50c30ab,230218278,ZHELINYU21827-8-64%,32.164,124.6676,193.363984,183.632625,192.0,182.0,2023-12-27T20:54:19.000Z,2024-01-01T19:36:10.000Z,loitering,1
e0dbefc5f-faaa-04e1-a344-515495ce23c7,412352326,SU QI YU 03444,30.7892,126.0488,273.079594,267.601125,257.0,255.0,2023-12-27T20:56:10.000Z,2024-01-01T08:51:06.000Z,loitering,1
3c7508cf5-52b0-4065-93d3-e86c37d20386,26800073,02680-73-99%,33.8844,123.8155,114.300695,134.771938,109.0,131.0,2023-12-27T20:57:21.000Z,2024-01-03T03:51:40.000Z,loitering,1
c1fb6b6e6-6ead-dafe-ea6b-abf7770fe814,710033430,AH  VALLETTA,-23.4894,-41.0525,3.782098,2.4465410000000003,111.0,110.0,2023-12-27T20:57:33.000Z,2024-01-03T09:54:41.000Z,loitering,1
064325372-28f8-c222-b617-30a080a8e44c,413149611,TIELONG61496-65%,25.4024,120.2432,40.230027,37.574105,41.0,39.0,2023-12-27T20:57:43.000Z,2024-01-01T03:58:48.000Z,loitering,1
ed8bace37-7d94-b40e-9248-62dfb1616632,994008151,S-BUOY001         9V,-12.6284,-129.7764,1017.064938,981.09075,929.0,975.0,2023-12-27T20:57:54.000Z,2024-01-01T23:37:52.000Z,loitering,1
f383b3e52-2537-ba89-8675-e63b170053cb,258200062,LIAODANYU25820-6299%,37.3562,123.6536,83.962547,83.962547,85.0,85.0,2023-12-27T20:58:09.000Z,2024-01-06T10:06:48.000Z,loitering,1
2c2415262-2cf9-50b8-a0e9-9fbe1f72707d,96023562,56078-CC-38%,27.6347,122.517,71.48253100000001,103.100773,104.0,104.0,2023-12-27T20:58:10.000Z,2024-01-01T10:59:10.000Z,loitering,1
2406560de-e515-22b7-093d-a73b44e65e50,314712000,ALPINE,29.381,49.2407,24.223396,24.223396,76.0,76.0,2023-12-27T20:58:57.000Z,2024-01-08T19:38:53.000Z,loitering,1
5c330160e-e566-8d48-de2f-1e6a66cbbb55,412149633,TIELONG61496-33-77%,25.3714,120.2476,42.660992,37.424203,45.0,39.0,2023-12-27T20:59:05.000Z,2024-01-01T03:50:35.000Z,loitering,1
9f48f10ee-e200-c388-6263-ad06d98dd803,636021649,ONE CONTRIBUTION,28.9591,-94.5524,13.551671,13.551671,45.0,45.0,2023-12-27T20:59:07.000Z,2024-01-04T13:59:51.000Z,loitering,1
eac1e34e3-3147-0e19-03e1-28b5f3a9a07f,642122017,BARBAROSA,26.7364,51.3527,54.100699,46.317391,71.0,54.0,2023-12-27T20:59:21.000Z,2024-01-04T12:15:15.000Z,loitering,1
0687b001e-e85c-7055-94d8-b363df1f4458,96058337,56078-77735%,27.6595,122.5233,71.68079700000001,103.17821099999999,102.0,104.0,2023-12-27T21:00:09.000Z,2024-01-01T10:47:47.000Z,loitering,1
1cd39771f-f84c-ecf3-3ecd-0744215ed8e4,804422004,SUQIYU04422*004_7.4V,32.3731,123.1907,123.157234,124.100461,138.0,139.0,2023-12-27T21:03:26.000Z,2024-01-04T07:41:34.000Z,loitering,1
4f628ebc9-9f6f-b6e1-d7cf-2c3d98c06093,26225635,,33.5075,123.9339,126.117148,126.117148,124.0,124.0,2023-12-27T21:03:26.000Z,2024-01-01T01:23:42.000Z,loitering,1
3619fab6c-c49c-ae9a-9da3-edeffba8fb5d,107000046,ZHELIN12282-15-90%,27.4205,122.4022,79.90992200000001,82.928531,112.0,117.0,2023-12-27T21:04:52.000Z,2024-01-01T05:33:53.000Z,loitering,1
877f46f9f-fea1-7725-3b03-3026f7383d12,173200225,32002-25-44%,27.3101,122.9971,120.427961,162.538234,141.0,151.0,2023-12-27T21:06:32.000Z,2024-01-04T16:58:11.000Z,loitering,1
5e6330df3-3cce-4293-3736-c8caaf5cab57,193200226,32002-26-84%,27.2948,122.8689,120.427961,138.99265599999998,141.0,158.0,2023-12-27T21:06:39.000Z,2024-01-03T00:41:02.000Z,loitering,1
1fe515c4b-beee-14b5-d704-d12162287e85,96225621,ZHEDAIYU02256-2166%,33.5131,123.9375,125.30518000000001,125.30518000000001,123.0,123.0,2023-12-27T21:07:17.000Z,2024-01-01T01:25:46.000Z,loitering,1
ee20a8e46-66a0-3952-6547-4a7f8c5dd5d7,271888805,LXK18888-5_7.5V,27.6559,122.5261,72.821797,103.17821099999999,104.0,104.0,2023-12-27T21:07:39.000Z,2024-01-01T10:47:22.000Z,loitering,1
e44c7cea4-4d8e-58b4-8414-6c16a359b686,103000050,ZHEDAIYU02435-34-92%,33.5579,124.0005,117.767969,117.767969,115.0,115.0,2023-12-27T21:07:50.000Z,2024-01-01T00:01:44.000Z,loitering,1
88aa7e82f-f5f0-d3e5-ba6e-ca33b274c6ab,123003925,SUGANYU02680-25-62%,33.9464,123.7684,114.300695,139.12782800000002,109.0,135.0,2023-12-27T21:08:58.000Z,2024-01-02T14:53:55.000Z,loitering,1
64408ebb5-59eb-893e-6031-c6ba26ba33d8,123003930,SUGANYU02680-30-83%,34.1381,123.8674,114.300695,119.765281,109.0,115.0,2023-12-27T21:09:51.000Z,2024-01-07T00:35:12.000Z,loitering,1
a658ae4c8-82d5-399a-0c31-031a0eb22079,99002864,WANGBIAO-2864  55%,-19.4469,171.3779,188.785188,190.292391,127.0,120.0,2023-12-27T21:09:53.000Z,2024-01-01T14:46:41.000Z,loitering,1
65eb95d6e-e0ae-5852-9815-40247f4b8239,412326978,SUQIYU03269-78-56%,32.3497,123.2991,127.15948399999999,127.15948399999999,147.0,147.0,2023-12-27T21:10:50.000Z,2024-01-08T16:09:14.000Z,loitering,1
26c6c213f-f0a6-ebed-7e32-26467d6d23f3,574005590,HAI DUONG 59,10.017,108.1807,111.63064800000001,131.161922,75.0,83.0,2023-12-27T21:19:33.000Z,2024-01-01T23:58:11.000Z,loitering,1
8059ea192-22f1-db43-d239-7f3ea606dbfd,412463248,YUEYANGDONGYU16163,21.4132,113.3847,40.508019999999995,39.260051,54.0,53.0,2023-12-27T21:22:45.000Z,2024-01-04T02:53:01.000Z,loitering,1
67f791f79-9ce6-ff9c-0b90-3b008b19d9e1,33680080,,34.0608,123.8088,119.77532799999999,123.45168,115.0,119.0,2023-12-27T21:23:22.000Z,2024-01-01T08:48:34.000Z,loitering,1
fa70adf25-50d7-823f-2b31-62c58357fbe6,102050012,,33.7374,124.0373,104.97872699999999,108.61693,102.0,105.0,2023-12-27T21:25:33.000Z,2024-01-01T08:02:52.000Z,loitering,1
0a3c064e2-2b0d-9c7c-8472-d9593c77c423,60030008,,34.0976,123.9804,106.121906,105.983242,101.0,101.0,2023-12-27T21:25:38.000Z,2024-01-01T08:18:17.000Z,loitering,1
8d1f949ec-ca82-8c3a-a4b9-54b5e1d7850b,412326957,SUQIYU03269-57-59%,32.2991,123.297,122.743852,122.743852,145.0,145.0,2023-12-27T21:26:56.000Z,2024-01-10T09:07:19.000Z,loitering,1
73894207c-c35e-fb28-a1a0-6c42d2b9dc21,412326959,SUQIYU03269-59-90%,32.3067,123.2968,122.743852,123.619602,145.0,146.0,2023-12-27T21:28:10.000Z,2024-01-05T08:57:16.000Z,loitering,1
9e7659647-73e4-e647-d018-37a56094bcfa,60030011,,34.0973,123.9867,106.121906,105.062586,101.0,100.0,2023-12-27T21:28:13.000Z,2024-01-01T10:01:44.000Z,loitering,1
c485ffdeb-bb61-39a8-1910-0bebb8a83233,60030016,,34.0944,123.9808,106.121906,105.983242,101.0,101.0,2023-12-27T21:30:40.000Z,2024-01-01T08:50:20.000Z,loitering,1
796f5f40b-b87b-aabb-59d9-7def6975c3e8,60030010,,34.0929,123.9865,106.121906,105.039352,101.0,100.0,2023-12-27T21:30:50.000Z,2024-01-01T09:54:33.000Z,loitering,1
1a5eb4d0a-a810-00e1-e5e1-2b01a9b1b5bb,60030005,,34.1075,123.9804,106.121906,106.064047,101.0,101.0,2023-12-27T21:32:02.000Z,2024-01-01T07:55:32.000Z,loitering,1
33aac21a3-3784-e904-f52d-dd3b886589f4,412326971,SUQIYU03269-71-69%,32.307,123.2977,121.00401600000001,125.382312,144.0,146.0,2023-12-27T21:32:16.000Z,2024-01-10T08:52:59.000Z,loitering,1
fa46a3d8c-c398-1e14-ab70-0900e10407ff,44228053,SUQIYU04422*53_8.1V,32.3131,123.1917,117.55982,117.55982,136.0,136.0,2023-12-27T21:33:54.000Z,2024-01-01T12:16:46.000Z,loitering,1
abda37aab-bcfb-924d-d58c-f7aae473190c,96220703,GANYUYU12207-03-53%,32.0315,124.421,181.26918799999999,177.84606200000002,207.0,207.0,2023-12-27T21:34:40.000Z,2024-01-01T07:49:07.000Z,loitering,1
2b1e815a4-48f4-68d8-b423-c09162e52db5,964170195,IMULA 1713 MTR NET 4,-3.7285,66.7564,710.71275,767.339062,552.0,597.0,2023-12-27T21:36:04.000Z,2024-01-05T06:06:31.000Z,loitering,1
74c04617e-e89f-81ef-7f19-04a2f86ccbd8,60030021,,34.0979,123.9811,106.121906,106.01782,101.0,101.0,2023-12-27T21:36:05.000Z,2024-01-01T08:45:41.000Z,loitering,1
d085aaed9-9bef-3cbb-4c9a-a7b2877f5b68,231004321,LUDONGGANGYU61079-60,33.7087,123.9432,116.93181200000001,114.582656,114.0,111.0,2023-12-27T21:36:39.000Z,2024-01-05T14:56:36.000Z,loitering,1
859cf7750-0569-052f-b20f-10210f60c60a,412326965,SUQIYU03269-65-66%,32.3173,123.2975,121.871961,126.269125,145.0,147.0,2023-12-27T21:37:10.000Z,2024-01-10T08:25:11.000Z,loitering,1
a65e822a9-97a4-4e88-b282-831034c8511c,60030007,,34.0995,123.981,106.121906,106.01782,101.0,101.0,2023-12-27T21:39:09.000Z,2024-01-01T08:16:46.000Z,loitering,1
d2ef113bd-dbdb-5dc2-c6b8-f3bd49aa2517,422120073,AL TALHE_NET2-90%,4.9701,57.0746,1080.5375,971.683625,815.0,873.0,2023-12-27T21:41:26.000Z,2024-01-04T18:06:25.000Z,loitering,1
3d85996a1-138e-6945-d4d3-a48297464f4a,410002636,SUQIYU02636,33.4039,123.8472,136.74329699999998,140.662906,134.0,138.0,2023-12-27T21:41:48.000Z,2024-01-01T04:45:37.000Z,loitering,1
721593191-14bb-7825-6376-2912bafbb282,412316560,SUQIYU01656,32.4918,123.4336,146.0465,147.82465599999998,164.0,164.0,2023-12-27T21:43:50.000Z,2024-01-01T06:46:49.000Z,loitering,1
b7da240c4-4d84-d4c3-fd2d-b82ed9e29303,271704315,JIAO17043--15-75%,27.8435,121.7759,20.15743,29.065344,20.0,35.0,2023-12-27T21:44:18.000Z,2024-01-01T00:01:12.000Z,loitering,1
4e638fa3f-f029-8177-c94d-e3d857211f17,41910803,,32.2613,123.2975,119.28025,119.28025,144.0,144.0,2023-12-27T21:44:33.000Z,2024-01-01T12:24:22.000Z,loitering,1
269e6e319-9bc1-3c7d-a994-a521ad1d3152,60030022,,34.1087,123.9814,106.19135899999999,106.01782,101.0,101.0,2023-12-27T21:44:53.000Z,2024-01-01T08:09:35.000Z,loitering,1
5dc8a7309-947d-6dcc-80ac-887153c9874c,100000150,19026-26-88%,33.6498,123.9722,116.42526600000001,115.560969,113.0,113.0,2023-12-27T21:44:54.000Z,2024-01-01T10:04:25.000Z,loitering,1
53e222cff-f6c5-2590-0e60-dfd623752491,412352017,SUQIYU01268,32.4552,123.3879,147.764078,135.470359,166.0,152.0,2023-12-27T21:45:35.000Z,2024-01-02T04:56:10.000Z,loitering,1
9f894c2d2-2681-f6b5-e601-3ea4d2f70a2f,412801902,SUHAIMENYU01902,32.4323,123.3609,137.895812,138.36909400000002,157.0,155.0,2023-12-27T21:48:09.000Z,2024-01-01T05:40:56.000Z,loitering,1
78f6e47fb-bf38-2d1c-d7eb-451496c49416,994008769,LS116-BUOY-029    9V,-5.2519,-145.3543,677.312688,731.313688,567.0,623.0,2023-12-27T21:49:32.000Z,2024-01-02T22:32:21.000Z,loitering,1
8a593027b-b03c-62db-e0df-f9ae363018ed,96282209,SUGANYU02822-09-20%,32.0532,124.6999,200.032797,188.50079699999998,198.0,187.0,2023-12-27T21:49:35.000Z,2024-01-01T07:54:22.000Z,loitering,1
7f5d0c8b2-2ba5-d5ae-94cb-089fe07ccf5f,60030006,,34.1027,123.9801,106.121906,106.064047,101.0,101.0,2023-12-27T21:49:39.000Z,2024-01-01T07:41:51.000Z,loitering,1
5f7e23eb2-2d4b-f170-7a98-2f2d3c8f5afe,96282211,SUGANYU02822-11-39%,32.0684,124.7093,199.237688,187.07568799999999,197.0,185.0,2023-12-27T21:50:19.000Z,2024-01-01T08:42:22.000Z,loitering,1
7a13a4f7e-eb39-8219-f510-c803c8af0d4c,251288005,LIN12880-5--72%,30.5115,126.1802,293.242219,288.594344,264.0,262.0,2023-12-27T21:51:33.000Z,2024-01-02T07:34:00.000Z,loitering,1
75227f000-079c-79d2-64ef-4a9c342e9291,251288012,LIN12880-12--86%,30.4335,126.181,294.653188,290.03925,272.0,265.0,2023-12-27T21:52:45.000Z,2024-01-02T06:57:06.000Z,loitering,1
e7928e762-2c12-ba95-880b-6363cfda4365,258200054,LIAODANYU25820-5499%,37.3715,123.6498,83.951359,83.951359,85.0,85.0,2023-12-27T21:53:29.000Z,2024-01-05T19:25:44.000Z,loitering,1
8950a8e64-4f0f-57be-d906-630a3107dead,11243011,WANGBIAO11243-1-91%,20.941,108.732,14.603864999999999,19.94623,28.0,49.0,2023-12-27T21:54:08.000Z,2024-01-01T06:22:24.000Z,loitering,1
5bf790df2-21cc-9bec-13bb-0905abf529b0,412269057,SUQIYU03269AI57 14V9,32.2519,123.297,118.424625,118.424625,143.0,143.0,2023-12-27T21:55:17.000Z,2024-01-01T12:20:42.000Z,loitering,1
509e28a1d-d045-4e33-463a-26064afdafde,60030015,,34.1112,123.9778,106.064047,106.19135899999999,101.0,101.0,2023-12-27T21:55:29.000Z,2024-01-01T07:08:12.000Z,loitering,1
9e540c84f-fc5d-60a8-16ef-49f4a49eec7e,96054597,SUGANYU02822-A22-39%,31.9953,124.7072,197.98665599999998,192.693062,202.0,191.0,2023-12-27T21:55:52.000Z,2024-01-01T07:22:02.000Z,loitering,1
cc350a8dd-dfae-a35e-cdff-616a45234ed8,32690013,SUQIYU03269-13-64%,32.2224,123.2973,115.045953,116.726328,142.0,142.0,2023-12-27T21:55:54.000Z,2024-01-10T09:00:00.000Z,loitering,1
7bf97e662-2f6e-d457-7bc9-3ec5fe3d4ef5,412431202,ZHERUIYU01239,27.3039,122.056,66.44325,45.623367,99.0,82.0,2023-12-27T21:55:58.000Z,2024-01-02T15:58:19.000Z,loitering,1
554717c1f-f490-2bb8-5e8e-7cd0ce39aa0e,163233320,32333-20-39%,27.546,122.9256,132.075516,129.528672,136.0,139.0,2023-12-27T21:56:35.000Z,2024-01-01T02:25:26.000Z,loitering,1
335f8eef6-619c-398c-74ab-761b23a1801c,96054607,SUGANYU02822-A21-99%,32.0104,124.723,196.608297,186.279,204.0,185.0,2023-12-27T21:56:42.000Z,2024-01-01T08:51:32.000Z,loitering,1
064714710-0f4b-9615-3b7c-83cff72d5265,352774000,PV DRILLING VI,4.5419,113.6406,4.571116,0.0,34.0,38.0,2023-12-27T21:57:32.000Z,2024-04-14T23:58:38.000Z,loitering,1
6c3c663e8-84fa-1b4e-fa79-17bf83bcdaa4,412326961,SUQIYU03269-61-79%,32.2231,123.2978,115.883852,115.883852,142.0,142.0,2023-12-27T21:59:29.000Z,2024-01-01T12:39:23.000Z,loitering,1
2802c049b-bcd4-dc8b-0634-cf3f60440b1c,32690001,SUQIYU03269-01-98%,32.2076,123.296,115.045953,115.045953,142.0,142.0,2023-12-27T22:00:03.000Z,2024-01-01T12:54:52.000Z,loitering,1
e2fa3d209-9236-84cf-0f46-de8b28024470,150200030,LIAODAHUA15020-3099%,37.3077,123.7347,61.188652000000005,103.611242,60.0,98.0,2023-12-27T22:01:26.000Z,2024-01-02T16:39:01.000Z,loitering,1
36118c1cd-d440-2c33-6f1f-27f805a56d5e,898521139,11299-  78%,20.9447,108.7241,15.705294,20.611905999999998,27.0,50.0,2023-12-27T22:20:43.000Z,2024-01-01T06:27:47.000Z,loitering,1
31921fc7f-fe06-d0f2-8bcc-bc4279146644,898924174,EDC-4  64%,-19.7297,-125.3482,741.220062,794.701062,531.0,567.0,2023-12-27T22:25:03.000Z,2024-01-01T00:11:26.000Z,loitering,1
0e5cd94e4-468c-e2e9-92b9-16f00f8c6402,661880045,66188-45--81%,27.5913,122.9386,128.367172,132.477438,129.0,142.0,2023-12-27T22:25:21.000Z,2024-01-01T02:08:36.000Z,loitering,1
24cc0bc00-0db3-5337-3368-f57de193d282,210268803,02688-03-68%,33.8053,123.7563,129.182523,129.424023,125.0,126.0,2023-12-27T22:29:29.000Z,2024-01-02T01:13:13.000Z,loitering,1
fcb5c56aa-aab5-5758-4963-b5a23483e7fa,10148004,YUWANGBIAO10148-74%,20.9893,108.6878,20.601105,19.643863,35.0,48.0,2023-12-27T22:29:38.000Z,2024-01-01T06:20:27.000Z,loitering,1
89a7d5d0d-de81-b4dc-9422-4b962c4e3c69,100396333,YUEXIYU96333-A-65%,22.9229,117.274,36.708578,35.582379,55.0,54.0,2023-12-27T22:37:32.000Z,2024-01-01T23:56:32.000Z,loitering,1
38f75db98-8860-26b6-a848-9bffe3dc9126,42233101,,22.9185,117.2893,36.708578,36.822418,55.0,56.0,2023-12-27T22:37:41.000Z,2024-01-02T22:55:52.000Z,loitering,1
32512c6e3-3737-42f5-8044-c8b0dace054d,100305238,YUEXIYU96333-B-45%,22.9231,117.276,36.708578,35.597078,55.0,55.0,2023-12-27T22:37:58.000Z,2024-01-01T23:59:01.000Z,loitering,1
4969fe3b4-4b57-43b6-7be1-8b97090f0bd2,538005462,SILVER GINNY,25.116,-94.405,125.947859,120.300312,296.0,278.0,2023-12-27T22:42:17.000Z,2024-01-01T00:54:29.000Z,loitering,1
4de8f5eba-a135-1b49-da4a-6fe5ea6de6fb,994080579,994080579         8V,-14.3892,105.8561,437.299469,444.31018800000004,420.0,427.0,2023-12-27T22:42:22.000Z,2024-01-18T09:05:42.000Z,loitering,1
036496595-58e3-5e69-29a4-85a121826665,525201303,,-7.8664,89.2153,962.4995620000001,960.99075,921.0,919.0,2023-12-27T22:43:38.000Z,2024-01-03T06:41:15.000Z,loitering,1
ab1ae096c-cc71-acce-b3f2-23385cf81f09,990009619,619-9-59%,-19.5764,168.6733,67.969117,64.571859,61.0,61.0,2023-12-27T22:44:09.000Z,2024-01-01T05:34:38.000Z,loitering,1
1dd69540e-edfd-9620-f603-3d3a1ec486a0,900420863,42086-3-99%,31.0272,124.9434,175.220781,173.975828,205.0,201.0,2023-12-27T22:48:16.000Z,2024-01-01T11:55:45.000Z,loitering,1
ced9624c7-73e0-040d-abb6-a1d1aaa6bda4,210268811,02688-11-84%,33.8167,123.7542,129.854477,129.854477,126.0,126.0,2023-12-27T22:48:19.000Z,2024-01-02T01:50:06.000Z,loitering,1
e989ad52a-a595-5d85-a71d-42f71e37cff2,574128336,THU BON 08006,7.4914,109.6145,413.886031,414.630344,339.0,340.0,2023-12-27T22:49:37.000Z,2024-01-07T10:13:02.000Z,loitering,1
58a27fd57-79da-02d0-35c7-4a5da38c2850,574757272,P5-LUOI_72-A25-98%,20.7637,108.1846,59.463004,48.811535000000006,44.0,45.0,2023-12-27T22:49:43.000Z,2024-01-01T06:44:08.000Z,loitering,1
961a1441b-bec5-6ae6-de38-46fd77957cba,201533333,201533333-33 80%,20.5169,119.8522,191.443812,229.716578,171.0,171.0,2023-12-27T22:52:00.000Z,2024-01-02T14:24:04.000Z,loitering,1
a3f084567-70d3-6336-f79c-c2d6f8fa013f,490273003,ZHEJIAOYU73003-9_8.0,22.9194,117.2875,36.751312,36.822418,55.0,56.0,2023-12-27T22:52:03.000Z,2024-01-01T22:57:52.000Z,loitering,1
7b7d6f2f4-45f4-512c-3e3d-3439bd223b21,574047378,DAU CO 99 A34-95%,7.7686,103.7943,243.848422,264.017562,142.0,127.0,2023-12-27T22:53:23.000Z,2024-01-01T23:44:27.000Z,loitering,1
ad2a1892a-a6e4-69ae-945a-7cf79e263ce7,661880032,66188-32-56%,27.5893,122.9251,129.661008,130.34807,130.0,139.0,2023-12-27T22:54:32.000Z,2024-01-01T02:14:34.000Z,loitering,1
90c8d4d74-4dd1-0592-0e51-5df382de6d7a,96082188,21828-9999-76%,27.744,122.8958,124.354617,113.332758,125.0,122.0,2023-12-27T22:56:33.000Z,2024-01-02T07:49:26.000Z,loitering,1
bc01d01f8-8d35-1a98-c788-ccd5cf3b4e52,574040177,P2-LUOI_72-A25-96%,20.7863,108.1316,61.478047,51.613824,39.0,39.0,2023-12-27T22:56:53.000Z,2024-01-01T07:35:40.000Z,loitering,1
b1181da43-3233-557c-4c36-99a0819006c1,470329000,ADNOC 712,24.901,53.7235,0.0,0.0,60.0,60.0,2023-12-27T22:57:40.000Z,2024-01-05T11:59:50.000Z,loitering,1
3039a43c4-4506-532d-0fb9-349a211533a1,32172016,32172--16-91%,27.8954,123.034,122.499547,124.85045299999999,123.0,125.0,2023-12-27T22:59:54.000Z,2024-01-01T01:40:26.000Z,loitering,1
6ff15f69f-ff57-26fe-ebad-0c9dc96fc7fb,209900669,SUQIYU19006-69_7.3V,28.1354,124.8764,261.62778099999997,277.21290600000003,267.0,230.0,2023-12-27T23:06:00.000Z,2024-01-02T00:12:58.000Z,loitering,1
2f1c93739-906f-a92d-0864-6929cb519002,10148002,YUWANGBIAO10148-57%,20.8848,108.7921,20.601105,2.3579499999999998,35.0,39.0,2023-12-27T23:06:09.000Z,2024-01-01T16:48:43.000Z,loitering,1
9f50c916f-f53b-59dc-94ad-4fa1a62cc61c,98518432,ISLAND SEA BIRD2(10),-9.7052,51.924,421.43046899999996,388.666375,109.0,77.0,2023-12-27T23:11:05.000Z,2024-01-03T01:36:11.000Z,loitering,1
637777a69-9628-a8a4-d4a3-588cac8f3fb4,168806044,G78060  100%,8.6784,-26.4439,707.803562,742.78875,688.0,721.0,2023-12-27T23:12:55.000Z,2024-01-01T13:44:31.000Z,loitering,1
254b1e073-3609-6d37-b826-c5f86a19f1ef,99002863,WANGBIAO-2863  100%,-19.3762,170.939,145.39857800000001,158.551453,72.0,85.0,2023-12-27T23:18:09.000Z,2024-01-01T06:18:26.000Z,loitering,1
83c56b803-39e6-bdc6-87b2-8e5e83b9f4a3,12797383,SUQIYU01279-83_7.7V,27.6837,124.9537,272.87625,219.77025,279.0,155.0,2023-12-27T23:19:00.000Z,2024-01-04T18:37:04.000Z,loitering,1
9cc769e38-8d4b-915e-0f55-24154bc903f5,60409815,04098-15_7.9V,31.4723,124.0273,102.969094,130.339797,127.0,154.0,2023-12-27T23:22:25.000Z,2024-01-07T20:54:58.000Z,loitering,1
32cc65462-29d4-cd53-19e1-b5256a8c39d1,110010172,1017299%,20.8745,108.6837,28.157602,13.383766,65.0,22.0,2023-12-27T23:32:36.000Z,2024-01-01T18:34:39.000Z,loitering,1
5129ed6f0-0477-0b0a-4746-908e83b323da,101954444,10195-0454%,20.9646,108.6702,22.549243999999998,22.777303,35.0,53.0,2023-12-27T23:33:33.000Z,2024-01-01T07:02:28.000Z,loitering,1
10560b90c-c4cb-6496-6a4d-b6032e43c5cd,473221394,LXKJ21394-7_8.1V,31.3239,122.7892,12.282772999999999,11.610447,53.0,52.0,2023-12-27T23:44:20.000Z,2024-01-11T11:20:35.000Z,loitering,1
990c33b02-2ff8-fba3-9f4f-06932bcd58bc,23880055,SUQIYU02388-55_8.1V,33.4513,122.9505,158.431234,158.431234,189.0,189.0,2023-12-27T23:45:50.000Z,2024-01-05T04:21:05.000Z,loitering,1
e25aea019-9957-1c9e-c08b-ca9341f86fc6,411006107,SURUYU01006-107-63%,31.441,123.7331,111.607484,70.005289,135.0,98.0,2023-12-27T23:47:19.000Z,2024-01-02T02:22:39.000Z,loitering,1
92cb57fb1-1584-8927-f45b-bf8c49b20181,692680003,NET69268---3-99%,28.0741,123.8103,167.66575,183.387656,169.0,185.0,2023-12-27T23:47:23.000Z,2024-01-02T07:25:43.000Z,loitering,1
d2482dcbf-f284-1cd9-4dca-3ae0a95bc0c2,100069268,NET69268---1--68%,28.0972,123.8074,165.762594,182.22529699999998,167.0,184.0,2023-12-27T23:48:33.000Z,2024-01-02T07:34:36.000Z,loitering,1
4c8d0a65c-c5bd-cda0-45bf-9704ec434486,403332111,42013-11-89%,27.2079,122.8632,125.701703,141.351625,158.0,160.0,2023-12-27T23:49:25.000Z,2024-01-01T05:25:10.000Z,loitering,1
4f5d7f47c-c3d0-fe02-d9d8-a761fbb0ccc0,455666226,42013-26-88%,27.1385,122.8566,129.496906,142.29742199999998,152.0,162.0,2023-12-27T23:50:28.000Z,2024-01-01T05:07:48.000Z,loitering,1
160d70cad-de51-2ef7-b1c2-e73dba6b7ee5,96195988,01959-8879%,26.8798,123.4205,206.844766,187.70842199999998,93.0,123.0,2023-12-27T23:50:38.000Z,2024-01-01T08:56:47.000Z,loitering,1
a52c32848-8af5-898a-4e30-edac5b89ff28,412089991,089-1-88%,36.3068,123.6801,101.191977,136.28471900000002,107.0,141.0,2023-12-27T23:52:06.000Z,2024-01-01T05:43:26.000Z,loitering,1
980746489-92dc-f580-03da-e75af82bcb1d,420131116,42013-16-90%,27.1661,122.86,127.826164,141.429688,154.0,162.0,2023-12-27T23:53:02.000Z,2024-01-01T05:17:47.000Z,loitering,1
0c229f4f6-6d52-36dd-635b-055e4bdbdcf4,412778784,LIAODAHU15020-4-85%,37.6164,123.3379,62.934613,62.934613,62.0,62.0,2023-12-27T23:53:02.000Z,2024-01-01T19:12:37.000Z,loitering,1
800dce114-4d36-1188-601b-c53ea65e87b3,408222555,42013-31-95%,27.1232,122.8579,130.068055,141.653594,151.0,161.0,2023-12-27T23:53:07.000Z,2024-01-01T05:19:32.000Z,loitering,1
316800e23-3aff-9caa-c5d5-5aa5e3da5823,100000206,,27.1799,122.8611,126.748875,142.11575,156.0,162.0,2023-12-27T23:53:12.000Z,2024-01-01T05:16:48.000Z,loitering,1
5f291934a-a31c-fad9-ada0-d5b83af627ae,44901606,ZHEDAIYU02386-A1 7V7,31.3243,124.0905,106.637898,119.659633,128.0,149.0,2023-12-27T23:54:16.000Z,2024-01-01T14:23:23.000Z,loitering,1
09b472e32-26f6-26ef-ec73-a423b45c0858,415412103,XINHONG185-3-99%,36.313,123.674,103.49608599999999,132.582547,109.0,137.0,2023-12-27T23:54:25.000Z,2024-01-01T08:47:03.000Z,loitering,1
b627e2120-0e95-4510-aaaf-4c8125dbf197,994025009,994025009         5V,-5.7239,-10.6231,490.37615600000004,479.010156,481.0,470.0,2023-12-27T23:55:56.000Z,2024-01-02T22:41:59.000Z,loitering,1
a0dd932c8-8295-5c19-7ec0-beeb6a85f950,692680021,NET69268---21--88%,27.9252,123.784,171.78895300000002,193.109938,173.0,195.0,2023-12-27T23:56:00.000Z,2024-01-01T02:47:22.000Z,loitering,1
25e9e600b-b8e5-57a3-d079-fa3600cfccfb,574712225,P7 LUOI A25 G72-94%,20.7427,108.2185,57.723093999999996,48.333117,51.0,48.0,2023-12-27T23:57:49.000Z,2024-01-01T05:48:18.000Z,loitering,1
6faa80872-257e-26c0-0332-28e10167d16a,412089992,089-2-96%,36.3131,123.6633,101.957977,132.582547,108.0,137.0,2023-12-27T23:58:07.000Z,2024-01-01T08:45:54.000Z,loitering,1
0617e5772-2f77-7c0a-9a07-035dd93a39f2,881288810,88111-8-99%,29.631,122.9887,42.997211,28.028225,69.0,49.0,2023-12-27T23:58:43.000Z,2024-01-01T11:42:27.000Z,loitering,1
54b53f4e1-1da6-c136-6dd2-5efd2bb6ab27,415106019,060-19-99%,36.3141,123.6869,105.817898,132.582547,112.0,137.0,2023-12-27T23:59:29.000Z,2024-01-01T08:56:26.000Z,loitering,1
7b9150bf5-5b80-4080-5f69-3930d780001f,538007871,ARMONIA A,40.2158,121.3516,4.528111,1.3989280000000002,40.0,43.0,2023-12-27T23:59:32.000Z,2024-01-10T17:58:13.000Z,loitering,1
eb240fde6-6544-a9e1-7f64-4fc1b1756ac1,134201331,42013-31-99%,27.3208,122.9199,119.569969,151.54754699999998,156.0,158.0,2023-12-28T00:04:25.000Z,2024-01-01T10:10:17.000Z,loitering,1
ae97ce552-2438-490d-ed29-2ee62f1a80bc,112970007,ZHEDAIYU11297-7-80%,31.3537,123.928,98.45728100000001,102.81218799999999,123.0,127.0,2023-12-28T00:06:36.000Z,2024-01-01T16:24:30.000Z,loitering,1
4433df377-799a-f618-1859-c6625817e434,525500900,KMN MAHKOTA BERLIAN,-6.2009,136.6907,140.262859,137.95275,142.0,142.0,2023-12-28T00:07:29.000Z,2024-01-05T12:45:17.000Z,loitering,1
b729b6371-14b5-639d-e59c-fe95398f50a4,994037510,994037510         9V,-9.9423,138.6289,229.201,262.21668800000003,161.0,178.0,2023-12-28T00:11:16.000Z,2024-01-01T19:30:21.000Z,loitering,1
4574c4268-8f69-e0ec-9a08-97c66bf84724,48680023,SUSHEYU04868-23_8.1V,34.7416,120.2578,27.963895,27.963895,41.0,41.0,2023-12-28T00:11:56.000Z,2024-01-04T17:24:47.000Z,loitering,1
7add5b16b-b50b-2bb4-e3f5-fe57215526c2,113200232,32002-32-73%,27.4554,122.7869,115.517297,121.104102,128.0,144.0,2023-12-28T00:22:49.000Z,2024-01-01T18:52:33.000Z,loitering,1
d1c07886a-a965-6661-4440-015e926c2a2a,994171374,994171374         9V,-9.0425,104.2816,218.565922,215.635531,209.0,207.0,2023-12-28T00:23:02.000Z,2024-01-07T22:13:42.000Z,loitering,1
2e4629554-4599-5441-75e9-16efeb9f5692,412427203,ZHEDAIYU02323,30.2704,125.7705,257.842953,254.084609,275.0,271.0,2023-12-28T00:25:16.000Z,2024-01-02T06:57:46.000Z,loitering,1
ff58ff98c-c841-8b11-aa99-8354b5306dee,48680064,SUSHEYU04868-64_8.3V,34.7791,120.1693,22.631305,22.631305,41.0,41.0,2023-12-28T00:26:53.000Z,2024-01-01T20:53:13.000Z,loitering,1
df72c7628-88d6-7358-9920-1211e06d39cf,113289933,32899-33-95%,27.476,122.8081,118.824438,121.452797,133.0,138.0,2023-12-28T00:27:52.000Z,2024-01-01T00:57:52.000Z,loitering,1
f26db38e1-1dcb-3f06-c186-817015f74b19,412895607,TIELONG68956-07-59%,25.645,120.4852,41.114457,58.82468,40.0,75.0,2023-12-28T00:28:22.000Z,2024-01-05T21:38:54.000Z,loitering,1
0f339b8ec-cfa8-d22f-4ecf-93391a5d24d9,583210532,ZHEPUYU68583-32-74%,27.1186,123.3158,177.26482800000002,178.392656,129.0,144.0,2023-12-28T00:29:02.000Z,2024-01-01T07:55:59.000Z,loitering,1
f21f5f90c-ce59-6d27-5b11-cd8292832e71,153200228,32002-28-42%,27.4722,122.7654,112.936648,118.523297,129.0,137.0,2023-12-28T00:29:16.000Z,2024-01-01T00:44:49.000Z,loitering,1
49b76d579-9a16-1f05-e8a8-777b59b7ae84,133289934,32899-34-95%,27.4689,122.808,118.939,121.452797,134.0,138.0,2023-12-28T00:30:09.000Z,2024-01-01T00:59:56.000Z,loitering,1
6727c2751-1120-43b2-6a74-8f4e61dcbcea,412353742,SU QI YU 048 3,33.6676,123.0575,181.307938,181.307938,192.0,192.0,2023-12-28T00:30:26.000Z,2024-01-01T01:42:25.000Z,loitering,1
adb2d6a08-85f8-78fe-73a8-792fceb4bcd6,203200235,32002-35-99%,27.4516,122.7766,113.917758,120.427961,130.0,141.0,2023-12-28T00:31:13.000Z,2024-01-02T05:45:06.000Z,loitering,1
4431445c2-2494-232e-0c00-a8657ea0921b,98511615,SEA FRIENCES  - 4,-10.0441,52.0068,392.717938,380.030531,100.0,82.0,2023-12-28T00:35:05.000Z,2024-01-03T20:16:26.000Z,loitering,1
ad6f72354-4123-992e-ad05-44df2596e9bd,583220437,ZHEPUYU68583-37-92%,27.0883,123.3306,181.897766,178.323906,128.0,138.0,2023-12-28T00:40:04.000Z,2024-01-01T02:57:23.000Z,loitering,1
ba2b54c8f-fae4-160b-82cb-e19969937b84,583221139,ZHEPUYU68583-39-99%,27.1025,123.3327,181.13404699999998,178.323906,130.0,138.0,2023-12-28T00:40:31.000Z,2024-01-01T02:58:03.000Z,loitering,1
6f97f8aeb-bbb8-4679-7688-4d98f54366d6,752260036,75226-36-86%,37.5664,123.5118,73.102047,76.739062,73.0,76.0,2023-12-28T00:43:35.000Z,2024-01-05T19:54:07.000Z,loitering,1
76e11d8b6-6b81-157f-ff78-0f6d1c0487ba,412158915,TIELONG61589-15-88%,26.7669,121.6533,91.810383,76.121125,99.0,86.0,2023-12-28T00:48:20.000Z,2024-01-17T22:06:29.000Z,loitering,1
28794a4fb-bb8f-ed24-890b-3ff5c255946b,412302381,SURUYU2381,33.6144,122.9253,169.353125,165.708859,201.0,197.0,2023-12-28T00:49:32.000Z,2024-01-02T19:14:08.000Z,loitering,1
d495a9351-1d28-66c7-acf6-bdfc6cc59a08,865132381,SURUYU02381,33.6234,122.9266,169.353125,167.09420300000002,201.0,198.0,2023-12-28T00:49:50.000Z,2024-01-02T17:41:16.000Z,loitering,1
b5097e8f4-4400-12ec-90be-300f48fd45a7,960437703,04377-03-78%,30.3837,123.8753,99.22355499999999,58.951727,110.0,72.0,2023-12-28T00:50:22.000Z,2024-01-03T03:28:26.000Z,loitering,1
0badc8edd-d884-acbb-9019-22da2f0d266c,125201239,ZHEYUYU11125-39-85%,27.1411,123.2992,178.99332800000002,172.947359,126.0,152.0,2023-12-28T00:51:11.000Z,2024-01-01T03:59:07.000Z,loitering,1
ca9211561-117f-c330-286d-b612130234b6,412893305,TIELONG68933-05-97%,22.3996,116.6104,50.709602,74.35356200000001,51.0,74.0,2023-12-28T00:52:39.000Z,2024-01-05T16:51:06.000Z,loitering,1
54b796ae2-28fc-38f3-d8a4-affd9890de6b,563150900,EAGLE COLOMBO,-34.898,-53.7746,43.758457,43.057,44.0,43.0,2023-12-28T00:54:21.000Z,2024-01-03T09:58:25.000Z,loitering,1
c3191247c-c1a4-c2cd-d083-986c730a545e,412071835,,27.1377,123.3128,180.837984,173.910531,126.0,151.0,2023-12-28T00:55:32.000Z,2024-01-01T03:55:07.000Z,loitering,1
dee301f3c-ceaf-4632-fa52-913dd952ac32,412353319,SUHAIMENYU01968,33.3915,123.1898,173.370312,174.976766,191.0,190.0,2023-12-28T00:55:33.000Z,2024-01-01T12:46:47.000Z,loitering,1
0e1cc98c8-83b6-d559-4bdd-d3a20fa00dcc,130397777,NET13039--77777--99%,27.1471,123.3134,174.99034400000002,178.392656,135.0,144.0,2023-12-28T00:55:38.000Z,2024-01-01T07:41:03.000Z,loitering,1
ed62f1021-18f5-6dfe-dbd2-43377d8b3ae8,994271459,994271459         9V,-7.6144,137.5066,58.255449,50.033344,55.0,45.0,2023-12-28T00:56:15.000Z,2024-01-02T19:43:35.000Z,loitering,1
21fb37838-819c-cb9c-f1d0-1c7522c98720,413275150,ZHONG TIAN QI HANG,31.2803,122.556,0.0,0.950316,47.0,47.0,2023-12-28T00:56:19.000Z,2024-01-06T15:58:07.000Z,loitering,1
6c963eef8-88a7-2517-5002-4f69fa1e2bde,11243222,YUWANGBIAO11243-86%,20.9761,108.6733,23.198963,21.463807,37.0,50.0,2023-12-28T00:57:23.000Z,2024-01-01T06:23:18.000Z,loitering,1
abbd3dcee-e6da-e1ec-a320-f0a6094ff566,519980105,LURONGYU51998-10599%,37.455,123.2896,53.030172,54.202914,54.0,53.0,2023-12-28T00:58:06.000Z,2024-01-17T22:38:29.000Z,loitering,1
810f0e7c2-2c2b-d96b-b683-c623a0064f6e,710032560,CBO IGUACU,-22.1057,-39.9211,0.0,1.03018,112.0,110.0,2023-12-28T00:58:13.000Z,2024-01-11T13:59:22.000Z,loitering,1
7430c09bc-c9f6-ee50-5307-ddaa80608eda,357489000,AOS POWER,26.4249,52.2485,9.647632,8.914697,83.0,84.0,2023-12-28T00:58:16.000Z,2024-01-02T16:08:16.000Z,loitering,1
bfdfc252e-eca3-8b95-0b68-b43b5f4edd2f,636022975,SLED,1.7681,104.6912,25.204859,24.382043000000003,50.0,50.0,2023-12-28T00:58:17.000Z,2024-01-05T14:59:27.000Z,loitering,1
b0300fd01-1cb4-a8aa-e6f8-691a5cd015b8,413706470,SHUN YI 1600,38.6667,118.0146,8.89538,6.2141,40.0,37.0,2023-12-28T00:58:42.000Z,2024-01-04T02:58:56.000Z,loitering,1
c2d469f78-83ac-bdeb-0957-69aae1d68d54,636017725,PEGASOS,-25.7599,-47.8751,29.385391,30.375844,47.0,48.0,2023-12-28T00:59:05.000Z,2024-01-02T11:58:58.000Z,loitering,1
372d5898e-e9c9-36d5-8b80-0e99bb19c64d,352002953,BLISSFUL SEA,1.8371,104.6973,30.243623,33.000129,54.0,55.0,2023-12-28T00:59:15.000Z,2024-01-02T03:57:55.000Z,loitering,1
f3086e30a-a961-b459-ef19-ae541ee93e41,59053545,INDIGO TUNA OCEA 54%,-10.1384,52.0219,389.227312,372.5605,99.0,85.0,2023-12-28T01:01:53.000Z,2024-01-03T19:20:48.000Z,loitering,1
5b1941365-5e57-da78-5da8-ec40712e71d3,123037869,BUOY_36%,-6.4812,137.1703,165.671734,165.48184400000002,138.0,118.0,2023-12-28T01:03:05.000Z,2024-01-01T04:34:46.000Z,loitering,1
0327b84a1-1d90-ea13-3768-8318535f19d3,4614002,ZHEDAIYU04614-02_8.2,29.7574,123.1358,43.423410000000004,47.442862999999996,49.0,60.0,2023-12-28T01:03:11.000Z,2024-01-02T10:54:56.000Z,loitering,1
a61dfd826-61da-54cc-b4c0-b2501af2c8f4,413811299,,20.9791,108.6221,19.724008,21.35523,42.0,56.0,2023-12-28T01:05:18.000Z,2024-01-01T05:05:08.000Z,loitering,1
0a8dbe549-9aa3-2fda-d17d-e4e9c87f5923,655010039,LUSHOUYU65501-39-33%,37.0817,123.4276,67.552703,68.389867,73.0,73.0,2023-12-28T01:09:20.000Z,2024-01-08T07:51:47.000Z,loitering,1
41fb91517-7faa-d807-83da-845d0923fbfd,999911299,11299--9-9,20.9662,108.6558,22.952693,22.030148,38.0,52.0,2023-12-28T01:09:55.000Z,2024-01-01T06:37:51.000Z,loitering,1
fe3483b4f-f1de-306a-e3d1-dd196a094718,168805655,BUOY-15  100%,-1.8225,-20.8025,938.436312,1018.664875,936.0,1017.0,2023-12-28T01:27:47.000Z,2024-01-01T12:32:06.000Z,loitering,1
616703218-84e8-e89d-78d5-3f81b534e78e,311210007,YOULONG-31121-07-27%,37.6047,123.1551,44.55507,51.272191,43.0,49.0,2023-12-28T01:32:43.000Z,2024-01-10T08:16:16.000Z,loitering,1
df1171fe1-10f8-b7c3-5570-8c302845bef1,583221138,ZHEPUYU68583-38-99%,27.0987,123.3311,181.13404699999998,178.323906,130.0,138.0,2023-12-28T01:38:33.000Z,2024-01-01T02:58:32.000Z,loitering,1
1bcd14051-16c9-96e9-037f-1a6bf6554fdd,306198807,TIELONG61988-B7-45%,25.5601,120.4873,39.143016,69.124625,38.0,70.0,2023-12-28T01:38:43.000Z,2024-01-03T01:59:55.000Z,loitering,1
c00fc07c0-07ac-7d64-faab-bab27192f8cd,98611243,YUWANGBIAO11243-6,20.9808,108.6554,19.979623,22.13259,40.0,51.0,2023-12-28T01:40:57.000Z,2024-01-01T06:26:57.000Z,loitering,1
6cc569010-0b17-7d42-0bc1-d6a17b2160d9,11125067,YUWANGBIAO11125-91%,20.906,108.6693,19.115998,7.364521,49.0,44.0,2023-12-28T01:42:43.000Z,2024-01-01T16:42:18.000Z,loitering,1
1acbf0af9-965d-9e26-dbba-78ae418bd440,268201,AN 36 BUOY 01-62%,-24.1419,58.256,423.99184399999996,419.638031,402.0,399.0,2023-12-28T01:43:21.000Z,2024-01-01T00:48:04.000Z,loitering,1
6aa5066cc-c5a0-783d-c4de-022c8d6e24ee,11125068,YUWANGBIAO11125-88%,20.8666,108.7162,22.327676,3.311433,45.0,43.0,2023-12-28T01:43:28.000Z,2024-01-01T17:33:08.000Z,loitering,1
d9f76330f-f5eb-6a4d-55c8-a4314e19c8cb,11125005,YUWANGBIAO11125-86%,20.8988,108.6823,21.138428,7.364521,47.0,44.0,2023-12-28T01:44:41.000Z,2024-01-01T16:43:16.000Z,loitering,1
804363689-9eff-a944-edcc-ee9614a62923,412549299,GUO HONG 5,-46.0204,-60.5097,423.966125,418.14396899999997,403.0,398.0,2023-12-28T01:46:23.000Z,2024-01-01T17:37:52.000Z,loitering,1
562a23994-4dd6-75a5-47db-284a159eaae6,98511610,SEA FRIENCES  - 3,-10.2124,52.0388,382.876438,370.324031,98.0,89.0,2023-12-28T01:47:08.000Z,2024-01-03T12:52:43.000Z,loitering,1
3723d785a-aedc-1185-36f7-bdcbd742997c,210859091,59091-8-62%,37.4761,123.1894,43.557421999999995,46.122012000000005,43.0,46.0,2023-12-28T01:52:11.000Z,2024-01-09T12:57:40.000Z,loitering,1
aea99489d-d6a1-96cf-0da9-dccdb2ba7fa5,98211243,YUWANGBIAO11243-2,20.9801,108.655,21.463701,23.395629,39.0,52.0,2023-12-28T01:53:45.000Z,2024-01-01T06:37:15.000Z,loitering,1
92e978740-0d65-9aba-5390-2f589836059b,11243060,YUWANGBIAO11243-0,20.9861,108.6383,19.126395,23.094412000000002,41.0,53.0,2023-12-28T01:55:18.000Z,2024-01-01T06:24:02.000Z,loitering,1
a5c8b0781-1296-ffbd-b78f-c3c79ac522f1,477144500,SABRINA,21.0515,87.8735,6.372306,6.372306,59.0,59.0,2023-12-28T01:56:46.000Z,2024-01-06T04:58:48.000Z,loitering,1
1248c3ff3-3660-8d64-b815-f9a28fe10f1e,168801271,BOUY-07  100%,7.3134,-29.5553,985.294938,1030.383188,960.0,1005.0,2023-12-28T01:56:53.000Z,2024-01-13T12:50:59.000Z,loitering,1
dff147bd7-7921-e98e-f01f-2e6167e4e2e6,101118041,11180-41-99%,27.3416,123.3567,171.925562,179.456578,167.0,151.0,2023-12-28T01:57:08.000Z,2024-01-01T03:38:21.000Z,loitering,1
540720337-77ce-fa23-3683-97a294c28368,412353288,SUQIYU03359,33.1037,123.1013,154.663797,151.783547,177.0,174.0,2023-12-28T01:59:02.000Z,2024-01-01T03:58:18.000Z,loitering,1
301ed3ddf-f0e4-8356-53be-c03d615c9f3b,412185829,TIELONG61858-29-63%,25.7121,121.1506,58.460648,60.858484,56.0,60.0,2023-12-28T01:59:25.000Z,2024-01-05T05:40:58.000Z,loitering,1
d8212d6eb-b12b-0d05-aa67-7e0d6e1ea64b,113003333,11300-3-76%,20.9668,108.6549,21.298482,21.30749,40.0,51.0,2023-12-28T01:59:39.000Z,2024-01-01T06:23:41.000Z,loitering,1
18b7892f9-9f3d-d7c8-a29c-c6967d1de4ff,477746400,GH GLORY,31.2422,122.6645,0.0,0.0,41.0,41.0,2023-12-28T01:59:59.000Z,2024-01-03T13:59:45.000Z,loitering,1
f47b13aa9-973a-baee-483b-d8850c851716,24090117,NET-ZSY02409-117-99%,27.2322,123.3508,176.08765599999998,178.79507800000002,150.0,146.0,2023-12-28T02:00:15.000Z,2024-01-01T03:57:21.000Z,loitering,1
1efa47722-21ac-1b3d-23b3-0633705cfc4a,953211304,MINDINGYU08668-4-79%,27.2377,123.3539,176.801641,178.79507800000002,151.0,146.0,2023-12-28T02:00:21.000Z,2024-01-01T03:57:03.000Z,loitering,1
5f0b0b650-05d8-ed5a-a45e-347dcf0f8d5e,11123002,YUWANGBIAO11123-,20.8935,108.6907,17.209576000000002,2.4548989999999997,48.0,43.0,2023-12-28T02:01:12.000Z,2024-01-01T17:41:21.000Z,loitering,1
85d0369da-aabb-730a-9cd3-35c38b746c5d,101118040,11180-40-99%,27.3349,123.3628,173.051484,180.422719,166.0,151.0,2023-12-28T02:03:52.000Z,2024-01-01T03:41:30.000Z,loitering,1
45ceb1938-82b4-ffe8-e9e0-aaf3bba3bdba,519980172,LURONGYU51998-17299%,37.0377,123.3433,65.028137,61.069852,69.0,64.0,2023-12-28T02:04:52.000Z,2024-01-03T10:34:09.000Z,loitering,1
4022db286-6710-802f-2da4-11091468073b,533130277,BAHTERA PERTIWI,7.1425,103.7117,193.60940599999998,195.175766,165.0,167.0,2023-12-28T02:07:19.000Z,2024-01-01T19:55:29.000Z,loitering,1
5a8ea6cb7-7259-ed55-8f45-6a3a367a7e09,101178608,,27.2055,123.2327,163.599094,171.050297,153.0,142.0,2023-12-28T02:17:21.000Z,2024-01-03T00:02:01.000Z,loitering,1
9e552849f-f3c1-fef4-38e0-850da1e6a27b,412999792,TIELONG69997-92-95%,22.2854,116.686,74.600156,78.510375,74.0,78.0,2023-12-28T02:17:25.000Z,2024-01-05T17:20:08.000Z,loitering,1
e85d1ee2a-ac5a-61e6-ffa1-9ff616e2f7b3,210933907,05339-7-78%,31.8369,124.0048,147.584625,122.257711,175.0,153.0,2023-12-28T02:18:50.000Z,2024-01-01T03:51:51.000Z,loitering,1
2c146905b-bdd1-511b-791f-963677324d49,328990108,32899-A8-93%,27.3694,122.8332,120.427961,128.587078,141.0,151.0,2023-12-28T02:19:30.000Z,2024-01-02T10:47:19.000Z,loitering,1
438c0449f-f635-f8c9-69f7-159083fd1f10,133289935,32899-35-94%,27.4276,122.8072,120.427961,121.299672,141.0,138.0,2023-12-28T02:22:51.000Z,2024-01-01T00:50:48.000Z,loitering,1
7b7cf4fda-ae4a-5b37-11d2-742af97843f0,574802214,DC LT DH 09 D40,8.8085,103.4256,207.312734,202.48926600000001,59.0,56.0,2023-12-28T02:23:54.000Z,2024-01-01T18:54:49.000Z,loitering,1
c82a41622-2e97-7191-8702-807fd00448e3,10670736,,27.1162,122.821,126.748875,137.895203,156.0,157.0,2023-12-28T02:26:48.000Z,2024-01-04T02:01:19.000Z,loitering,1
e80588b3a-a9c8-823c-af37-d13c9fd2fae1,574000005,DC LT DH 19 D40,8.754,103.4523,210.640859,211.537141,62.0,62.0,2023-12-28T02:26:51.000Z,2024-01-01T18:48:08.000Z,loitering,1
bafa6fa1b-b3ac-4a8c-e768-9e83a88d05b7,42712389,LXK12389-4_7.9V,29.7129,123.0325,30.440693,46.065188,44.0,63.0,2023-12-28T02:27:28.000Z,2024-01-01T21:48:41.000Z,loitering,1
7b67d8267-7b1f-ea0c-4b1b-687bacd5524d,10669697,,27.1411,122.8402,126.748875,139.460375,156.0,161.0,2023-12-28T02:27:48.000Z,2024-01-02T11:33:47.000Z,loitering,1
38dd1e91d-da7e-80bf-03f7-85c20ce3870b,33221394,XJK21394-3_8.1V,31.3723,122.7926,15.487129999999999,15.487129999999999,57.0,57.0,2023-12-28T02:28:24.000Z,2024-01-11T04:46:32.000Z,loitering,1
e91469910-0b85-97fd-83c3-f2c93378d15d,183289936,32899-36-69%,27.4243,122.8066,119.458766,121.452797,141.0,138.0,2023-12-28T02:28:41.000Z,2024-01-01T00:59:26.000Z,loitering,1
4e588b53c-cab9-776f-6195-dca426b8e1b2,100000210,46017-29-49%,27.1698,122.8162,127.28380499999999,132.83406200000002,155.0,157.0,2023-12-28T02:30:22.000Z,2024-01-03T16:04:46.000Z,loitering,1
637b1d63c-c67a-6ce8-0c40-d0b29f2e7690,208880035,SUGANYU02153-35-94%,31.8934,123.9366,146.716031,121.763734,174.0,156.0,2023-12-28T02:31:55.000Z,2024-01-01T06:45:50.000Z,loitering,1
ce0ee3ed1-181c-b02b-5cb9-591c43cc5014,412352459,SUQIYU03486,33.4339,122.9998,160.875656,161.816234,191.0,192.0,2023-12-28T02:35:06.000Z,2024-01-01T07:59:17.000Z,loitering,1
8e67acffe-ebfc-89b1-4987-99d0d215575d,104201305,42013-5-99%,27.1635,122.8451,125.34883599999999,140.3955,157.0,163.0,2023-12-28T02:36:31.000Z,2024-01-01T04:38:11.000Z,loitering,1
e79ce1b26-67f8-9437-3bf5-6a57bba5e750,100000189,ZHEXIANGYU42013-19,27.2573,122.8535,125.34883599999999,138.221297,157.0,151.0,2023-12-28T02:37:08.000Z,2024-01-01T00:55:05.000Z,loitering,1
3b7a20178-8399-9f1b-99da-152399a0aa12,574822791,DC LT DH 31 D40,8.7457,103.4451,210.503938,212.641922,61.0,64.0,2023-12-28T02:39:43.000Z,2024-01-01T19:43:59.000Z,loitering,1
b1ed82936-6e96-9624-12aa-491c655df134,11123111,YUWANGBIAO11123-87%,20.9519,108.6457,20.814957,20.220318,46.0,48.0,2023-12-28T02:41:52.000Z,2024-01-01T06:20:42.000Z,loitering,1
882e4cbb5-54c8-7f47-dbf3-b7dcbad8b133,412204980,ZHONGYOUHAI61,38.533,119.0521,4.235187,0.869616,38.0,42.0,2023-12-28T02:42:41.000Z,2024-02-25T08:59:18.000Z,loitering,1
9b7904857-7746-fcd2-529d-d79024e06ed9,412264088,64088-2-99%,24.0671,118.669,31.820701,40.155875,44.0,48.0,2023-12-28T02:42:51.000Z,2024-01-13T00:16:48.000Z,loitering,1
3ef9495de-e42b-0596-fb23-8b46bcd1b5ce,257820000,NORMAND CLIPPER,7.6106,103.5081,221.954266,221.954266,170.0,170.0,2023-12-28T02:49:23.000Z,2024-01-02T09:41:21.000Z,loitering,1
a5319ab57-776f-1121-516c-f5b9b16f962b,98511608,SEA FRIENCES  - 6,-10.2772,52.0578,377.510281,370.466906,99.0,94.0,2023-12-28T02:50:11.000Z,2024-01-02T17:38:49.000Z,loitering,1
d64ac42fb-b584-78af-5412-5d8704ebf8f4,412352659,SUQIYU03390,33.1235,123.0758,152.045062,152.439578,175.0,176.0,2023-12-28T02:52:51.000Z,2024-01-01T05:49:20.000Z,loitering,1
6777552fd-da0b-eaa4-1db1-e9936f345f81,355489000,MARINA S,44.9364,30.1778,35.306883,35.985223,43.0,44.0,2023-12-28T02:53:19.000Z,2024-01-09T03:44:12.000Z,loitering,1
0f7068ac0-0b29-f6e1-20e4-2a1ee7fc8e22,86080022,,33.7235,124.0625,104.11082,105.366227,101.0,102.0,2023-12-28T02:55:13.000Z,2024-01-02T15:47:28.000Z,loitering,1
24c26e796-692c-2b1e-a74f-4770d810f95b,10148006,YUWANGBIAO110148-,20.9823,108.6833,20.821945,21.138428,37.0,47.0,2023-12-28T02:57:37.000Z,2024-01-01T06:20:31.000Z,loitering,1
b76c14c29-9564-41cf-4978-1f046296bce3,412352678,SUQIYU03312,33.1512,123.0493,152.369922,148.967906,178.0,173.0,2023-12-28T02:57:58.000Z,2024-01-01T03:42:14.000Z,loitering,1
988c13760-0013-6ce7-d802-3f5a5d32caa0,273292160,LADY MARIIA,20.7998,38.6972,44.411504,82.43328100000001,45.0,77.0,2023-12-28T02:59:16.000Z,2024-01-01T01:56:58.000Z,loitering,1
421f78f7f-f6f2-258b-761c-7314ccfab15a,677015100,ALISA,25.7938,56.8905,26.624145000000002,26.624145000000002,39.0,39.0,2023-12-28T02:59:19.000Z,2024-01-26T00:00:54.000Z,loitering,1
ddb14f1e2-2534-39d3-ef8e-d8db23231d6f,710003160,SKANDI FLUMINENSE,-25.8082,-43.2687,1.496297,3.201729,284.0,289.0,2023-12-28T02:59:45.000Z,2024-01-01T16:59:20.000Z,loitering,1
587fb445f-f590-2acf-75b7-91ed42c5aeb0,413497210,SHUN TI,38.6663,118.0262,9.364807,7.5206859999999995,40.0,39.0,2023-12-28T02:59:46.000Z,2024-01-02T13:59:22.000Z,loitering,1
e82ab597b-b229-59ec-72ac-fc58e0127fea,128200801,ZHEYUYU11128-1-92%,27.0869,123.3773,181.90975,186.608328,132.0,131.0,2023-12-28T03:00:55.000Z,2024-01-01T23:07:16.000Z,loitering,1
83afd3652-2a30-7ac4-3455-567744621682,100102797,NET02797--1--53%,30.6476,123.5833,63.556301,33.979375,74.0,63.0,2023-12-28T03:01:23.000Z,2024-01-03T17:17:50.000Z,loitering,1
1670fd234-4001-59cf-5a7c-dfae1e39a7ee,123027806,46017-681%,27.1145,122.8243,128.68982,137.128969,154.0,159.0,2023-12-28T03:02:22.000Z,2024-01-02T05:39:51.000Z,loitering,1
351964462-285f-8e1d-0a4f-3c70ba962fa2,398107183,205-11  83%,-13.2297,150.1196,283.555406,370.210719,221.0,234.0,2023-12-28T03:05:25.000Z,2024-01-02T01:05:19.000Z,loitering,1
60f4400a0-0605-169c-8179-b8c697df0cb3,994170795,IMULA-0927CHW-NET-09,-8.0023,80.5529,931.2673120000001,869.9084379999999,923.0,862.0,2023-12-28T03:05:30.000Z,2024-01-03T15:04:51.000Z,loitering,1
95b384600-0f9e-4ceb-9097-1402b98360a3,577760016,LURONGYU57776-16 7V7,33.6095,123.9323,121.159141,120.776977,118.0,118.0,2023-12-28T03:11:56.000Z,2024-01-01T00:08:38.000Z,loitering,1
018434852-2637-bdc1-d475-f22d764ed1c5,123036071,11128-45-89%,27.0867,123.3749,182.62993799999998,186.265797,130.0,132.0,2023-12-28T03:12:36.000Z,2024-01-01T22:41:11.000Z,loitering,1
599290f7e-ecae-94c0-7ed1-3f9f4529a576,979323497,IMULA 0658CHW NET 9,-7.926,80.6946,939.89325,891.819938,932.0,884.0,2023-12-28T03:13:17.000Z,2024-01-03T11:56:12.000Z,loitering,1
edff8865b-bd7a-d43e-0088-655602b8a800,801588006,88006-15-99%,29.1232,122.8997,65.186211,66.513164,65.0,69.0,2023-12-28T03:14:05.000Z,2024-01-03T02:54:42.000Z,loitering,1
a25f85bcd-dae3-2935-02c6-3cbbec42c2b0,92070008,NET8-ZSY09207-54%,31.2013,122.899,8.309194,8.309194,43.0,43.0,2023-12-28T03:14:17.000Z,2024-01-09T10:55:37.000Z,loitering,1
251c0a94a-a02a-f825-c6ab-6a4e16fbd02e,994180155,994180155         9V,-14.5825,93.3359,498.730906,452.292688,487.0,440.0,2023-12-28T03:14:19.000Z,2024-01-03T10:51:31.000Z,loitering,1
27ecf7ad7-701f-a797-9b27-f6b8c6a5c070,121297006,ZLY21978-684%,31.3155,122.7984,11.839528,12.400145,51.0,52.0,2023-12-28T03:18:09.000Z,2024-01-03T08:42:17.000Z,loitering,1
188d7f90c-c3c4-c5b0-6be0-5b4afc200c87,231100352,LUYU58672-3-74%,32.0499,125.9607,134.70551600000002,132.003922,131.0,128.0,2023-12-28T03:20:52.000Z,2024-01-01T02:00:54.000Z,loitering,1
bf24972c1-15f7-61cd-37b2-618893430d8b,68570032,ZHEDAIYU06857-32_7.9,29.6921,122.9906,31.214162,39.28675,45.0,62.0,2023-12-28T03:22:55.000Z,2024-01-04T10:46:42.000Z,loitering,1
60e27f719-994d-f2b7-95bb-33e4198dedb8,994178993,IMULA0546KLT-B2 100%,-5.9122,76.6175,504.38790600000004,474.63475,490.0,464.0,2023-12-28T03:24:06.000Z,2024-01-01T04:40:12.000Z,loitering,1
c3709c570-0329-cbfc-0391-0b6263cc8f12,412231568,MINXIAYV01568,29.5991,123.4181,76.17643799999999,76.020117,84.0,87.0,2023-12-28T03:24:59.000Z,2024-01-01T16:37:32.000Z,loitering,1
fdd2751f9-95ab-2527-291b-74ba780c3548,661880007,66188-7-92%,27.574,122.9262,133.03015599999998,128.311766,135.0,136.0,2023-12-28T03:25:09.000Z,2024-01-01T02:58:09.000Z,loitering,1
bf3fabfba-a3c1-0136-577f-dfc4ab1c631f,800711125,11125-7-99%,27.2293,123.4045,183.45771900000003,182.355625,142.0,151.0,2023-12-28T03:28:04.000Z,2024-01-01T03:53:53.000Z,loitering,1
a055b184a-a467-4f22-b429-b42906c96fa8,800611125,11125-6-99%,27.2155,123.4214,183.744938,185.72593799999999,141.0,148.0,2023-12-28T03:31:52.000Z,2024-01-02T02:40:04.000Z,loitering,1
8eb5ab3ce-e29e-85ca-6276-f3bb1ec6aaf6,979321074,IMULA 0718CHW NET10,-7.3746,83.1577,1186.696625,1184.4685,1179.0,1177.0,2023-12-28T03:38:20.000Z,2024-01-05T04:02:26.000Z,loitering,1
b7bc29042-2e01-0675-1571-c124bb228b19,412446386,MINFUDINGYU08598,31.9914,125.7993,143.911391,140.21728099999999,140.0,136.0,2023-12-28T03:44:23.000Z,2024-01-01T14:53:08.000Z,loitering,1
98e208873-38fa-1e27-0e96-b16825b0d74c,994080766,994080766         9V,-14.0849,105.5805,403.848094,409.24925,387.0,392.0,2023-12-28T03:46:27.000Z,2024-01-19T15:06:04.000Z,loitering,1
e43b9a874-4be8-af7a-030d-603902812573,550465329,ZHEDAIYU04653-29-97%,31.7246,124.2665,161.690141,142.855953,196.0,173.0,2023-12-28T03:46:46.000Z,2024-01-03T22:00:15.000Z,loitering,1
74a42b0f2-2435-c99b-d117-5ee4850a94b3,101702816,11125-A95%,27.1917,123.4165,184.038422,185.516141,140.0,145.0,2023-12-28T03:47:24.000Z,2024-01-01T07:44:17.000Z,loitering,1
9b4fff9ca-ad43-b1fb-db6c-004af4861800,412304589,SUGANYU04589,34.5584,123.0641,197.04926600000002,192.646,195.0,190.0,2023-12-28T03:49:55.000Z,2024-01-01T16:31:00.000Z,loitering,1
954f85139-9e9a-abc4-e06d-325a145d03cd,412203239,LIAODACHANGYU15443,36.8937,124.1747,142.626391,96.331789,102.0,92.0,2023-12-28T03:52:17.000Z,2024-01-01T00:53:52.000Z,loitering,1
886bbf476-6e13-b8cc-9a11-4c2f3eb3b7bc,525024329,ASL PELANGI,-5.0361,106.2204,18.891904,21.562859,37.0,38.0,2023-12-28T03:54:36.000Z,2024-01-01T00:43:49.000Z,loitering,1
